elapsed_seconds,window_seconds,matmuls,tflops
0.13536190000013448,0.13352230000236887,20,164.6933325379346
0.2656385999980557,0.13015159999849857,20,168.95860331931132
0.3963958999993338,0.13063550000151736,20,168.33274688170198
0.5276029999986349,0.13115370000014082,20,167.66764914368707
0.6585085000006075,0.1308407000033185,20,168.06874737724777
0.7891209999979765,0.13054669999837643,20,168.4472495727084
0.9246746999997413,0.13550400000167429,20,162.28474845944243
1.0609038000002329,0.13618160000260104,20,161.47726679008025
1.1967705999995815,0.13581060000069556,20,161.9183815947163
1.3335788999975193,0.13569250000000466,20,162.05930729789225
1.4675446999972337,0.13393229999928735,20,164.18916538905856
1.5993129999988014,0.13173269999970216,20,166.93070555427556
1.7306458999992174,0.13125570000192965,20,167.53735308406957
1.864278099998046,0.13358399999924586,20,164.61726371155336
1.9990045999984432,0.1346912999979395,20,163.26394173830386
2.13486699999703,0.13582929999756743,20,161.89608984154248
2.270884899997327,0.13597589999699267,20,161.72154445020294
2.4055792999970436,0.13462669999717036,20,163.34228318737811
2.5382006999971054,0.13258629999836558,20,165.85599383790844
2.6702447999996366,0.13200960000176565,20,166.58055592340162
2.805940999998711,0.13565200000084587,20,162.10769141172176
2.9425265999998373,0.1365460000015446,20,161.04633277628966
3.0780164999996487,0.13544760000149836,20,162.35232337285223
3.21586109999771,0.13780449999831035,20,159.5755766741262
3.350994799999171,0.13505269999950542,20,162.8270486676722
3.4865419999987353,0.13549730000158888,20,162.29277303136033
3.622885099997802,0.13626499999736552,20,161.37843581216856
3.7602339000004577,0.1372594000022218,20,160.20930118566775
3.896607899998344,0.1362860000008368,20,161.35356937165213
4.033746199998859,0.13706639999873005,20,160.43488816897317
4.170070099997247,0.1362407999986317,20,161.40710092527976
4.305143899997347,0.13498519999848213,20,162.9084711195544
4.439835400000447,0.13457430000198656,20,163.40588474318935
4.5732404999980645,0.1333061999976053,20,164.96031359317894
4.705958299997292,0.13264069999786443,20,165.78797123261603
4.838764500000252,0.13273090000075172,20,165.67530661959995
4.973517599999468,0.13470959999904153,20,163.24176269305576
5.108341799998016,0.13477190000048722,20,163.16630214043505
5.243293999999878,0.13486620000185212,20,163.05221438149815
5.378277199997683,0.13488850000067032,20,163.02525830897906
5.512030899997626,0.13367509999807226,20,164.5050765313594
5.645429599997442,0.1333199999971839,20,164.9432384937331
5.77838200000042,0.132869800003391,20,165.50211225544695
5.912412499998027,0.13397299999996903,20,164.13928594213075
6.057518999998138,0.14506079999773647,20,151.59321164548336
6.202089399997931,0.14447979999749805,20,152.20281697441996
6.337338799999998,0.13516010000239476,20,162.69766414149132
6.4713350999991235,0.13391340000089258,20,164.2123383871474
6.60455279999951,0.1331787000017357,20,165.11824004314056
6.737811899998633,0.1331845999993675,20,165.11092540447194
6.871837700000469,0.13396770000326796,20,164.14577957958207
7.006583599999431,0.13470299999971758,20,163.24976099690508
7.141174799999135,0.1345510999999533,20,163.43406003761865
7.27551069999754,0.13429679999899236,20,163.74353339532288
7.417644999997719,0.14204930000050808,20,154.8070462539509
7.560190099997271,0.142473500000051,20,154.34612440567633
7.695658099997672,0.13537879999785218,20,162.43483142019932
7.829799600000115,0.13407440000082715,20,164.01514797294885
7.964599399998406,0.13474439999845345,20,163.19960277215526
8.099368199997116,0.13472339999862015,20,163.22504149795228
8.234151399999973,0.13473870000234456,20,163.20650678043762
8.368314199997258,0.13408720000006724,20,163.99949104395478
8.5018061999981,0.13343729999905918,20,164.79824273778806
8.635068499999761,0.13320550000207732,20,165.08501942620288
8.768880100000388,0.13375710000036634,20,164.40422643328668
8.903422499999579,0.13450070000180858,20,163.49530192202943
9.043294600000081,0.13978750000023865,20,157.3118666224266
9.187954199998785,0.14451769999868702,20,152.16290153884117
9.326670899998135,0.13861999999789987,20,158.63679523772296
9.46101329999874,0.13424600000143982,20,163.80549554760776
9.594654399999854,0.13354199999957928,20,164.6690371238208
9.728642799997033,0.13388949999716715,20,164.24165118239497
9.863511499999731,0.13477609999972628,20,163.16121742330176
9.999271499997121,0.1356746999990719,20,162.08056885823538
10.133962699997937,0.13462629999776254,20,163.34276850723424
10.268019099999947,0.1339475000022503,20,164.170533643036
10.401951199997711,0.13384749999750056,20,164.29318856109109
10.535684299997229,0.1336548999970546,20,164.5299390894356
10.669803699998738,0.13404340000124648,20,164.05307949004214
10.804216499996983,0.13432279999688035,20,163.71183861586212
10.939033099999506,0.13476520000040182,20,163.1744141325389
11.074255999999878,0.1351396999998542,20,162.72222415429164
11.208532199998444,0.13418900000033318,20,163.8750758666165
11.342537699998502,0.13392129999920144,20,164.20265152482187
11.476335399998788,0.1337018000012904,20,164.47222517054945
11.610247999997227,0.13383969999995315,20,164.30276334695682
11.744863399999304,0.13452560000223457,20,163.46503977796587
11.879863999998634,0.1349000000009255,20,163.01136067731008
12.014849899998808,0.13488850000067032,20,163.02525830897906
12.149115099997289,0.13417379999737022,20,163.89364060607215
12.283541299999342,0.13433900000018184,20,163.69209652811347
12.417734700000437,0.13410020000083023,20,163.98359253292583
12.552487099997961,0.13466179999886663,20,163.29970753179506
12.686758699997881,0.13416769999821554,20,163.9010921094457
12.821569799998542,0.1347243999989587,20,163.22382994980842
12.956537599999137,0.13487399999939953,20,163.04278478889853
13.091231999998854,0.13461169999936828,20,163.36048468018157
13.225520899999538,0.13420699999915087,20,163.8530967509827
13.359409199998481,0.13378300000113086,20,164.37239825190133
13.493702699997812,0.13420149999728892,20,163.8598119690483
13.628560599998309,0.1347827999998117,20,163.15310674322484
13.763493599999492,0.13484600000083447,20,163.0766396881177
13.89917019999848,0.13558719999855384,20,162.1851661200655
14.034871500000008,0.13560960000177147,20,162.1583763629768
14.17049009999755,0.1355511999972805,20,162.22823963167556
14.305371899998136,0.13480379999964498,20,163.12769043289515
14.440022499999031,0.13457049999851733,20,163.41049900061515
14.5748937999997,0.1348044000005757,20,163.12696436782545
14.709624499999336,0.13463559999945574,20,163.33148554772214
14.84434969999711,0.13463239999691723,20,163.3353676828425
14.979269299998123,0.1348428999990574,20,163.080388775929
15.114177799998288,0.13483269999778713,20,163.0927256954797
15.248893099997076,0.13462999999683234,20,163.3382794030855
15.3834543999983,0.13446689999909722,20,163.53639859078802
15.518489799997042,0.1349408999994921,20,162.9619526444745
15.653444899999158,0.13486360000024433,20,163.05535782435112
15.788398699998652,0.13486049999846728,20,163.05910593368648
15.923875999997108,0.13538279999920633,20,162.43003214329232
16.059557299999142,0.13560100000177044,20,162.16866066793676
16.195138199997018,0.1355234999973618,20,162.26139788264086
16.33003479999752,0.13484699999753502,20,163.07543034640724
16.46498319999955,0.13485860000218963,20,163.06140324134282
16.600248499998997,0.13519860000087647,20,162.6513333376044
16.73526420000053,0.13492190000033588,20,162.98490130560907
16.870225200000277,0.1348673000029521,20,163.05088449934607
17.005477599999722,0.1351663000023109,20,162.6902012938435
17.141174299998966,0.13561010000194074,20,162.15777847819075
17.27665839999827,0.13539830000081565,20,162.41143762800218
17.411747099999047,0.1349794000016118,20,162.9154712145514
17.547108200000366,0.13527370000156225,20,162.561034075848
17.682561099998566,0.13537709999945946,20,162.4368711961462
17.817549499999586,0.13489599999957136,20,163.0161943689203
17.952942500000063,0.1353110000018205,20,162.5162222969614
18.088525199997093,0.13550179999947431,20,162.2873833086004
18.223979899998085,0.13532499999928405,20,162.49940924172432
18.3595542999974,0.1355242999998154,20,162.26044005060314
18.494563799999014,0.13491870000143535,20,162.98876697808421
18.62948939999842,0.13484059999973397,20,163.08317046619035
18.76442759999918,0.13484819999939646,20,163.07397915299146
18.899999799999932,0.13548380000065663,20,162.30894435654614
19.035436899997876,0.1353622999995423,20,162.45463142687703
19.171036799998546,0.1355135000012524,20,162.27337169593267
19.306754999997793,0.13563149999754387,20,162.13219315511674
19.44226179999896,0.1354079000011552,20,162.39992316055705
19.57784669999819,0.13549979999879724,20,162.2897786986785
19.712844899997435,0.1349153999981354,20,162.9927536502424
19.848375199999282,0.1354380000011588,20,162.36383109121408
19.983847100000276,0.13538900000276044,20,162.4225938227747
20.11956029999783,0.1356238000007579,20,162.14139815723428
20.25519059999715,0.13556579999931273,20,162.21076817037545
20.390527600000496,0.13526740000088466,20,162.56860526169783
20.52603669999735,0.135413799998787,20,162.39284737387905
20.661496499997156,0.13538119999793707,20,162.431951820896
20.796872999999323,0.13528779999978724,20,162.54409159994162
20.93201659999977,0.13505290000102832,20,162.82680753506634
21.067717800000537,0.13562600000295788,20,162.13876804624786
21.20341859999826,0.13561549999940326,20,162.1513216086418
21.33906500000012,0.1355829000021913,20,162.19030980429383
21.474563199997647,0.13539789999776985,20,162.41191743654963
21.610216699999,0.1355860000003304,20,162.18660153309648
21.745937499999854,0.13563200000135112,20,162.13159545904315
21.88142919999882,0.13539890000174637,20,162.4107179248603
22.01711499999874,0.1356140999996569,20,162.15299556296605
22.152603200000158,0.13540740000098594,20,162.40052283228155
22.288570699998672,0.1358948999986751,20,161.81793839014117
22.42436099999759,0.1357276999988244,20,162.0172783868766
22.559235499997158,0.13477439999769558,20,163.16327548774836
22.69419519999792,0.13487229999736883,20,163.04483986666648
22.829061399999773,0.13477790000251844,20,163.15903835205248
22.964000199997827,0.13484989999778918,20,163.0719233449971
23.099300800000492,0.1352247000031639,20,162.6199396634305
23.23529249999774,0.13589999999749125,20,161.81186575368613
23.371497199997975,0.13611540000056266,20,161.55580158769027
23.50665630000003,0.13505670000085956,20,162.8222261863354
23.642571500000486,0.13582370000222,20,161.90276479848936
23.77722889999859,0.13456009999936214,20,163.42312881473958
23.912179099999776,0.134861099999398,20,163.05838047901256
24.05137470000045,0.13911520000328892,20,158.07210538460293
24.189907699998002,0.1384485999988101,20,158.8331883147175
24.327066499998182,0.1370686999980535,20,160.43219608730718
24.46252739999909,0.1353701000007277,20,162.44527081978805
24.598145299998578,0.135542500000156,20,162.2386524927214
24.733064000000013,0.1348424999996496,20,163.08087254075787
24.868590199999744,0.1354401999997208,20,162.36119376348628
25.003643799998827,0.13496780000059516,20,162.9294732182271
25.14026290000038,0.13654460000179824,20,161.04798399373098
25.27609979999761,0.13575329999730457,20,161.98672559677462
25.41117200000008,0.13498430000254302,20,162.90955729744655
25.54611169999771,0.13484989999778918,20,163.0719233449971
25.68132119999791,0.13513009999951464,20,162.73378437223818
25.816292899999098,0.13488069999948493,20,163.0346858787356
25.951825899999676,0.13544489999912912,20,162.3555597564869
26.08806259999983,0.13616900000124588,20,161.49220861810545
26.225159699999494,0.13704340000185766,20,160.46181395982526
26.361312999997608,0.13608579999709036,20,161.590941567674
26.49707529999796,0.13568409999788855,20,162.06934015011487
26.631717199998093,0.1345733999987715,20,163.40697757298804
26.767288299997745,0.1354957999974431,20,162.29456969097913
26.902227200000198,0.13484530000278028,20,163.07748623842727
27.038034699999116,0.13573550000000978,20,162.00796811090993
27.174435999997513,0.13632379999762634,20,161.30882909589442
27.310587599997234,0.13607009999759612,20,161.60958620526102
27.44624130000011,0.1355639000030351,20,162.2130416359198
27.581351499997254,0.1350228999981482,20,162.86298513675524
27.71612449999884,0.13471619999836548,20,163.2337651729102
27.851173899998685,0.13496719999966444,20,162.9301975263225
27.985927899997478,0.13466589999734424,20,163.294735756815
28.12178700000004,0.1357984000023862,20,161.93292818717742
28.257669200000237,0.1358012000018789,20,161.92958939402413
28.394033900000068,0.13629820000278414,20,161.33912667277198
28.52954999999929,0.13542669999878854,20,162.37737872750878
28.665112099999533,0.13549160000184202,20,162.29960053037266
28.80070739999792,0.13551010000082897,20,162.27744319711576
28.936865299998317,0.136073599998781,20,161.6054293831941
29.073207599998568,0.13627039999846602,20,161.37204085236075
29.208939199997985,0.13567060000059428,20,162.08546697238515
29.34449649999806,0.1355191000002378,20,162.26666614138827
29.480609599999298,0.13604250000207685,20,161.6423731935556
29.615421700000297,0.13477100000091013,20,163.16739176359525
29.75015859999985,0.13470370000140974,20,163.2489126526581
29.884896600000502,0.1347027000010712,20,163.25012457319062
30.021620799998345,0.13668789999792352,20,160.87914552681005
30.157938299998932,0.13627800000176649,20,161.36304139505245
30.294253000000026,0.13628439999956754,20,161.35546368909266
30.430395299998054,0.13609229999929084,20,161.58322370651823
30.566655799997534,0.1361542999984522,20,161.50964424751905
30.7022821999999,0.13555320000159554,20,162.22584605351375
30.837882499999978,0.1355531000008341,20,162.22596573139745
30.974102199998015,0.13617119999980787,20,161.48959953023126
31.110191699997813,0.1360495999979321,20,161.63393759227696
31.245709899998474,0.13548449999871082,20,162.30810576655813
31.38135870000042,0.1356171000006725,20,162.14940855844102
31.51704189999873,0.13559049999821582,20,162.1812188597974
31.652744200000598,0.13566610000270884,20,162.0908432915881
31.78753019999931,0.13474760000099195,20,163.19572708796383
31.92267079999874,0.13509390000035637,20,162.7773908034485
32.05832100000043,0.13561509999999544,20,162.15179987715777
32.19429769999988,0.13594999999986612,20,161.75235421509126
32.32999759999802,0.13567029999830993,20,162.0858253854671
32.4657750999977,0.13573729999916395,20,162.005819738977
32.60146099999838,0.13561639999898034,20,162.15024551370882
32.737359099999594,0.13586539999960223,20,161.85307337691847
32.87235839999994,0.13495110000076238,20,162.94963550053146
33.008506999998644,0.13610649999827729,20,161.56636571947948
33.14481119999982,0.1362747000021045,20,161.3669489287476
33.281673299999966,0.13683380000293255,20,160.70760700242715
33.41779709999901,0.13608839999869815,20,161.5878543338768
33.55416929999774,0.13629909999872325,20,161.33806133515182
33.69028729999991,0.13603280000097584,20,161.6538993195924
33.826579599997785,0.13621629999761353,20,161.43613176914408
33.9629348999988,0.1362784000011743,20,161.3625677681167
34.098680299997795,0.13567519999924116,20,162.07997154706973
34.234216499997274,0.1355024999975285,20,162.28654494139292
34.3705467999971,0.13627569999880507,20,161.36576481142876
34.50636350000059,0.1357337000008556,20,162.01011653982306
34.642022,0.13559230000100797,20,162.1790658861641
34.7775507999977,0.13549919999786653,20,162.2904973303624
34.91367909999826,0.13609269999869866,20,161.5827487861603
35.0492364999991,0.13551970000116853,20,162.26594772074012
35.18478739999773,0.1355130999982066,20,162.2738506890553
35.32055939999918,0.1357419000014488,20,162.00032970869933
35.456827899997734,0.13622399999803747,20,161.42700666429417
35.59250629999951,0.13562730000194279,20,162.1372139326301
35.7279309000005,0.13535930000216467,20,162.45823194393242
35.86346169999888,0.13547309999921708,20,162.3217639195315
35.999546299997746,0.13603469999725348,20,161.6516415000289
36.13516609999715,0.1355686999995669,20,162.2072982597772
36.270837799998844,0.13559689999965485,20,162.17356411227672
36.40677940000023,0.135859400001209,20,161.86022134150681
36.543042599998444,0.136118999998871,20,161.55152885124335
36.67875830000048,0.1356357000004209,20,162.12717267984578
36.81436699999904,0.13555640000049607,20,162.222016484943
36.949963199997,0.13554839999778778,20,162.23159075192987
37.08607829999892,0.13607069999852683,20,161.60887359114108
37.22164559999874,0.13551989999905345,20,162.2657082515084
37.35743789999833,0.13575560000026599,20,161.98398117998016
37.493250499999704,0.13576860000102897,20,161.96847102609394
37.62934559999849,0.13603320000038366,20,161.65342398368912
37.764891399998305,0.13550349999786704,20,162.28534728524465
37.90044679999846,0.13551540000116802,20,162.2710965346408
38.03636749999714,0.13586880000002566,20,161.84902314229498
38.17243189999863,0.136023800001567,20,161.6645951316363
38.30821389999983,0.13574510000034934,20,161.99651077986172
38.44400870000027,0.13575550000314252,20,161.98410049692987
38.57977259999825,0.13569250000000466,20,162.05930729789225
38.71580489999906,0.13598859999910928,20,161.70644124333978
38.851750199999515,0.13590730000214535,20,161.80317433407092
38.987561499998264,0.135752300000604,20,161.98791884500048
39.12345069999719,0.13584829999672365,20,161.87344674942824
39.25960379999742,0.13611959999980172,20,161.55081674903565
39.39549089999855,0.13583740000103717,20,161.88643595469358
39.53122149999763,0.13565969999763183,20,162.09849023625938
39.666920600000594,0.13565730000118492,20,162.10135802001017
39.80383779999829,0.1368427999987034,20,160.6970374453633
39.93957519999822,0.13567609999881824,20,162.07889639893494
40.07540719999815,0.13577620000069146,20,161.95940492816865
40.211410399999295,0.13596120000147494,20,161.73902962964024
40.347926700000244,0.13647770000170567,20,161.12692810067264
40.48353819999829,0.13556579999931273,20,162.21076817037545
40.61924509999881,0.13562109999838867,20,162.14462613694528
40.75525969999944,0.13594770000054268,20,161.75509078441357
40.8915992000002,0.13627790000100504,20,161.36315980329772
41.027313599999616,0.13565920000110054,20,162.09908767957944
41.16344570000001,0.13609080000242102,20,161.5850046816449
41.29925999999978,0.13577120000263676,20,161.9653693500016
41.435633099998086,0.13632950000101118,20,161.30208469448576
41.571272899996984,0.13557839999702992,20,162.1956930897675
41.70685539999977,0.13554110000040964,20,162.24032825064532
41.84272199999759,0.13583549999748357,20,161.88870034657643
41.97897079999893,0.13621209999837447,20,161.44110953272454
42.11507039999924,0.13605490000190912,20,161.62764115964538
42.251021500000206,0.1359161000000313,20,161.79269825660785
42.386722699997335,0.13565969999763183,20,162.09849023625938
42.523073500000464,0.13631380000151694,20,161.32066273022457
42.6588284999998,0.13569120000101975,20,162.0608599183642
42.7948037999995,0.13592229999994743,20,161.78531819670874
42.93060499999774,0.1357413000005181,20,162.00104577925853
43.06753279999975,0.1368761000012455,20,160.65794214855552
43.20320969999739,0.13563299999805167,20,162.1304000931623
43.33921559999726,0.1359703999987687,20,161.72808608137606
43.47531999999774,0.1360657999975956,20,161.61469344911498
43.61186859999725,0.13648039999679895,20,161.12374052271068
43.74752420000004,0.1356113000001642,20,162.15634357530215
43.883518799997546,0.13595539999732864,20,161.74592959126363
44.019900100000086,0.13633370000025025,20,161.2971155002735
44.156794499998796,0.13685160000022734,20,160.68670410490978
44.29242379999778,0.13559370000075432,20,162.17739139353571
44.42852649999986,0.13606509999954142,20,161.6155248891458
44.56480139999985,0.13619789999938803,20,161.45794138983646
44.700544100000116,0.13568040000245674,20,162.07375977017924
44.83730039999864,0.1366941999986011,20,160.8717308835711
44.97373439999865,0.13636449999830802,20,161.26068409148166
45.11015699999916,0.13636390000101528,20,161.26139363391832
45.24737939999977,0.13714980000077048,20,160.33732863917018
45.38406430000032,0.13662070000282256,20,160.9582775894552
45.5205492999994,0.13641099999949802,20,161.2057132899907
45.656819100000575,0.13618240000141668,20,161.47631819744137
45.79340189999857,0.1365087999984098,20,161.0902195006927
45.92969989999983,0.13623720000032336,20,161.41136602534263
46.06609549999848,0.13633679999838932,20,161.29344795961026
46.202470399999584,0.13631789999999455,20,161.31581073007197
46.33935889999702,0.13682579999658628,20,160.71700334343848
46.47543360000054,0.13600780000342638,20,161.6836134028049
46.611934499997005,0.13642669999899226,20,161.18716171894823
46.748919300000125,0.13691790000302717,20,160.60889449103303
46.88670409999759,0.1377169999977923,20,159.6769647601423
47.023595799997565,0.1368287999976019,20,160.71347958840104
47.16083549999894,0.1371748999990814,20,160.3079904243944
47.29806499999904,0.13716829999975744,20,160.31570381464877
47.43540500000017,0.13728030000129365,20,160.1849104009299
47.57230919999711,0.13681759999963106,20,160.72663572215345
47.7088866999984,0.13649530000111554,20,161.1061520458234
47.84603000000061,0.13705170000321232,20,160.45209621627882
47.983198099998845,0.1370853000007628,20,160.41276895040997
48.12012449999747,0.1368518999988737,20,160.6863518570146
48.25735829999758,0.1371722999974736,20,160.31102894625963
48.3943666999985,0.13695480000023963,20,160.5656213252951
48.53136649999942,0.13692250000167405,20,160.60349873286816
48.6677142999979,0.13626649999787332,20,161.3766593833642
48.80495189999783,0.1371755000000121,20,160.30728924274422
48.94215189999886,0.13711500000135857,20,160.37802250156523
49.07997719999912,0.13775750000058906,20,159.63002054643826
49.21692199999961,0.13686740000048303,20,160.66815439938503
49.35411539999768,0.13712039999882109,20,160.37170658566535
49.49133919999804,0.13716460000068764,20,160.32002831204085
49.62847619999957,0.13705420000042068,20,160.4491694194888
49.764932499998395,0.13638889999856474,20,161.2318345243008
49.90216999999757,0.1371752999984892,20,160.30752297069657
50.039454699999624,0.13720699999976205,20,160.27048587577994
50.17716819999987,0.13764799999989918,20,159.75700740683558
50.31419779999851,0.13695549999829382,20,160.56480065272262
50.45147299999735,0.13720619999730843,20,160.27142035820088
50.58879329999763,0.13723969999773544,20,160.2322983501338
50.725966800000606,0.13708410000253934,20,160.41417316167707
50.86325229999784,0.1371837000006053,20,160.29770705574327
51.00046879999718,0.13713349999670754,20,160.35638670381755
51.13713139999891,0.13659030000053463,20,160.99410101181363
51.27406719999999,0.136871800001245,20,160.66298942017255
51.41049419999763,0.13635789999898407,20,161.2684894361371
51.54697859999942,0.13641040000220528,20,161.20642234876883
51.68324049999865,0.13617879999947036,20,161.48058696071288
51.82012219999888,0.13682600000174716,20,160.71676841564616
51.9564212999976,0.13621479999710573,20,161.43790950753697
52.09287889999905,0.13639319999856525,20,161.22675144912884
52.229362399997626,0.1364097000005131,20,161.207249597626
52.366544099997554,0.13712799999848357,20,160.36281835776194
52.503602499997214,0.13698809999914374,20,160.52658994217347
52.64020039999741,0.13651430000027176,20,161.08372936370932
52.77662199999759,0.1363640999989002,20,161.26115712051308
52.914396000000124,0.1377028999995673,20,159.69331477833143
53.05133699999715,0.13686389999929816,20,160.67226314340573
53.187800299998344,0.13640029999805847,20,161.21835916660746
53.32420359999742,0.13634879999881377,20,161.27925259123157
53.461196699998254,0.13693019999846,20,160.59446751532764
53.59721879999779,0.13594240000020363,20,161.76139714678465
53.733716700000514,0.13642130000152974,20,161.19354202953215
53.87016439999934,0.13638799999898765,20,161.2328984638181
54.007707499997196,0.13746499999979278,20,159.96968359621104
54.14466529999845,0.1368841000003158,20,160.64855272065392
54.2818907999972,0.137167099997896,20,160.3171063313091
54.4190826999984,0.13710139999966486,20,160.39393146659154
54.55640879999919,0.13725680000061402,20,160.21233596748303
54.693064799997956,0.13657429999875603,20,161.0129618509507
54.83023039999898,0.13712220000161324,20,160.36960138665575
54.967714700000215,0.13740900000266265,20,160.0348780290511
55.10496079999939,0.13719610000043758,20,160.28321909624154
55.24120799999946,0.13621120000243536,20,161.44217623166693
55.377543999999034,0.13628690000041388,20,161.35250383898395
55.51443649999783,0.1368579999980284,20,160.67918978676292
55.65203499999916,0.13754049999988638,20,159.88187156174484
55.78909869999916,0.13698020000083488,20,160.535847920984
55.92703419999816,0.1378685999989102,20,159.50138433039737
56.06345320000037,0.13638120000177878,20,161.24093757228405
56.20035009999992,0.13685330000225804,20,160.68470804253292
56.33643749999828,0.13604710000072373,20,161.63690777240396
56.47276639999836,0.13629189999846858,20,161.3465844688282
56.60909739999988,0.13630230000126176,20,161.334273561902
56.74636429999737,0.1371889000001829,20,160.29163114137282
56.88324609999836,0.136846900000819,20,160.69222288110575
57.020386000000144,0.137107599999581,20,160.38667845974402
57.156933899997966,0.13646990000052028,20,161.13613738587162
57.29370909999852,0.1367422000002989,20,160.81526080077643
57.42968699999983,0.1359355000022333,20,161.76960805057337
57.56600669999898,0.13629090000176802,20,161.34776830466845
57.70299099999829,0.13692209999862825,20,160.60396791854862
57.840609899998526,0.13755369999853428,20,159.86652889565545
57.97758609999801,0.1368981999985408,20,160.632006525684
58.114223499997024,0.13654349999706028,20,161.0492814084408
58.25067389999822,0.13636749999932363,20,161.25713645574695
58.38750269999946,0.13675720000173897,20,160.7976220282397
58.52374019999843,0.1361847999978636,20,161.4734724863933
58.66015250000055,0.13634750000346685,20,161.28079029656476
58.79697339999984,0.13678060000165715,20,160.7701132708409
58.93506929999785,0.13804779999918537,20,159.29433540882047
59.07224059999862,0.13712429999941378,20,160.3671453973804
59.209096200000204,0.13680800000292948,20,160.73791412087832
59.34542849999707,0.13629289999880712,20,161.3454006460532
59.48279449999973,0.13732720000189147,20,160.13020403253776
59.619131199997355,0.13630019999982323,20,161.33675926776715
59.75622789999761,0.13704189999771188,20,160.46357030869507
59.893985700000485,0.13772070000050007,20,159.67267488068353
60.031002899999294,0.13697400000091875,20,160.5431144258947
60.16737920000014,0.13630730000295443,20,161.32835552493057
60.303727899998194,0.13630080000075395,20,161.3360490576604
60.440106999998534,0.13632570000117994,20,161.3065808965563
60.5769115999974,0.13671699999758857,20,160.84490265225148
60.71372069999779,0.1367246999980125,20,160.8358442610564
60.85095639999781,0.13719549999950686,20,160.28392006734217
60.98784659999728,0.13681279999946128,20,160.7322747258048
61.12470249999751,0.13679019999835873,20,160.75883035322593
61.261057599997,0.13630239999838523,20,161.33415520035243
61.397411300000385,0.1363100000016857,20,161.3251599680732
61.533808000000136,0.13634280000042054,20,161.28634996092327
61.67079059999742,0.1369252000004053,20,160.60033182682884
61.807634799999505,0.13678110000182642,20,160.76952557938463
61.944813399997656,0.13713749999806168,20,160.35170945825038
62.08220599999913,0.13734390000172425,20,160.11073338709565
62.21927270000015,0.13698460000159685,20,160.53069144461244
62.35570639999787,0.1363710000005085,20,161.2529977446671
62.49218599999949,0.1364281000023766,20,161.18550764202482
62.62952719999885,0.13730189999841969,20,160.1597105049027
62.76707389999865,0.13749059999827296,20,159.93989811518912
62.90434589999859,0.13723100000061095,20,160.24245655443812
63.04232839999895,0.13791349999883096,20,159.44945604097063
63.17947309999727,0.13708929999847896,20,160.40808841947538
63.316416699999536,0.1368925999995554,20,160.63857765570543
63.45277309999801,0.13630999999804772,20,161.32515997237877
63.59002139999939,0.1372101000015391,20,160.26686486835393
63.72724819999712,0.13716029999704915,20,160.3250543779293
63.8653376000002,0.13804830000299262,20,159.29375845297113
64.0028913999995,0.13748390000182553,20,159.94769245873889
64.13946699999724,0.13648769999781507,20,161.11512287094018
64.27582059999986,0.13629860000219196,20,161.33865318621284
64.41249439999956,0.13662860000113142,20,160.94897082556582
64.54887319999762,0.13633199999821954,20,161.29912680667184
64.68529729999864,0.13635359999898355,20,161.27357514347935
64.82277909999902,0.13744199999928242,20,159.99645345407382
64.96094649999941,0.13812880000114092,20,159.20092374174226
65.09816750000027,0.1371653000023798,20,160.31921014380802
65.23486409999896,0.13665140000011888,20,160.92211682793493
65.37122839999938,0.1363134999992326,20,161.3210177689209
65.50903399999879,0.13776180000058957,20,159.62503796717152
65.64617589999762,0.1371039000005112,20,160.39100678710093
65.78393469999719,0.13770539999677567,20,159.69041559760834
65.92185679999966,0.1378697000000102,20,159.50011173969605
66.05864239999937,0.1367221000000427,20,160.83890282195148
66.19502529999954,0.13632649999999558,20,161.3056343082285
66.33136379999996,0.13629410000066855,20,161.34398007993107
66.46771230000013,0.136303900002531,20,161.33237974197118
66.60451679999824,0.13677199999801815,20,160.78022223729013
66.7419697999976,0.1373844999980065,20,160.063417313009
66.87976999999955,0.13776080000025104,20,159.6261966791709
67.01634449999983,0.13653180000255816,20,161.06308241089604
67.15325329999905,0.13686360000065179,20,160.67261532953447
67.28960559999905,0.13630790000024717,20,161.3276453931146
67.42607009999847,0.13639039999907254,20,161.23006132154123
67.5624719999978,0.13634119999915129,20,161.28824270034946
67.70049369999833,0.13798119999773917,20,159.37122271643028
67.83858630000032,0.13803120000011404,20,159.31349256908462
67.97573139999804,0.13710129999890341,20,160.39404845684095
68.11209059999965,0.13631610000084038,20,161.31794084032944
68.24907460000031,0.1369470999998157,20,160.57464930290305
68.38542699999743,0.13631439999880968,20,161.3199526661308
68.52176379999946,0.13629670000227634,20,161.3409022753503
68.65850779999892,0.13671009999961825,20,160.85302077594417
68.79693639999823,0.13836539999829256,20,158.9286957273376
68.93429169999945,0.1373133000015514,20,160.1464137506822
69.07071399999768,0.1363616999988153,20,161.26399535728174
69.20708819999709,0.1363242999977956,20,161.30823745932005
69.34472769999775,0.13760519999777898,20,159.80669739134083
69.48194689999946,0.1371581999992486,20,160.32750907813363
69.61961909999809,0.13761650000014924,20,159.79357530162554
69.75801099999808,0.1383258999994723,20,158.97407900909295
69.89569819999815,0.1376388999997289,20,159.7675697463676
70.03134119999959,0.13560230000075535,20,162.16710598122233
70.1677189999973,0.1363160999972024,20,161.31794084463465
70.30413639999824,0.13636069999847678,20,161.2651779857807
70.44153240000014,0.13733050000155345,20,160.126356164663
70.5792423999992,0.13766300000133924,20,159.73960000367614
70.71729119999873,0.13797949999934644,20,159.37318627494778
70.85565569999744,0.13828680000005988,20,159.01902824789119
70.99179499999809,0.1360567000010633,20,161.62550286276343
71.12758639999811,0.13572560000102385,20,162.0197851794659
71.26361159999942,0.13596880000113742,20,161.72998919852233
71.40055479999864,0.13690389999828767,20,160.6253186052044
71.53779569999824,0.13718969999899855,20,160.29069642750528
71.67535539999881,0.13752240000030724,20,159.90291440136932
71.81283899999835,0.13742379999894183,20,160.01764290966574
71.95013579999795,0.13724860000002082,20,160.22190795036644
72.08608359999926,0.13588150000214227,20,161.83389611664066
72.22253369999817,0.13638089999949443,20,161.24129226014435
72.35928769999737,0.13671160000012605,20,160.8512558956206
72.49797380000018,0.1386294000003545,20,158.62603859977585
72.63515279999774,0.13713369999823044,20,160.3561528333572
72.77215239999714,0.13693319999947562,20,160.59094913143207
72.90910009999789,0.13690159999896423,20,160.62801717208836
73.04618259999916,0.13704510000025039,20,160.45982348496824
73.1823043000004,0.13606950000030338,20,161.61029882134474
73.31904919999943,0.13670730000012554,20,160.8563153211263
73.4570535999992,0.13796260000162874,20,159.39270900418222
73.5956929999993,0.1385523999997531,20,158.7141944532118
73.73231329999908,0.13658049999867217,20,161.0056527522874
73.86880910000036,0.1364361000014469,20,161.17605644903946
74.00513429999774,0.1362848999997368,20,161.35487171038366
74.14197269999931,0.13680160000149044,20,160.74543393703303
74.27816899999743,0.13615389999904437,20,161.51011873823919
74.41627349999908,0.13806960000147228,20,159.26918420336926
74.55409569999756,0.13778559999991558,20,159.59746559534142
74.69170019999729,0.13757199999963632,20,159.84526324817648
74.8281524999984,0.13639640000110376,20,161.22296890051388
74.96448719999898,0.13629740000033053,20,161.340073658534
75.10084309999729,0.13632030000007944,20,161.31297066913135
75.23814969999876,0.13722599999891827,20,160.24829518963858
75.37633379999897,0.1381388000008883,20,159.18939903472878
75.51395810000031,0.1375865000009071,20,159.8284174346685
75.65155839999716,0.13756889999785926,20,159.84886522943918
75.78904649999822,0.1374257999996189,20,160.01531412282836
75.92539179999949,0.13630109999940032,20,161.3356939571049
76.06183210000017,0.13636290000067675,20,161.26257622425797
76.19795489999888,0.13605480000114767,20,161.62775995653593
76.33672899999874,0.138719200000196,20,158.52335188992535
76.47515759999806,0.13837659999990137,20,158.9158322688639
76.61257119999937,0.13737380000020494,20,160.07588459726088
76.74993650000033,0.13729690000036499,20,160.16554310739383
76.88692779999838,0.13693179999972926,20,160.59259102387816
77.02327039999727,0.13629309999669204,20,161.3451638861668
77.1597972999989,0.13648710000052233,20,161.1158311330217
77.29809789999854,0.13826509999853442,20,159.04398547249517
77.43622949999917,0.13809200000105193,20,159.24334903797822
77.57381389999864,0.13753839999844786,20,159.88431271389052
77.71133999999802,0.1374876999980188,20,159.94327169511803
77.84775389999777,0.13635839999915333,20,161.26789809543482
77.98456649999935,0.13677540000207955,20,160.77622551413234
78.12047329999768,0.13586629999917932,20,161.85200123689853
78.2580111999996,0.13749989999996615,20,159.9290803522433
78.39515699999902,0.1371121000011044,20,160.38141458954297
78.53326689999813,0.13806900000054156,20,159.26987633309247
78.67004299999826,0.13674539999919944,20,160.81149753957897
78.80660119999811,0.1364938999977312,20,161.10780449445375
78.9429433999976,0.13629839999703108,20,161.33888993560453
79.08020249999754,0.13722760000018752,20,160.24642677923356
79.21810899999764,0.13785680000000866,20,159.51503702043436
79.35535759999766,0.13721109999823966,20,160.2656968408687
79.49286469999788,0.13746579999860842,20,159.9687526333285
79.63099019999936,0.13806620000104886,20,159.27310634574533
79.76800489999732,0.136945399997785,20,160.57664263184947
79.90441490000012,0.13634989999991376,20,161.27795147289368
80.04098460000023,0.1365323999998509,20,161.06237461250234
80.17942229999971,0.13839799999914248,20,158.89125966889878
80.31691519999731,0.13745219999691471,20,159.9845805015387
80.45407189999969,0.13711310000144294,20,160.38024488753138
80.59120780000012,0.13710420000279555,20,160.39065583017603
80.72854569999981,0.1372774000010395,20,160.1882943248742
80.86496839999745,0.13635939999949187,20,161.2667154270402
81.00131949999923,0.13631480000185547,20,161.31947928780056
81.13860269999714,0.1372053999984928,20,160.27235484726958
81.27641479999875,0.1377452999986417,20,159.64415886231214
81.41358889999901,0.13712569999916013,20,160.3655081115698
81.55076749999716,0.137133599997469,20,160.35626976850213
81.68799339999896,0.13717320000068867,20,160.3099771340874
81.82499090000056,0.13693570000032196,20,160.5880172626152
81.96134719999827,0.1363104000010935,20,161.32468656348738
82.09810920000018,0.1367249000031734,20,160.8356089857049
82.23543529999733,0.1372555999987526,20,160.21373667609814
82.37310249999791,0.13757690000056755,20,159.83957012717457
82.51069089999874,0.1375092999987828,20,159.91814775956718
82.64806379999936,0.13729180000154884,20,160.17149280053084
82.78451059999861,0.13638340000034077,20,161.2383365971596
82.92158469999777,0.13701899999796296,20,160.49038860192329
83.05896419999772,0.13733879999927012,20,160.1166790130456
83.19676419999814,0.1377609000010125,20,159.6260808063709
83.33425859999988,0.137435300002835,20,160.00425331094988
83.47247789999892,0.13817529999869294,20,159.1473480117504
83.60975799999869,0.13723680000111926,20,160.23568427229907
83.7468990999987,0.13710340000034194,20,160.39159171446627
83.88351379999949,0.13654310000129044,20,161.04975319376942
84.02098040000055,0.1374230000001262,20,160.01857444168593
84.15853459999926,0.13749810000081197,20,159.93117399724173
84.29612819999966,0.13754600000174833,20,159.87547842351276
84.43395389999932,0.1377866000002541,20,159.5963073004156
84.57165799999711,0.13766469999973197,20,159.73762740602942
84.70838079999885,0.13668300000063027,20,160.88491294029689
84.84485439999844,0.13640210000085062,20,161.2162316810582
84.98133889999735,0.1364116999975522,20,161.2048860612
85.11915550000049,0.13774320000084117,20,159.64659275656228
85.25645729999815,0.13723419999951147,20,160.238720053735
85.39396479999778,0.13746499999979278,20,159.96968359621104
85.53044059999957,0.13643149999916204,20,161.18149075290577
85.66727179999725,0.13679619999675197,20,160.7517793333596
85.80365089999759,0.1363041999975394,20,161.33202466187376
85.9407414999987,0.13703090000126394,20,160.476451335554
86.07877789999839,0.1379704999999376,20,159.38358240007787
86.21641349999845,0.13756369999828166,20,159.85490762312065
86.35430559999804,0.13783859999966808,20,159.53609914474578
86.49191520000022,0.13756160000048112,20,159.85734794770553
86.62914259999889,0.13719069999933708,20,160.28952804837544
86.76570390000052,0.1365228000031493,20,161.0737001805759
86.90316679999887,0.1373929000001226,20,160.0536312684307
87.04119249999712,0.13798639999731677,20,159.3652168325836
87.17854230000012,0.13730990000112797,20,160.1503792176628
87.31553369999892,0.1369403999997303,20,160.58250564160255
87.45266199999969,0.13707550000253832,20,160.42423741013377
87.58982509999987,0.13712479999958305,20,160.36656064830626
87.7267002999979,0.13684529999954975,20,160.6941017016467
87.86299769999823,0.13623480000023847,20,161.41420955204916
88.0004349999981,0.13738509999893722,20,160.06271826923088
88.13793729999816,0.13745919999928446,20,159.97643341176487
88.27587729999868,0.13790159999916796,20,159.4632154786651
88.41344359999857,0.13749900000038906,20,159.9301271678905
88.55065370000011,0.13714080000136164,20,160.3478509335053
88.6869943999991,0.13629840000066906,20,161.33888993129818
88.82444799999939,0.13741569999911007,20,160.02707518618624
88.96205539999937,0.1375408999992942,20,159.88140658984236
89.0993602999988,0.13727080000171554,20,160.19599620054066
89.23685990000013,0.13744640000004438,20,159.99133157007313
89.37503029999789,0.13811920000080136,20,159.21198903115868
89.5121760999973,0.13710249999712687,20,160.3926445978799
89.64920709999933,0.13698370000201976,20,160.5317461507885
89.78611689999889,0.1368719999991299,20,160.66275465880378
89.92447119999997,0.13828700000158278,20,159.01879826208037
90.06095629999982,0.13642190000246046,20,161.19283307975766
90.19833989999825,0.13732660000096075,20,160.13090366590416
90.3354494999985,0.13705339999796706,20,160.4501059867627
90.47354730000006,0.13804890000028536,20,159.29306611986436
90.60989359999803,0.13629999999830034,20,161.33699600729435
90.74678510000012,0.13685310000073514,20,160.68494287233446
90.88466969999718,0.13781119999839575,20,159.56781855013224
91.02224149999893,0.13752210000166087,20,159.90326322281598
91.16036919999897,0.13804940000045463,20,159.29248917740736
91.29691379999713,0.13645899999755784,20,161.14900853672938
91.43455689999973,0.13757670000268263,20,159.83980248902037
91.5714251999998,0.13682600000174716,20,160.71676841564616
91.70789729999888,0.13642650000110734,20,161.18739801535267
91.84553930000038,0.1376023000011628,20,159.81006535017343
91.98327470000004,0.1376486000008299,20,159.75631103685342
92.12114649999785,0.1378261999998358,20,159.5504523490178
92.25761969999803,0.1364060999985668,20,161.21150414644984
92.39462039999853,0.13695340000049328,20,160.56726269987305
92.53143439999985,0.13676240000131656,20,160.79150815800475
92.6684432999973,0.13697189999948023,20,160.5455758122903
92.80500109999775,0.13651670000035665,20,161.08089746868004
92.9430743999983,0.13801640000019688,20,159.3305763335997
93.08050000000003,0.13738690000172937,20,160.06062117453115
93.21829689999868,0.13776249999864376,20,159.62422688131016
93.3559881000001,0.13765110000167624,20,159.75340956412418
93.49240099999952,0.1363722999994934,20,161.25146056495115
93.62919729999703,0.13676510000004782,20,160.78833383306346
93.76690089999829,0.13767269999880227,20,159.72834523991546
93.90497229999892,0.13799899999867193,20,159.35066598838853
94.0421454999996,0.13712030000169761,20,160.37182353924072
94.17927739999868,0.13709000000017113,20,160.407269352196
94.31759779999993,0.13827909999963595,20,159.02788314053169
94.45466879999731,0.13700739999694633,20,160.5039768363616
94.59100109999781,0.13629419999779202,20,161.34386170413887
94.72808249999798,0.13704800000050454,20,160.456428079498
94.8659364999985,0.1378216999983124,20,159.55566181370034
95.00316409999868,0.13716009999916423,20,160.32528815343525
95.14048579999871,0.13729030000104103,20,160.17324279539963
95.27866009999707,0.1381316999977571,20,159.19758140873574
95.41569320000053,0.13699970000016037,20,160.51299787878557
95.552028099999,0.13629450000007637,20,161.3435065648847
95.68932259999929,0.13726200000019162,20,160.20626652306757
95.8266831999972,0.13732600000003004,20,160.13160330538417
95.96434029999727,0.13760719999845605,20,159.80437474032414
96.10202449999997,0.13762470000074245,20,159.78405442773985
96.24015809999764,0.13806040000054054,20,159.27979750481603
96.37725169999976,0.137013499999739,20,160.49683100980482
96.51395849999972,0.13661940000019968,20,160.95980918879647
96.65041939999719,0.13639289999991888,20,161.22710607027992
96.78756760000033,0.13710580000042683,20,160.38878410287197
96.9247847000006,0.13715540000339388,20,160.33078212725022
97.06319749999966,0.13837520000015502,20,158.91744008677398
97.20152210000015,0.13828700000158278,20,159.01879826208037
97.3386967999977,0.13713300000017625,20,160.35697137444478
97.47584809999898,0.13710820000051172,20,160.38597658956888
97.61314929999935,0.13724509999883594,20,160.2259939021977
97.75029480000012,0.13710290000017267,20,160.39217664609797
97.88749610000013,0.13713940000161529,20,160.3494878587845
98.02549910000016,0.1379579000022204,20,159.39813925238113
98.16389789999812,0.13833829999930458,20,158.95982931430083
98.30105149999872,0.13710770000034245,20,160.38656148024566
98.43825229999857,0.13714410000102362,20,160.34399259870364
98.57538489999934,0.13709250000101747,20,160.4043441862742
98.71260669999901,0.1371885000007751,20,160.2920985023946
98.85015600000042,0.1375112000023364,20,159.9159381573746
98.98867469999823,0.13845260000016424,20,158.82859950260172
99.1258271000006,0.13711200000034296,20,160.3815315615336
99.26377009999851,0.13790370000060648,20,159.46078716831593
99.40095129999827,0.13713429999916116,20,160.3554512303232
99.53747590000057,0.1364774000030593,20,161.12728228283262
99.67382709999947,0.13631739999982528,20,161.31640242220132
99.81140039999809,0.1375430999978562,20,159.878849290606
99.94951020000008,0.13804030000028433,20,159.30299018094505
100.08640379999997,0.1368536000009044,20,160.684355803389
100.22286859999804,0.13641269999789074,20,161.20370431682696
100.35971069999869,0.13680050000039046,20,160.7467264772953
100.4961360999987,0.1363695000000007,20,161.2547714519734
100.63249639999776,0.13632249999864143,20,161.31036736957694
100.76973879999787,0.137203899997985,20,160.27410704683288
100.90847159999976,0.13866980000238982,20,158.57982455546212
101.04492419999951,0.1364084000015282,20,161.2087859345439
101.18216910000046,0.13721070000246982,20,160.26616404642039
101.31987599999775,0.13766100000066217,20,159.7419207721448
101.45690059999833,0.13695829999778653,20,160.56151803779252
101.59390699999858,0.1369501000008313,20,160.571131787319
101.7315540999989,0.13760890000048676,20,159.80240053835337
101.86953989999893,0.1379458000010345,20,159.41212095877574
102.00682799999777,0.13723050000044168,20,160.2430403988124
102.14399159999812,0.1371218999993289,20,160.36995225144653
102.28180129999964,0.13775530000202707,20,159.63256989165873
102.4188402999971,0.13699409999753698,20,160.51955927967236
102.55501150000055,0.1361207000009017,20,161.5495112453457
102.69197189999977,0.13692129999981262,20,160.60490628959914
102.8297492999991,0.1377442000011797,20,159.64543374843853
102.96705459999794,0.1372477999975672,20,160.22284186638902
103.1050699999978,0.1379672999973991,20,159.38727913016018
103.24259019999954,0.137482900001487,20,159.9488558597626
103.37896489999912,0.13632850000067265,20,161.30326788170854
103.51590729999953,0.13689570000133244,20,160.63493999669794
103.6531748999987,0.13722670000061044,20,160.24747775339767
103.79110539999965,0.13787410000077216,20,159.49502158416152
103.92836469999747,0.13720619999730843,20,160.27142035820088
104.0665964999971,0.13818819999869447,20,159.1324914553323
104.20439079999778,0.13774999999805004,20,159.63871183906562
104.34078889999728,0.13634649999949033,20,161.28197317571187
104.47783189999973,0.13696420000269427,20,160.55460153154928
104.61590499999875,0.1380274000002828,20,159.31787859131552
104.75418989999889,0.13758949999828474,20,159.8249325405946
104.89084599999842,0.13658980000036536,20,160.99469034628632
105.02851459999874,0.13760120000006282,20,159.81134289170416
105.16678119999779,0.13822099999742932,20,159.09472913615863
105.30319260000033,0.13635300000169082,20,161.2742847993613
105.4395517999983,0.1363153999991482,20,161.31876923412474
105.57700069999919,0.13741039999877103,20,160.03324752505398
105.71569769999769,0.13866289999714354,20,158.58771564688897
105.85284259999753,0.13711419999890495,20,160.37895823842916
105.99047319999954,0.13756260000081966,20,159.8561858774767
106.12843359999897,0.13792100000136998,20,159.4407853430701
106.26539380000031,0.13690040000074077,20,160.62942515435316
106.40183999999863,0.13639429999966524,20,161.22545117775428
106.53943869999785,0.1375341999992088,20,159.8891952375955
106.67755670000042,0.13804119999986142,20,159.3019515589699
106.81534470000042,0.1377161000018532,20,159.67800827371735
106.95275330000004,0.13732960000197636,20,160.12740556444882
107.0906733999982,0.1378407000011066,20,159.53366861415722
107.22701830000005,0.13630510000075446,20,161.33095940942988
107.36405829999785,0.1369922999983828,20,160.5216684133312
107.50181679999878,0.13770669999939855,20,159.68890806050862
107.63981599999897,0.1379570999997668,20,159.3990635897476
107.777086099999,0.13723620000018855,20,160.23638482768968
107.91499089999706,0.13787279999814928,20,159.49652546271045
108.05306569999811,0.13800239999909536,20,159.34674002527603
108.18962539999848,0.13647889999992913,20,161.12551138330846
108.32604969999738,0.13636249999763095,20,161.26304926869219
108.46424759999718,0.13813179999851855,20,159.19746615736454
108.60173799999757,0.1374431000003824,20,159.9951729512709
108.73810239999875,0.13631750000058673,20,161.31628408256717
108.87555529999736,0.13741639999716426,20,160.02626000953157
109.01390159999937,0.1382831000009901,20,159.0232830719195
109.1502905999987,0.13634950000050594,20,161.27842460323217
109.28677989999778,0.13642179999806103,20,161.1929512426353
109.42487249999976,0.1380079000009573,20,159.34038961079375
109.56293480000022,0.13797400000112248,20,159.37953929973114
109.6992965999998,0.13631530000202474,20,161.3188875730998
109.83676449999984,0.1374284000012267,20,160.01228680042638
109.97441609999805,0.13758129999769153,20,159.83445828676554
110.11187389999759,0.1374082999973325,20,160.03569330198314
110.24863959999857,0.13672220000080415,20,160.83878518185534
110.38720090000061,0.13852110000152607,20,158.7500572496012
110.52523540000038,0.13796880000154488,20,159.38554626316798
110.66213259999859,0.13685569999870495,20,160.6818901640786
110.79951939999955,0.13734730000214768,20,160.10676988318042
110.93691269999908,0.13736000000062631,20,160.09196676921763
111.07402189999993,0.13704090000101132,20,160.4647412222024
111.21190529999876,0.13784690000102273,20,159.52649319902622
111.34992339999735,0.13797629999680794,20,159.37688252278647
111.48806449999756,0.1380412999969849,20,159.30183616062956
111.62452279999707,0.1363975999993272,20,161.2215504937658
111.76225820000036,0.137693800003035,20,159.70386869296436
111.89964319999854,0.1373210999990988,20,160.13731724887373
112.03691070000059,0.137199500000861,20,160.2792470481452
112.17462769999838,0.13767209999787156,20,159.72904136611538
112.31324369999857,0.13857980000102543,20,158.6828134790011
112.45104329999958,0.1377310000025318,20,159.66073400407876
112.5874636999979,0.13637409999864758,20,161.24933220998764
112.72473319999699,0.1372029999984079,20,160.27515838411094
112.86230389999764,0.13750209999852814,20,159.9265215277104
112.99879149999833,0.13641419999839854,20,161.2019317327533
113.1361302999976,0.13729550000061863,20,160.16717631255878
113.2742580999984,0.1380898999996134,20,159.24577073038336
113.41146479999952,0.13717090000136523,20,160.3126651155685
113.54790739999953,0.136378600000171,20,161.2440115640755
113.6851222999976,0.13717689999975846,20,160.3056531789151
113.82245349999721,0.13729529999909573,20,160.1674096321202
113.96005389999846,0.13756479999938165,20,159.85362938497963
114.09829349999927,0.13817090000156895,20,159.15241599548312
114.23696999999811,0.13864339999781805,20,158.61002078617574
114.3739784999998,0.13696469999922556,20,160.5540154188951
114.51097559999835,0.13693860000057612,20,160.58461642975382
114.64732629999708,0.1363080999981321,20,161.32740868533378
114.78401709999889,0.1366545999990194,20,160.9183485640278
114.92127739999705,0.13722929999858025,20,160.2444416443683
115.06006139999954,0.13871389999985695,20,158.52940877260806
115.1988958999973,0.13878979999935837,20,158.4427137701882
115.3369703999997,0.13801130000138073,20,159.33646415402217
115.47413229999802,0.1371134000000893,20,160.37989398195708
115.61173159999817,0.13755590000073425,20,159.8639720681019
115.74886739999783,0.13709789999848,20,160.39802619707382
115.88638599999831,0.13748520000081044,20,159.94618006440237
116.02444560000004,0.13798920000044745,20,159.36198307873872
116.16313679999803,0.13865179999993416,20,158.60041164651625
116.30053869999756,0.13736029999927268,20,160.09161712399026
116.43705489999775,0.1364770000000135,20,161.12775453386158
116.57359429999997,0.13646240000161924,20,161.14499345797134
116.71037939999951,0.13673890000063693,20,160.81914184930235
116.8480168999995,0.13759439999921597,20,159.81924086769013
116.98579880000034,0.13774560000092606,20,159.64381116617997
117.12453610000011,0.13864880000255653,20,158.60384334458374
117.26190599999973,0.13729950000197277,20,160.16251009802684
117.39854909999849,0.13656559999799356,20,161.0232192868708
117.53501409999808,0.13639929999771994,20,161.21954112585323
117.6721394999986,0.13708449999830918,20,160.41370509278022
117.8099731000002,0.13779630000135512,20,159.58507271460658
117.94800979999854,0.1379854000006162,20,159.36637177137433
118.08606689999942,0.13799260000087088,20,159.35805655796918
118.22435959999711,0.13824619999650167,20,159.0657287945453
118.36074000000008,0.13633630000185804,20,161.29403948339737
118.49793329999738,0.13713689999713097,20,160.35241102854198
118.63505579999764,0.13708869999754825,20,160.4087904831929
118.77358639999875,0.13849779999873135,20,158.77676436536487
118.91128609999942,0.1376626999990549,20,159.7399481171804
119.04941069999768,0.13804569999774685,20,159.29675865223558
119.18709999999919,0.13764810000066063,20,159.7568913440466
119.32407009999952,0.13692490000175894,20,160.60068369768766
119.46034839999993,0.13623610000286135,20,161.41266929292706
119.59746029999951,0.1370604000003368,20,160.44191141617827
119.73547069999768,0.13797409999824595,20,159.3794237889543
119.87364249999882,0.13813809999919613,20,159.19020571187798
120.01167630000054,0.1379919000028167,20,159.35886494113885
120.14893389999997,0.13718259999950533,20,160.2989924057373
120.28597109999828,0.13698749999821302,20,160.52729304357592
120.42295539999759,0.13694199999736156,20,160.58062943394782
120.56038339999941,0.1373535000020638,20,160.09954282336878
120.69850489999953,0.1380420999994385,20,159.3009129505379
120.8362519000002,0.13767080000252463,20,159.73054965262597
120.97484809999878,0.1385152000002563,20,158.7568191467746
121.1119953999987,0.13706459999957588,20,160.43699507814597
121.24913509999897,0.13708950000000186,20,160.40785439818293
121.38579779999782,0.13661579999825335,20,160.96405068667863
121.52403049999702,0.13813949999894248,20,159.18859236994737
121.66201749999891,0.13790789999984554,20,159.45593077368758
121.80001509999784,0.13794919999781996,20,159.4081919711569
121.93788429999768,0.13782679999712855,20,159.54975778279797
122.07515330000024,0.13720280000052298,20,160.2753920141293
122.21146959999896,0.13627360000100452,20,161.36825148347074
122.34791719999703,0.1363943999967887,20,161.2253329758241
122.48572919999788,0.13776839999991353,20,159.61739089322228
122.62424079999982,0.13845969999965746,20,158.8204550174123
122.76217220000035,0.1378788000001805,20,159.48958473304972
122.90005569999994,0.13784170000144513,20,159.53251124506917
123.03657969999767,0.1364646999973047,20,161.14227749706941
123.17338729999756,0.1367696999986947,20,160.78292601160834
123.3099387000002,0.13650560000314726,20,161.09399581418634
123.4477556999991,0.13777729999856092,20,159.60708009047707
123.58576119999998,0.13796260000162874,20,159.39270900418222
123.72430959999838,0.13851679999788757,20,158.75498535813244
123.86214689999906,0.13780580000093323,20,159.57407130448124
123.99861699999747,0.13643469999806257,20,161.1777103319923
124.13488819999839,0.1362234999978682,20,161.4275991724198
124.271685599997,0.1367536999969161,20,160.80173740100557
124.40857449999748,0.13684529999954975,20,160.6941017016467
124.54670459999761,0.13808209999842802,20,159.25476622799295
124.68465999999898,0.13792390000162413,20,159.4374329268608
124.82292939999752,0.13823749999937718,20,159.07573961927173
124.96005929999956,0.13709790000211797,20,160.39802619281755
125.09659479999755,0.13647729999865987,20,161.12740034962542
125.23291409999729,0.13628759999846807,20,161.35167510299675
125.37112279999928,0.13817650000055437,20,159.14596588733812
125.50929559999713,0.13811919999716338,20,159.21198903535225
125.64728519999699,0.1379449999985809,20,159.41304545830747
125.78526229999989,0.13794270000289544,20,159.41570344105503
125.9227522000001,0.13746030000038445,20,159.9751532293942
126.05921369999851,0.13639189999958035,20,161.228288157784
126.19572049999988,0.13645300000280258,20,161.15609444327606
126.33357149999938,0.1378169000017806,20,159.5612189451068
126.47211569999854,0.13851250000152504,20,158.75991376430204
126.61033909999969,0.13818449999962468,20,159.1367523534096
126.74819429999843,0.13777789999949164,20,159.60638502692478
126.8854167999998,0.13717840000026627,20,160.30390028953042
127.02285579999807,0.13739970000096946,20,160.0457101097371
127.15943440000046,0.1365161000030639,20,161.08160542988307
127.29733149999811,0.1378547999993316,20,159.51735126833904
127.43538499999704,0.1380122999980813,20,159.33530964867418
127.57363729999997,0.13820750000013504,20,159.11026938117334
127.71125539999775,0.13757970000006026,20,159.83631709845542
127.8485056999998,0.1372179000027245,20,160.25775467401394
127.98558380000031,0.13701510000100825,20,160.4949567993468
128.12270349999744,0.13705119999940507,20,160.45268159356107
128.2603049999998,0.13755350000064936,20,159.86676133588884
128.39847100000043,0.13812099999995553,20,159.2099141732762
128.53562109999984,0.13710320000245702,20,160.39182568405343
128.67356899999868,0.13791050000145333,20,159.45292457998676
128.810712399998,0.13711100000000442,20,160.38270128231352
128.9473650999971,0.13659349999943515,20,160.99032937592884
129.08386189999874,0.13642049999907613,20,161.19448730703175
129.22199550000005,0.13808920000155922,20,159.24657797475615
129.35998379999728,0.13794760000018869,20,159.41004088139206
129.49740929999825,0.13737399999808986,20,160.0756515485155
129.63491109999813,0.13745379999818397,20,159.9827182355856
129.77287119999892,0.13792560000001686,20,159.43546778493126
129.91062789999705,0.13771149999956833,20,159.6833420272739
130.0483056999983,0.13762209999913466,20,159.7870731202203
130.18650729999717,0.13815169999725185,20,159.17453463082566
130.32472739999866,0.13818529999844031,20,159.13583105994778
130.46193759999733,0.13716500000009546,20,160.31956078813616
130.598499599997,0.13650639999832492,20,161.09305172350778
130.73492389999956,0.13638490000084857,20,161.23656325138032
130.8720417000004,0.13705170000321232,20,160.45209621627882
131.00949789999868,0.13738540000122157,20,160.0623687475123
131.14782179999747,0.13824000000022352,20,159.07286281455762
131.28460419999828,0.13669619999927818,20,160.8693771709537
131.42287869999927,0.1382052000008116,20,159.1129172809045
131.56036419999873,0.1374199999991106,20,160.02206778971274
131.69799239999702,0.13755589999709628,20,159.8639720723299
131.83531839999705,0.1372585999997682,20,160.21023495472878
131.97378979999849,0.13842229999863775,20,158.86336634874883
132.11243049999757,0.13857029999780934,20,158.69369234148763
132.25003819999984,0.13755160000073374,20,159.86896957507363
132.38657880000028,0.13650310000230093,20,161.09694618766406
132.52363539999715,0.13699399999677553,20,160.51967645325774
132.66014539999742,0.1364417999975558,20,161.16932315400362
132.7969696,0.1367841999999655,20,160.7658819916741
132.93476069999815,0.13774709999779589,20,159.64207272510177
133.0733220000002,0.13852140000017243,20,158.7497134413356
133.2112758000003,0.13789960000212886,20,159.46552821893988
133.34844879999946,0.13712809999924502,20,160.3627014130661
133.48629699999947,0.13778340000135358,20,159.60001390083252
133.62349940000058,0.1371236000013596,20,160.36796405069563
133.76111630000014,0.1375454000008176,20,159.87617583277438
133.89913030000025,0.13794630000120378,20,159.41154315359023
134.03806919999988,0.13889470000140136,20,158.3230501617278
134.17554729999756,0.13740490000054706,20,160.03965328334326
134.31204689999868,0.13644819999899482,20,161.16176362665098
134.44905129999825,0.13693090000015218,20,160.59364654358922
134.5866896999978,0.13758410000082222,20,159.83120546188536
134.72411419999844,0.13738200000079814,20,160.06633005337122
134.86201230000006,0.13786430000254768,20,159.50635918880835
135.00088680000044,0.13882490000105463,20,158.40265366913965
135.13948619999792,0.13851389999763342,20,158.75830913645285
135.27596859999903,0.1364039000000048,20,161.2141042559577
135.4131305999981,0.13709010000093258,20,160.40715234265937
135.5502463999983,0.1370494000002509,20,160.4547889701067
135.68844099999842,0.13814999999885913,20,159.17649334565039
135.826463399997,0.13798079999833135,20,159.37168472559904
135.9645047999984,0.1380046999984188,20,159.3440843375041
136.10200229999828,0.13744880000012927,20,159.988537953764
136.2398945999994,0.13782530000025872,20,159.55149421389774
136.3768259999997,0.13689200000226265,20,160.63928173418847
136.51403019999998,0.13715310000043246,20,160.33347081072657
136.65191259999847,0.13783799999873736,20,159.5367935962611
136.7906038000001,0.13861309999992955,20,158.64469199181877
136.9286452999986,0.13798970000061672,20,159.3614056369549
137.06607299999814,0.13735979999910342,20,160.09219986971107
137.20332869999766,0.13718469999730587,20,160.29653857865972
137.3404980999985,0.13712390000000596,20,160.36761319885915
137.4777617999971,0.13722169999891776,20,160.25331675451793
137.6158116000006,0.13798230000247713,20,159.3699521976748
137.7540842999988,0.13821059999827412,20,159.10670061337262
137.8920814999983,0.13795269999900484,20,159.40414762218234
138.02927649999765,0.1371469999976398,20,160.34060209773773
138.16653049999877,0.13718420000077458,20,160.29712281294667
138.30371620000005,0.1371340000005148,20,160.3558020289458
138.44167299999754,0.13792019999891636,20,159.44171017510692
138.5797012999974,0.1379739999974845,20,159.3795393039335
138.7178160000003,0.1380730000018957,20,159.265262254156
138.8550326000004,0.13718040000094334,20,160.30156316331474
138.99262149999777,0.13755469999887282,20,159.8653666919429
139.12990379999974,0.13720520000060787,20,160.27258846911468
139.2672010999995,0.13724220000221976,20,160.2293795579226
139.4049578999984,0.13771310000083758,20,159.68148676768044
139.54345199999807,0.1384479000007559,20,158.83399138159507
139.681436699997,0.13793689999874914,20,159.42240659112548
139.81786869999996,0.13639530000000377,20,161.22426913184978
139.9542425999971,0.1363290999979654,20,161.30255797073545
140.09173219999866,0.1374141000014788,20,160.02893848071884
140.22933799999737,0.13752829999793903,20,159.8960545273194
140.3673299000002,0.13795370000298135,20,159.40299212739322
140.50534659999903,0.13796839999849908,20,159.3860083595898
140.64382979999937,0.13844299999982468,20,158.8396130938209
140.78102939999735,0.13715159999992466,20,160.33522434686932
140.9174998999988,0.1364194999987376,20,161.19566891627295
141.05405039999823,0.1364995000003546,20,161.1011949161929
141.1925924999996,0.13847349999923608,20,158.80462727988615
141.3305991999987,0.13796640000146,20,159.38831886087698
141.46863409999787,0.13798599999790895,20,159.36567880693144
141.6066095999995,0.13791639999908512,20,159.4461032601335
141.74406230000022,0.13740680000046268,20,160.03744032643183
141.88050229999862,0.13636960000076215,20,161.25465320274535
142.01713000000018,0.1365841000006185,20,161.00140906167277
142.15497549999782,0.13778169999932288,20,159.60198310536208
142.29369699999734,0.13867819999722997,20,158.57021908244587
142.4317446999994,0.1380103000010422,20,159.33761868030098
142.56940759999998,0.13760730000285548,20,159.8042586044758
142.70587840000007,0.13643010000305367,20,161.1831447387915
142.84278129999802,0.13687089999802993,20,160.66404586976864
142.97954290000052,0.1367314000017359,20,160.82796311045465
143.11766279999938,0.1380914000001212,20,159.24404094317748
143.25581020000027,0.1380752000004577,20,159.26272462721116
143.39419579999958,0.13834589999896707,20,158.95109689325224
143.5318625999971,0.13761659999727271,20,159.79345918992186
143.66834209999797,0.13643429999865475,20,161.17818287437123
143.8052960999994,0.13689249999879394,20,160.6386950031137
143.9433226000001,0.13798570000290056,20,159.36602528419795
144.08133129999987,0.13797110000086832,20,159.38288928175254
144.21950110000034,0.13807460000316496,20,159.26341669659692
144.35749579999901,0.13795359999858192,20,159.40310768074224
144.4953999999998,0.13786650000110967,20,159.5038138731527
144.63191399999778,0.13644899999781046,20,161.16081873720486
144.7682523000003,0.13629750000109198,20,161.3399552841675
144.90594439999768,0.1376562000004924,20,159.74749088992243
145.04461900000024,0.13863060000221594,20,158.62466551517844
145.18293169999743,0.13822639999852981,20,159.08851388558114
145.32103009999992,0.13803290000214474,20,159.3115304769973
145.45844179999767,0.13736779999817372,20,160.08287645148542
145.5953671999996,0.1368767999992997,20,160.65712053198578
145.73172059999706,0.1363026999970316,20,161.33380010813363
145.86944529999892,0.1376854000009189,20,159.71361201240828
146.00732819999757,0.1378521999977238,20,159.52035989184864
146.1459333999992,0.13857300000017858,20,158.69060030086425
146.28415139999925,0.1381442000019888,20,159.18317638528015
146.42130279999765,0.13711209999746643,20,160.38141459379835
146.5581904999999,0.1368441000013263,20,160.69551084268062
146.69499580000047,0.13675900000089314,20,160.79550563675068
146.8324044000001,0.13734090000070864,20,160.1142307601489
146.97038949999842,0.13790570000128355,20,159.45847456135118
147.1087324,0.13829960000293795,20,159.00431060576352
147.247635599997,0.1388444999975036,20,158.38029274415177
147.38500659999772,0.13731689999985974,20,160.1422152374723
147.52163819999987,0.13648990000001504,20,161.11252594893526
147.65799809999953,0.13631700000041747,20,161.31687577816894
147.79591269999946,0.13787869999941904,20,159.48970040776896
147.93388409999898,0.1379372000010335,20,159.42205986024973
148.07185489999756,0.13793779999832623,20,159.42136641143207
148.2099230999993,0.13800830000036513,20,159.33992778305233
148.34734989999924,0.13738379999995232,20,160.06423286826856
148.48371399999814,0.13632859999779612,20,161.30314956564868
148.62007829999857,0.13632259999940288,20,161.31024903879708
148.75734459999876,0.13722520000010263,20,160.24922940905572
148.8961657999971,0.13878739999927348,20,158.44545366247306
149.03417869999976,0.13798120000137715,20,159.37122271222833
149.17218149999826,0.13796609999917564,20,159.38866544499984
149.31014239999786,0.1378919999988284,20,159.47431726065938
149.44723990000057,0.13704219999999623,20,160.46321903414133
149.58442789999754,0.1371337999989919,20,160.35603589838288
149.7221131999977,0.13764309999896795,20,159.76269464786014
149.8609433999991,0.1387987999987672,20,158.4324400190442
149.99851249999847,0.13750449999861303,20,159.92373017422565
150.1365193999991,0.1379637999998522,20,159.39132261900266
150.27383689999988,0.13724759999968228,20,160.22307534391064
150.41155419999996,0.13767720000032568,20,159.7231244931476
150.54793869999776,0.1363257999983034,20,161.30646257563626
150.68600109999898,0.13801819999935105,20,159.32849838371604
150.8238915999973,0.13785129999814671,20,159.52140136375672
150.9620243999998,0.13807620000079623,20,159.2615711860059
151.09985519999827,0.1377939999983937,20,159.58773644553716
151.23693319999802,0.13701139999830048,20,160.49929097719442
151.37331989999802,0.13634639999872888,20,161.28209146501126
151.51034179999988,0.13695110000116983,20,160.56995931637027
151.64812679999886,0.13773120000041672,20,159.66050216257074
151.7861152000005,0.1379443000005267,20,159.41385439946438
151.92385400000057,0.13769500000125845,20,159.7024768896403
152.06269989999782,0.1387734999989334,20,158.46132406899744
152.1990573999974,0.13631379999787896,20,161.32066273452995
152.33612859999994,0.13700710000193794,20,160.50432828086247
152.47342449999996,0.13725780000095256,20,160.21116873042837
152.61201989999972,0.138552600001276,20,158.7139653483044
152.74957559999893,0.13750739999886719,20,159.920357418591
152.8871763999996,0.13756710000234307,20,159.8509567705175
153.0251790000002,0.13796329999968293,20,159.39190027761396
153.16258860000016,0.137375800000882,20,160.07355411490826
153.29899829999704,0.13636049999695388,20,161.2654145152829
153.43627030000061,0.13723770000069635,20,160.23463345282252
153.5748840999986,0.13853780000135885,20,158.73092076894758
153.71236510000017,0.13743220000105794,20,160.00786246127706
153.84954819999984,0.1371407000006002,20,160.34796785654265
153.98751809999885,0.13793670000086422,20,159.42263774167589
154.12491149999914,0.1373582999985956,20,160.09394813232862
154.26196189999973,0.13697120000142604,20,160.54639628835153
154.39932559999943,0.13731170000028214,20,160.14827982957618
154.53796429999784,0.13859779999984312,20,158.66220499564128
154.67606700000033,0.13806010000189417,20,159.2801436129504
154.8141121999979,0.13801039999816567,20,159.3375032302803
154.95204139999987,0.13789660000111326,20,159.46899746144916
155.0885175000003,0.13644250000288594,20,161.16849629004804
155.2250043999993,0.1364188000006834,20,161.19649605046985
155.36280629999965,0.13772760000210837,20,159.66467545490784
155.50096779999876,0.13808309999876656,20,159.2536129020599
155.63871599999766,0.13765959999727784,20,159.74354535357395
155.77658959999826,0.13780010000118637,20,159.58067196853034
155.91488059999756,0.1382472000004782,20,159.0645782008166
156.05131959999926,0.136388300001272,20,161.23254381288507
156.18767630000002,0.1363149999997404,20,161.31924260398253
156.32543729999816,0.13769499999762047,20,159.70247689385974
156.46324769999774,0.13777329999720678,20,159.6117139965859
156.6011464999974,0.13783949999924516,20,159.53505748091385
156.73928759999762,0.13809129999935976,20,159.24415626199445
156.87689429999955,0.13756909999938216,20,159.84863283701617
157.01385609999852,0.13688819999879343,20,160.64374106543755
157.15031199999794,0.13639599999805796,20,161.22344171260963
157.2883167,0.13793989999976475,20,159.41893937546354
157.42583319999903,0.13748059999852558,20,159.95153174888557
157.5637448999987,0.1378657999994175,20,159.50462373999144
157.70193870000003,0.13813500000105705,20,159.19377822674718
157.83901459999834,0.13701700000092387,20,160.49273123314424
157.97563869999794,0.136543000000529,20,161.0498711426789
158.1128002000005,0.13708720000067842,20,160.41054566298803
158.2506859999994,0.13780559999941033,20,159.57430289925878
158.3879922999986,0.13725870000052964,20,160.21011823247014
158.52575119999892,0.13771310000083758,20,159.68148676768044
158.66430609999952,0.13851730000169482,20,158.75441230265778
158.80207549999977,0.13773050000236253,20,159.66131361712036
158.9384766999974,0.1363670999999158,20,161.25760946396585
159.07537909999883,0.13685869999972056,20,160.6783679485842
159.2138335999989,0.13839920000100392,20,158.88988198891676
159.35110549999808,0.13720629999806988,20,160.27130354677112
159.48897769999894,0.13783709999916027,20,159.53783528276472
159.62719209999705,0.13814999999885913,20,159.17649334565039
159.765104099999,0.13786999999865657,20,159.49976467494216
159.9015526000003,0.13640290000330424,20,161.21528614851522
160.03920060000019,0.13759360000040033,20,159.82017009116714
160.17719649999708,0.13795479999680538,20,159.40172111466384
160.31496379999953,0.1377003000015975,20,159.69633003896786
160.4528360999975,0.13781839999865042,20,159.5594823023293
160.59084839999923,0.13796709999951418,20,159.38751017885738
160.7286865999995,0.13776510000025155,20,159.62121433860858
160.86577409999882,0.13702589999957127,20,160.48230703530356
161.00355599999966,0.13772729999982403,20,159.6650232419288
161.14159509999809,0.1379921000007016,20,159.3586339754826
161.27832660000058,0.13665470000341884,20,160.91823080340336
161.41637119999723,0.1379613999997673,20,159.39409541768268
161.55440019999878,0.13796839999849908,20,159.3860083595898
161.6917704999978,0.1372964999973192,20,160.16600973767993
161.82823110000027,0.13641120000102092,20,161.2054769355846
161.96648169999753,0.13821009999810485,20,159.10727621079454
162.10443079999823,0.13787239999874146,20,159.49698819865856
162.24215639999966,0.13765459999922314,20,159.74934768357977
162.3806500999999,0.1384198000014294,20,158.8662355767955
162.5187722999981,0.138073499998427,20,159.26468551728263
162.65593149999768,0.13711490000059712,20,160.37813946860797
162.79309920000014,0.13712930000110646,20,160.36129809852866
162.93095220000032,0.13781960000051185,20,159.55809301027088
163.06906719999824,0.13808589999825926,20,159.2503836799935
163.2067079999979,0.13760289999845554,20,159.80936852178857
163.34523139999874,0.13846099999864236,20,158.8189638651723
163.48274399999718,0.13746899999750894,20,159.9650288859196
163.62035079999987,0.13756479999938165,20,159.85362938497963
163.7578801999989,0.13747169999987818,20,159.96188710505135
163.89575440000044,0.13782980000178213,20,159.54628502135
164.03379709999717,0.13800829999672715,20,159.33992778725263
164.1718499999988,0.1380243999992672,20,159.32134141236443
164.30998199999885,0.13803679999909946,20,159.3070293984174
164.44713319999937,0.1370844000011857,20,160.41382210761978
164.5841765999976,0.13697680000041146,20,160.53983269760968
164.72119469999961,0.13696519999939483,20,160.55342930625562
164.8590516999975,0.13777729999856092,20,159.60708009047707
164.9970500999989,0.13795179999942775,20,159.40518757719158
165.13524399999733,0.13815089999843622,20,159.1754563724805
165.2731359999998,0.1378487000001769,20,159.52441013583572
165.41103529999964,0.1378368000005139,20,159.53818251321863
165.54820219999965,0.13711890000195126,20,160.37346095401196
165.68618579999747,0.13794190000044182,20,159.41662798214006
165.82372749999922,0.13747000000148546,20,159.96386524537994
165.96175569999832,0.13798440000027767,20,159.3675267311069
166.09909889999835,0.13730519999808166,20,160.15586121885576
166.23760240000047,0.13846660000126576,20,158.81254075220295
166.3748577999977,0.13719619999756105,20,160.28310227186265
166.51130339999872,0.13639949999924283,20,161.21930473089762
166.64836319999813,0.13702080000075512,20,160.48828028590412
166.78708349999943,0.1386820000006992,20,158.5658741250424
166.92473339999924,0.1375876000020071,20,159.82713962013446
167.06234969999787,0.13753250000081607,20,159.8911715804593
167.2004667000001,0.13805540000248584,20,159.2855661938906
167.3382273999996,0.13768930000151158,20,159.70908818098857
167.47465379999994,0.13638360000186367,20,161.2381001470815
167.6110630999974,0.13635900000008405,20,161.26718849145598
167.7487411999973,0.13762019999921904,20,159.78927915847228
167.8874904999975,0.13868530000036117,20,158.56210106956348
168.02503129999968,0.13749509999979637,20,159.93466353020995
168.1634023000006,0.13829890000124578,20,159.00511540816242
168.29997599999842,0.1365053999979864,20,161.09423184609824
168.4377174000001,0.1376925000004121,20,159.7053765125492
168.57493199999954,0.137168199998996,20,160.3158206908085
168.71299759999965,0.13802270000087447,20,159.32330374192563
168.85090879999916,0.13787020000017947,20,159.49953329647286
168.98887289999766,0.13792900000044028,20,159.4315376421913
169.1268491999981,0.13794140000027255,20,159.4172058241873
169.2642605000001,0.13737510000282782,20,160.0743697734694
169.401449099998,0.13710849999915808,20,160.3856256589127
169.53948339999988,0.13795460000255844,20,159.40195220102976
169.67749379999805,0.13796050000019022,20,159.3951352415342
169.8155031999995,0.13796080000247457,20,159.39478862927416
169.95285629999853,0.13729700000112643,20,160.16542645024717
170.09149099999922,0.13859489999958896,20,158.66552489005883
170.2279837999995,0.13642850000178441,20,161.18503505669545
170.3644647000001,0.1364095000026282,20,161.20748595293082
170.5012941999994,0.1367859000019962,20,160.76388396171743
170.6398397999983,0.13850040000033914,20,158.77378372529
170.77791509999952,0.1380116000000271,20,159.3361178010811
170.91564549999748,0.13768879999770434,20,159.70966814938208
171.0536162999997,0.13793590000204858,20,159.42356235899
171.19109670000034,0.13744620000215946,20,159.99156437336575
171.32817539999814,0.13700059999973746,20,160.51194341894956
171.46546159999707,0.13724179999917396,20,160.2298465602488
171.60333139999784,0.13782879999780562,20,159.54744259450933
171.74177719999716,0.13840819999677478,20,158.8795501713946
171.8795573999996,0.1377390000016021,20,159.65146077192531
172.01758939999854,0.13799759999892558,20,159.35228261717026
172.1541505999994,0.13652020000154153,20,161.07676779899015
172.29139849999774,0.1371819999985746,20,160.29969351480872
172.4287353999971,0.13726619999943068,20,160.20136461569712
172.56700490000003,0.13821150000148918,20,159.10566454515768
172.70437759999913,0.13732600000003004,20,160.13160330538417
172.8432157999996,0.138801400000375,20,158.42947229250274
172.98068729999795,0.13743410000097356,20,160.00565038345087
173.11779439999736,0.1370757999975467,20,160.42388631628316
173.25461969999742,0.13679380000030505,20,160.75459966366137
173.3927033,0.138025899999775,20,159.3196099830238
173.5307176999995,0.1379694000024756,20,159.3848531277619
173.6686912999976,0.13793669999722624,20,159.42263774588054
173.80678799999805,0.13802519999808283,20,159.3204179803793
173.94512439999744,0.138284399999975,20,159.02178810859343
174.08227759999863,0.1371091000000888,20,160.38492379795184
174.21896149999884,0.1366435999989335,20,160.93130271517754
174.35678439999901,0.13776059999872814,20,159.6264284252756
174.4955044999988,0.1386769999990065,20,158.5715912204442
174.6334848000006,0.13793810000061058,20,159.42101968508095
174.77147440000044,0.13795130000289646,20,159.40576533210117
174.90933479999876,0.13781190000008792,20,159.56700804143887
175.04640939999808,0.1370363999994879,20,160.47001056363254
175.18286230000012,0.1364149000000907,20,161.2011045384733
175.3207349000004,0.13783350000085193,20,159.5420021648154
175.45880169999873,0.1380003999984183,20,159.34904939240786
175.5974733999974,0.1386278999998467,20,158.62775498687
175.73520469999858,0.13768029999846476,20,159.71952818061268
175.8725244999987,0.1372750000009546,20,160.19109492163236
176.0096502999986,0.13708989999940968,20,160.40738636190335
176.14724099999876,0.1375609999995504,20,159.85804519879815
176.2854041999999,0.1381206000005477,20,159.21037524766615
176.42340049999984,0.13794090000010328,20,159.4177836704236
176.56127319999723,0.13782979999814415,20,159.5462850255612
176.69946889999846,0.13815819999945234,20,159.16704586196963
176.8365976999994,0.13708839999890188,20,160.40914151522776
176.97373289999814,0.1370984999994107,20,160.3973242275774
177.1115413999978,0.13777529999788385,20,159.6093970098977
177.2500239000001,0.13839000000007218,20,158.90044479737358
177.38815079999767,0.13805429999774788,20,159.28683536752374
177.52618869999787,0.13798680000036256,20,159.36475485671252
177.66435629999978,0.13812569999936386,20,159.20449674189
177.80176399999982,0.13736300000164192,20,160.08847036871026
177.93882569999914,0.1370083000001614,20,160.5029224907841
178.07657699999982,0.13770120000117458,20,159.69528628169124
178.21539499999926,0.13877839999986463,20,158.45572910151327
178.3532914999996,0.13785429999916232,20,159.51792984080748
178.49112930000047,0.1377853000012692,20,159.59781308541216
178.62898099999802,0.13780820000101812,20,159.57129224064707
178.7663743999983,0.1373554999991029,20,160.09721165634883
178.90265759999966,0.13623780000125407,20,161.4106551582423
179.04013709999708,0.1374489999980142,20,159.98830515927875
179.17867560000013,0.13850770000135526,20,158.76541560725386
179.31801809999888,0.139284900000348,20,157.87951569384091
179.4556068999991,0.13752390000081505,20,159.901170308504
179.59375290000025,0.13807470000028843,20,159.2633013540791
179.73047640000004,0.1366362000007939,20,160.94001849723742
179.8677594999972,0.13719169999967562,20,160.28835968627834
180.00542719999794,0.1375767999998061,20,159.83968631012638
180.14698119999957,0.14051520000066375,20,156.49718005892692
180.2850870000002,0.1380343000018911,20,159.3099146749665
180.4238183999987,0.13865079999959562,20,158.60155553075882
180.56178499999805,0.13789689999975963,20,159.46865053208833
180.69826049999756,0.13642889999755425,20,161.1845624784354
180.8351679999978,0.13685999999870546,20,160.67684170486632
180.97361739999906,0.13839870000083465,20,158.8904560186431
181.11136089999854,0.13769980000142823,20,159.6969099104858
181.249345799999,0.13794699999925797,20,159.41073423588978
181.38742469999852,0.13800310000078753,20,159.3459317609134
181.5260066999981,0.13851729999805684,20,158.75441230682728
181.66316219999862,0.1371103999990737,20,160.38340312382257
181.80006479999793,0.13685899999836693,20,160.67801573723614
181.9380300999983,0.13792499999908614,20,159.43616136063588
182.07651899999837,0.13845099999889499,20,158.83043499646453
182.214630399998,0.13805850000062492,20,159.28198955819786
182.35276599999997,0.1380559000026551,20,159.28498930576006
182.4908589000006,0.13800710000214167,20,159.34131327430794
182.62799109999833,0.13704130000041914,20,160.46427285389692
182.76483279999957,0.13676590000250144,20,160.78739331308316
182.90297599999758,0.138095099999191,20,159.23977429792097
183.04094619999887,0.13792779999857885,20,159.43292473124765
183.17930329999945,0.13831260000006296,20,158.98936579537937
183.31726369999888,0.13792739999917103,20,159.43338709822825
183.45525279999856,0.1379266000003554,20,159.43431184023487
183.59180539999943,0.13650889999917126,20,161.0901014926756
183.7286228999983,0.1367790000003879,20,160.77199391322966
183.8661921999992,0.13752519999979995,20,159.89965879382098
184.00397139999768,0.1377452999986417,20,159.64415886231214
184.14133189999848,0.13733099999808474,20,160.1257731744958
184.27994149999722,0.13855599999806145,20,158.71007069941157
184.41803959999743,0.13802859999850625,20,159.31649350756277
184.5545471000005,0.1364541000002646,20,161.15479531562158
184.691382099998,0.13679699999920558,20,160.75083924097535
184.82971039999757,0.1382897999974375,20,159.01557855986107
184.96771159999844,0.13795609999942826,20,159.40021902337872
185.10516590000043,0.13742150000325637,20,160.02032109239758
185.24301759999798,0.13782219999848166,20,159.55508296749187
185.3812435999971,0.1381541999980982,20,159.17165425171808
185.51784869999756,0.13653229999908945,20,161.0624925798998
185.65518999999767,0.13727789999757078,20,160.18771088361004
185.79318140000032,0.1379214000007778,20,159.4403229331778
185.93194609999773,0.13870519999909448,20,158.53935220643177
186.0700627999977,0.13805689999935566,20,159.28383554623224
186.20777710000038,0.13765070000226842,20,159.75387379183402
186.34555809999802,0.13772469999821624,20,159.66803743849002
186.48256469999978,0.13693659999989904,20,160.58696181690075
186.61970379999912,0.1370731999995769,20,160.4269292289658
186.75804499999867,0.13827939999828232,20,159.02753812782785
186.89505519999875,0.13694369999939227,20,160.5786360060199
187.03355999999985,0.13845349999974133,20,158.8275670572509
187.1716137000003,0.13799629999994067,20,159.35378380093854
187.30902739999874,0.13737179999952787,20,160.07821514747263
187.44613559999925,0.13703779999923427,20,160.4683711767328
187.58355369999845,0.1373557000006258,20,160.09697854126046
187.72154849999788,0.1379553999977361,20,159.40102783856864
187.8588017999973,0.13721319999967818,20,160.26324402879297
187.99746120000054,0.13861500000348315,20,158.64251744015743
188.13520739999876,0.13771030000134488,20,159.68473349709674
188.27256339999803,0.1373046999979124,20,160.1564444323781
188.40907940000034,0.13647459999992861,20,161.1305880766934
188.54729640000005,0.1381476999995357,20,159.1791434500459
188.68518509999922,0.13784930000110762,20,159.5237157921245
188.8226649999997,0.1374409000018204,20,159.99773397313857
188.9606946999993,0.13798460000180057,20,159.36729573614048
189.09926629999973,0.1385316000014427,20,158.7380247921123
189.23629009999786,0.1369857999998203,20,160.52928519269037
189.37263379999786,0.13630759999796283,20,161.32800046254687
189.51017899999715,0.13748799999666517,20,159.94292269909653
189.6490006999993,0.13877850000062608,20,158.45561492176952
189.78630749999866,0.13725780000095256,20,160.21116873042837
189.9243052999991,0.13795899999968242,20,159.39686831283657
190.06229419999727,0.1379488999991736,20,159.40853863750806
190.20008889999735,0.1377573999998276,20,159.63013642495807
190.3362804999997,0.13613590000022668,20,161.5314737367835
190.47413450000022,0.13778960000126972,20,159.5928325165133
190.61208439999973,0.13789860000179033,20,159.4666846163377
190.7499504999978,0.13782670000000508,20,159.54987354060708
190.8877554999999,0.13774320000084117,20,159.64659275656228
191.02581759999885,0.13801539999985835,20,159.33173077455538
191.1629490999985,0.137094599998818,20,160.40188713275063
191.30005829999936,0.1370755999996618,20,160.42412038009869
191.43804660000023,0.13791240000136895,20,159.45072781926584
191.57607499999722,0.13797759999943082,20,159.37538089958596
191.71329839999817,0.13718929999959073,20,160.2911637830764
191.8518656999986,0.13853179999932763,20,158.7377956225699
191.98993749999863,0.1380089999984193,20,159.33911959199665
192.12722550000035,0.13725110000086715,20,160.21898954092947
192.26379859999724,0.13654089999909047,20,161.05234809252377
192.402479999997,0.1386060999975598,20,158.65270400009194
192.54000679999808,0.13745750000089174,20,159.9784119118807
192.67750709999746,0.13746349999928498,20,159.9714291839971
192.81548320000002,0.13794229999984964,20,159.41616571235923
192.95381590000034,0.13829450000048382,20,159.01017434130114
193.0907855000005,0.13693530000091414,20,160.58848635357865
193.22720709999703,0.13639169999805745,20,161.22852457908508
193.36506949999966,0.13782659999924363,20,159.54998930279552
193.50267959999837,0.13755269999819575,20,159.8676911162663
193.63992439999856,0.13719570000102976,20,160.28368640821066
193.77804990000004,0.1380611000022327,20,159.27898991942246
193.91616069999873,0.13804370000070776,20,159.2990665666543
194.05388449999737,0.1376797999982955,20,159.7201082206122
194.19170680000025,0.13778369999999995,20,159.59966640117813
194.3295868999994,0.13783220000186702,20,159.54350692524773
194.46709980000014,0.1374299000017345,20,160.01054032086512
194.6052901999974,0.13813719999961904,20,159.1912428772311
194.74329339999895,0.13796070000171312,20,159.3949041665267
194.88128599999982,0.1379551000027277,20,159.4013744695571
195.01817559999836,0.13684500000090338,20,160.69445398352028
195.15645389999918,0.13824620000013965,20,159.0657287903594
195.294060799999,0.137567300000228,20,159.85072437624024
195.43152869999903,0.137434200001735,20,160.00553395910472
195.56948310000007,0.13789360000009765,20,159.47246685491154
195.7081208999989,0.13860320000094362,20,158.6560234927497
195.84627059999912,0.13810910000029253,20,159.2236322984758
195.98288799999864,0.1365804000015487,20,161.00577063232097
196.1201648999995,0.13724500000171247,20,160.22611064334305
196.2578723000006,0.13763740000285907,20,159.76931092176406
196.39528959999734,0.1373755999993591,20,160.07378716178556
196.53341219999857,0.1380423000009614,20,159.3006821486374
196.6714011999975,0.13794699999925797,20,159.41073423588978
196.8097237999973,0.13828680000005988,20,159.01902824789119
196.94695169999977,0.13718520000111312,20,160.29595434012978
197.08454569999958,0.1375588000009884,20,159.8606018325399
197.22183759999825,0.13725909999993746,20,160.20965134938243
197.36009479999848,0.13822559999971418,20,159.08943463125115
197.49832839999726,0.13814949999868986,20,159.17706944815976
197.63642479999908,0.13803740000003017,20,159.30633694574945
197.77379239999937,0.13732960000197636,20,160.12740556444882
197.91154499999902,0.1377037999991444,20,159.69227106046915
198.04871739999726,0.13712309999755234,20,160.36854881425907
198.18613769999865,0.13738569999986794,20,160.0620192315586
198.32400269999926,0.1378303000019514,20,159.54570624317483
198.462602399999,0.1385587000004307,20,158.70697802051873
198.60072809999838,0.13804539999910048,20,159.2971048340857
198.73840539999946,0.13764119999905233,20,159.76490001301502
198.87481509999998,0.13637000000016997,20,161.2541802118691
199.01217819999874,0.1373106999999436,20,160.14944615043862
199.14940699999715,0.13718859999789856,20,160.29198166507163
199.28740209999887,0.13795889999892097,20,159.39698385310402
199.42551959999764,0.13805189999766299,20,159.28960453200762
199.56428799999776,0.13870390000010957,20,158.54083811271803
199.7023122999999,0.13798370000222349,20,159.36833521035925
199.83908510000037,0.1367327000007208,20,160.82643402349314
199.97543559999758,0.13630619999821647,20,161.3296574609793
200.11291679999704,0.13744369999767514,20,159.99447450768542
200.2508882999973,0.13793409999925643,20,159.42564279346834
200.38887009999962,0.1379497000016272,20,159.40761419024912
200.52730149999843,0.13836889999947743,20,158.9246756720842
200.66522169999735,0.13786289999916335,20,159.50797898240538
200.8025345999995,0.13727030000154627,20,160.19657970640623
200.9389435999983,0.13636899999983143,20,161.25536269641327
201.0764500999976,0.13747169999987818,20,159.96188710505135
201.21429919999719,0.1378153999976348,20,159.56295563411197
201.3522770999989,0.1379464999990887,20,159.41131203521127
201.49030239999774,0.1379839000001084,20,159.36810421725087
201.62890259999767,0.13855039999907603,20,158.71648552199522
201.76519239999834,0.1362528999998176,20,161.3927670937605
201.90155289999893,0.13631919999897946,20,161.3142723525712
202.03867279999758,0.1370695000005071,20,160.43125972910562
202.1772342999975,0.13852330000008806,20,158.74753601384043
202.31521969999812,0.1379510000006121,20,159.40611199210173
202.45337649999783,0.1380914000001212,20,159.24404094317748
202.59091869999975,0.13745960000233026,20,159.975967885453
202.72863479999796,0.13767580000057933,20,159.72474868805892
202.86555579999913,0.13687270000082208,20,160.66193298874006
203.00303709999935,0.1374271000022418,20,160.0138004451908
203.1410130999975,0.13793779999832623,20,159.42136641143207
203.27958139999828,0.1385368000010203,20,158.73206653653068
203.41771030000018,0.13806120000299416,20,159.27887455014948
203.55555139999706,0.13776889999644482,20,159.61681160325347
203.69272949999868,0.13713989999814657,20,160.34890324272655
203.82989989999987,0.13711100000000442,20,160.38270128231352
203.9666419999994,0.13667369999893708,20,160.89586040102097
204.10480559999996,0.13808140000037383,20,159.25557356356805
204.24314609999783,0.1382458999978553,20,159.06607397297967
204.38100399999894,0.1377902999993239,20,159.59202175790242
204.5184257999972,0.13733729999876232,20,160.1184278103485
204.65616959999898,0.13769609999872046,20,159.70120109229197
204.79335150000043,0.1371346000014455,20,160.3551004289815
204.9314134999986,0.13800049999917974,20,159.34893392162135
205.0695042999978,0.13802639999994426,20,159.31903284827308
205.20748959999764,0.13794829999824287,20,159.40923197893778
205.34514679999847,0.13762409999981173,20,159.78475103960776
205.48297959999763,0.13776789999974426,20,159.61797019161082
205.62070599999788,0.13766219999888563,20,159.7405283055044
205.75784959999874,0.1371036999989883,20,160.39124075923746
205.89562379999916,0.1377333999989787,20,159.65795192511806
206.0340789999973,0.13841489999686019,20,158.87185957594758
206.17230840000047,0.13816770000266843,20,159.156102005717
206.30917919999774,0.13683619999937946,20,160.7047883207786
206.44570739999835,0.13646979999975883,20,161.13625546134648
206.58357999999862,0.13778960000126972,20,159.5928325165133
206.72089349999806,0.137248200000613,20,160.22237490489334
206.858897099999,0.13792470000043977,20,159.4365081486484
206.99702289999914,0.1380676000007952,20,159.27149132304282
207.13571059999958,0.1386320000019623,20,158.62306361596697
207.27344149999772,0.13768960000015795,20,159.70874020619402
207.40996209999867,0.13648140000077547,20,161.12255996344598
207.54648589999852,0.13647439999840572,20,161.13082421155093
207.6837310999981,0.13716790000034962,20,160.31617131605827
207.82143509999878,0.13765169999896898,20,159.75271322972915
207.9594808999973,0.13799079999807873,20,159.3601352831216
208.09827709999809,0.13875159999952302,20,158.48633497268207
208.2370708999988,0.1387563999996928,20,158.48085245486828
208.37420029999703,0.1370939999978873,20,160.40258914218626
208.51123219999863,0.13698629999998957,20,160.52869926059523
208.6487058999992,0.13740089999919292,20,160.0443123418345
208.78700939999908,0.1382670999992115,20,159.04168493911715
208.92501540000012,0.13796110000112094,20,159.39444202272472
209.0635416999976,0.1384887999993225,20,158.78708282278114
209.20207189999928,0.13849750000008498,20,158.77710829081033
209.33907159999944,0.1369622000020172,20,160.55694604201835
209.47546999999759,0.13636119999864604,20,161.26458666936304
209.61197899999752,0.13644249999924796,20,161.1684962943453
209.74934779999967,0.13732879999952274,20,160.12833837910492
209.88780039999983,0.13841820000016014,20,158.86807194064477
210.02594060000047,0.1380693000028259,20,159.26953026538064
210.1640714999994,0.13804520000121556,20,159.2973356214223
210.30127340000035,0.13715230000161682,20,160.33440602352835
210.43876979999914,0.13745159999962198,20,159.98527885874356
210.57591639999737,0.13706169999932172,20,160.44038966121695
210.71344379999937,0.13747800000055577,20,159.9545567685819
210.85143949999838,0.1379558000007819,20,159.40056565505304
210.990205099999,0.13871980000112671,20,158.522666233237
211.12800929999867,0.13772210000024643,20,159.67105174464123
211.2651459999979,0.1370941999994102,20,160.40235513693946
211.40196339999966,0.13678020000224933,20,160.77058342624426
211.53940800000055,0.13740720000350848,20,160.03697444499645
211.67721009999877,0.13772469999821624,20,159.66803743849002
211.8152059999993,0.13795509999908973,20,159.40137447376065
211.95319929999823,0.1379519000001892,20,159.40507202503076
212.0912821999991,0.1380410000019765,20,159.30218236035046
212.22845099999904,0.13712600000144448,20,160.3651572662249
212.3649407999983,0.13645639999958803,20,161.1520790200122
212.50136980000025,0.13639250000051106,20,161.22757890234143
212.63902649999727,0.1375713999987056,20,159.84596039385298
212.77704679999806,0.13795129999925848,20,159.40576533630494
212.91518279999946,0.13809360000232118,20,159.24150398823966
213.052601899999,0.13736570000037318,20,160.08532374137258
213.19050760000027,0.1378686000025482,20,159.50138432618857
213.32765259999724,0.13710169999831123,20,160.39358050112338
213.46515689999796,0.13747169999987818,20,159.96188710505135
213.60274809999828,0.1375162000003911,20,159.91012371965962
213.74121699999887,0.138413100001344,20,158.8739256277511
213.87918960000025,0.13793690000238712,20,159.42240658692086
214.01649559999714,0.13726979999773903,20,160.19716322076815
214.15421219999917,0.13767770000049495,20,159.7225444312401
214.2913172999979,0.13707219999923836,20,160.42809961204526
214.42858299999716,0.1372278999988339,20,160.2460764589917
214.56636799999978,0.13774069999999483,20,159.6494903504979
214.70534119999866,0.1389271000007284,20,158.28612671973076
214.8430582000001,0.13768120000167983,20,159.71848411585387
214.97967169999902,0.1365589999986696,20,161.031001660339
215.1164976,0.1367846000030113,20,160.76541185949213
215.25416289999703,0.13763429999744403,20,159.7729094849785
215.39134769999873,0.13714669999899343,20,160.34095283139436
215.5292206999984,0.13783880000119098,20,159.5358676608473
215.66812199999913,0.13884279999911087,20,158.38223196061176
215.80740739999965,0.13924670000051265,20,157.92282729457173
215.94377669999812,0.13632869999855757,20,161.303031245458
216.0801111999972,0.13629690000016126,20,161.3406655286656
216.21642969999812,0.13628799999787589,20,161.3512015427824
216.35437239999737,0.1379132000001846,20,159.44980288681987
216.49256759999844,0.1381623999986914,20,159.16220734243385
216.63069619999806,0.13806599999952596,20,159.27333706774658
216.76869019999867,0.1379488999991736,20,159.40853863750806
216.90562399999908,0.1369023000006564,20,160.62719585729798
217.04197840000052,0.13630640000337735,20,161.3294207386824
217.1783211999973,0.13630259999990813,20,161.33391846916214
217.31578459999946,0.13743149999936577,20,160.00867745474278
217.45454020000034,0.1387250000007043,20,158.5167241334176
217.59272509999937,0.13808309999876656,20,159.2536129020599
217.73089299999992,0.1380779999999504,20,159.25949503561682
217.8679106999989,0.13698700000168174,20,160.52787896114256
218.00475549999828,0.1368094999997993,20,160.7361517698132
218.14124809999703,0.13639949999924283,20,161.21930473089762
218.27862710000045,0.1373096000024816,20,160.1507291196141
218.41661419999946,0.1379495000001043,20,159.40784530210962
218.5555480999974,0.1389004999982717,20,158.31643914740135
218.69370789999812,0.13808509999944363,20,159.2513063003076
218.83081459999812,0.13707789999898523,20,160.42142865978244
218.9672713,0.13642059999983758,20,161.19436914620064
219.10433849999754,0.13701139999830048,20,160.49929097719442
219.24189479999768,0.13752190000013798,20,159.90349577411263
219.37987109999813,0.1379421999990882,20,159.41628128060418
219.51802769999995,0.1381266999997024,20,159.2033441439445
219.65703889999713,0.13894089999666903,20,158.27040530216226
219.79405819999738,0.13698049999948125,20,160.5354963341737
219.93041789999916,0.13632890000008047,20,161.30279460559734
220.06660740000007,0.1361324000026798,20,161.53562675077438
220.20442759999787,0.13777879999906872,20,159.60534244505422
220.34238399999958,0.13792490000196267,20,159.43627695366885
220.48037959999783,0.13796530000036,20,159.38958966829065
220.61849009999787,0.13803890000053798,20,159.30460584251466
220.75634290000016,0.13781230000313371,20,159.5665448949039
220.89268079999965,0.1363085000011779,20,161.3269352632446
221.02903999999762,0.1363203999972029,20,161.3128523388371
221.1666198999992,0.13752360000216868,20,159.90151912234137
221.30524409999998,0.13859530000263476,20,158.66506696188077
221.44324199999755,0.13796279999951366,20,159.39247794041233
221.58135529999709,0.1380414999985078,20,159.30160535605387
221.71887470000001,0.13745790000029956,20,159.97794637828804
221.85585979999814,0.1369589999994787,20,160.5606974028994
221.99221489999763,0.13631639999948675,20,161.3175858194817
222.12965989999793,0.13740319999851636,20,160.04163335175195
222.26762139999846,0.13793399999849498,20,159.42575837545448
222.4060013999988,0.1383531999999832,20,158.94271007481336
222.5440226999999,0.13798420000239275,20,159.36775772254123
222.68151079999734,0.1373924999970768,20,160.0540972468502
222.81875339999897,0.1371714000015345,20,160.31208076373065
222.95604959999764,0.13726559999849997,20,160.20206487102604
223.0936053000005,0.13749800000005052,20,159.93129031340035
223.23160110000026,0.13795290000052773,20,159.4039165210436
223.36956139999893,0.13793150000128662,20,159.428647954346
223.50793229999908,0.13831019999997807,20,158.99212462655314
223.64520759999868,0.13719789999959175,20,160.28111622397597
223.7823548999986,0.13710789999822737,20,160.3863275260164
223.9194826999992,0.13709000000017113,20,160.407269352196
224.05774799999926,0.13823369999954593,20,159.08011256005034
224.19590199999948,0.13811730000088573,20,159.2141792185264
224.33405439999842,0.13808539999809,20,159.25096031748592
224.47121770000012,0.13712680000026012,20,160.3642216946526
224.6089467999991,0.13768479999998817,20,159.7143080101935
224.7454736999971,0.13646169999992708,20,161.1458200764885
224.88267429999905,0.13711890000195126,20,160.37346095401196
225.0206427999983,0.13791889999993145,20,159.4432130442668
225.15958089999913,0.13889430000199354,20,158.32350611367332
225.2975934999995,0.137967499998922,20,159.3870480779301
225.4349590999991,0.13732170000002952,20,160.1366175594627
225.57178619999831,0.13678589999835822,20,160.76388396599313
225.70869219999804,0.13684469999861903,20,160.69480627121047
225.84508899999855,0.13636029999906896,20,161.26565104117654
225.98242059999757,0.13730159999977332,20,160.16006044762995
226.1204564999971,0.1379834999970626,20,159.36856621254086
226.25910799999838,0.13861199999882956,20,158.6459509689326
226.39645050000036,0.1373109000014665,20,160.14921288320986
226.53379759999734,0.13730669999858947,20,160.1541116037739
226.6709501999976,0.13708289999703993,20,160.4155774060429
226.8071925999975,0.13620309999896563,20,161.45177720394764
226.94491419999758,0.13769259999753558,20,159.7052605289869
227.0829180999972,0.13796869999714545,20,159.38566179122495
227.22153979999712,0.1385703999985708,20,158.69357781854424
227.358035199999,0.13646720000178902,20,161.1393254586576
227.49535599999945,0.1372908000012103,20,160.1726594595278
227.63263480000023,0.13724180000281194,20,160.22984655600146
227.7704150999998,0.1377360000005865,20,159.65493810932773
227.90809289999743,0.13760419999744045,20,159.80785874216804
228.04620419999992,0.1380395000014687,20,159.30391341091521
228.18434549999802,0.13806800000020303,20,159.27102989460022
228.32175590000043,0.13734090000070864,20,160.1142307601489
228.4587748999984,0.13693229999989853,20,160.59200462955997
228.59606019999774,0.13720889999967767,20,160.26826653060888
228.73362179999822,0.13748289999784902,20,159.94885586399505
228.87218179999763,0.1385171999972954,20,158.75452691759125
229.01016359999994,0.1379385000000184,20,159.42055738983004
229.14834359999804,0.13813329999902635,20,159.19573741939854
229.28558279999925,0.13719990000026883,20,160.27877976206187
229.42307140000048,0.13744450000012876,20,159.99354325199914
229.55942859999777,0.1363203999972029,20,161.3128523388371
229.69696699999986,0.13746520000131568,20,159.9694508523578
229.83498680000048,0.137975000001461,20,159.37838416587894
229.97371399999975,0.13869210000120802,20,158.5543268529964
230.11150719999932,0.13775349999923492,20,159.63465578473242
230.24875210000027,0.13720170000306098,20,160.27667700202986
230.385871399998,0.13708449999830918,20,160.41370509278022
230.52277539999704,0.13687209999989136,20,160.6626372762415
230.66038040000058,0.13755850000234204,20,159.86095046940466
230.79854879999766,0.13809169999876758,20,159.2436949919239
230.9367103000004,0.1380806000015582,20,159.25649624401868
231.07495039999776,0.13816790000055335,20,159.1558716274325
231.2122008999977,0.13717609999730485,20,160.30658807147927
231.34913699999743,0.1368834999993851,20,160.64925689085086
231.4856129999971,0.13643349999983911,20,161.1791279674415
231.62397839999903,0.13830830000006245,20,158.99430876896088
231.7620872999978,0.1380432000005385,20,159.29964355675773
231.9002436999981,0.13811839999834774,20,159.21291121083837
232.03815959999702,0.1378768999966269,20,159.49178256878406
232.17583979999836,0.13763050000125077,20,159.77732083600768
232.31199859999833,0.13612099999954808,20,161.54915520450928
232.4483631999974,0.13633219999974244,20,161.2988901782671
232.58628399999725,0.13787979999688105,20,159.48842800770987
232.7247518999975,0.13840559999880497,20,158.88253477973342
232.86289269999907,0.13806100000147126,20,159.27910528886258
233.00099090000003,0.1380315000023984,20,159.31314631180493
233.1403879999998,0.13934850000077859,20,157.8074579589815
233.27755179999804,0.13709639999797218,20,160.39978114556808
233.41398409999965,0.13638130000254023,20,161.24081934334407
233.55426239999724,0.14024119999885443,20,156.80294061730524
233.69242519999898,0.1380721999994421,20,159.26618505107368
233.8345918999985,0.14211380000051577,20,154.73678527658956
233.97275699999955,0.13811360000181594,20,159.2184444922938
234.11287739999898,0.14006480000170995,20,157.00042091411643
234.24906139999803,0.1361280999990413,20,161.5407293253551
234.3861113999992,0.13698680000015884,20,160.52811333277734
234.5260374999998,0.13985300000058487,20,157.23818978089878
234.664248699999,0.1381495999994513,20,159.17695422648592
234.80468889999975,0.1403749000019161,20,156.65359373520363
234.9427203999985,0.13797920000070008,20,159.37353278906116
235.0806292999987,0.1378602000004321,20,159.5111029539423
235.21706889999768,0.13637910000034026,20,161.24342040287067
235.35342359999777,0.13631119999990915,20,161.3237397626509
235.4910065999975,0.13752369999929215,20,159.90140285371314
235.6291160999972,0.1380444999995234,20,159.29814339286187
235.7672367999985,0.13804739999977755,20,159.29479697231122
235.9052559999982,0.1379769999985001,20,159.37607395260838
236.042894299997,0.1375973999965936,20,159.81575637377156
236.17962949999855,0.13668820000020787,20,160.87879243041138
236.31599709999864,0.13632289999804925,20,161.30989405180404
236.4535493000003,0.13751840000259108,20,159.90756549745828
236.59171509999942,0.1381256000022404,20,159.20461199924793
236.7299131999971,0.13814629999978933,20,159.1807566004557
236.86711659999855,0.13716180000119493,20,160.32330105997752
237.00602819999767,0.13887400000021444,20,158.3466491602895
237.14265819999855,0.13655799999833107,20,161.03218087397846
237.2791044000005,0.13638230000287876,20,161.23963707208216
237.41664499999752,0.13748759999725735,20,159.94338802887438
237.55497749999995,0.13826890000200365,20,159.03961451346862
237.69299469999896,0.13797450000129174,20,159.378961730712
237.83165969999754,0.13859359999696608,20,158.66701316656312
237.9693402999983,0.1376139999993029,20,159.79647823354742
238.10650369999712,0.13711979999789037,20,160.37240833095095
238.2436538999973,0.13710619999983464,20,160.38831617787176
238.38117609999972,0.13748739999937243,20,159.94362069266256
238.52031290000014,0.13907170000311453,20,158.12154848921475
238.65936189999775,0.1389856999994663,20,158.21938915733375
238.79680819999703,0.13738549999834504,20,160.0622522448504
238.93412129999706,0.13726689999748487,20,160.20054766242208
239.07125389999783,0.13709489999746438,20,160.4015361324653
239.2085967999992,0.13729529999909573,20,160.1674096321202
239.34672560000035,0.13805450000290875,20,159.28660460221636
239.48472330000004,0.1379588000017975,20,159.3970993893357
239.62281040000016,0.13802450000002864,20,159.32122598173106
239.76015460000053,0.13727940000171657,20,160.1859605683375
239.89656319999995,0.13634970000202884,20,161.27818803556437
240.03290959999867,0.13630499999999302,20,161.3310777705963
240.17026020000048,0.13729130000137957,20,160.17207612790492
240.30835189999925,0.13801990000138176,20,159.3265359219928
240.4464162999975,0.1380016999974032,20,159.3475482978383
240.58447080000042,0.13799629999994067,20,159.35378380093854
240.72198429999844,0.13746460000038496,20,159.97014908171573
240.8583832999975,0.13634299999830546,20,161.28611337430823
240.99471889999768,0.13629600000058417,20,161.3417309049844
241.1321351000006,0.13737770000079763,20,160.07134022037292
241.2701941999985,0.13800410000112606,20,159.34477711416233
241.40818790000048,0.13795280000340426,20,159.40403206732555
241.5461824999984,0.13795570000002044,20,159.40068120068065
241.68352479999885,0.137274199998501,20,160.19202847847689
241.82276529999945,0.13916099999914877,20,158.02008145712168
241.95947859999796,0.13665860000037355,20,160.91363847909966
242.0972602999973,0.13771509999787668,20,159.67916775908415
242.2380548000001,0.14074580000306014,20,156.24077276225566
242.38193129999854,0.14381009999851813,20,152.91160047692475
242.52423409999756,0.14220369999748073,20,154.6389619673017
242.6648682999985,0.1405626999985543,20,156.44429536246935
242.80307729999913,0.13812940000207163,20,159.2002322111744
242.94045849999748,0.13730369999757386,20,160.1576108721656
243.07832620000045,0.13778870000169263,20,159.5938749349538
243.2164081999981,0.13801020000028075,20,159.33773413468907
243.3546241999975,0.13816529999894556,20,159.1588666306795
243.4924452999985,0.13777109999864479,20,159.61426275711167
243.6295919999975,0.13707719999729306,20,160.4222478716683
243.7661386999971,0.13646369999696617,20,161.14345834100118
243.90313249999963,0.13693269999930635,20,160.59153551804204
244.04115610000008,0.13797630000044592,20,159.3768825185842
244.17909009999858,0.13787719999891124,20,159.49143553606868
244.31748349999907,0.13832449999972596,20,158.97568800583818
244.45552730000054,0.13798440000027767,20,159.3675267311069
244.59208500000022,0.13650609999967855,20,161.09340575675213
244.73156249999738,0.13939599999866914,20,157.75368414968827
244.87141150000025,0.13975090000167256,20,157.35306574238032
245.01001410000026,0.1385377000005974,20,158.73103534579522
245.14863870000045,0.13855700000203797,20,158.7089252451811
245.28826149999804,0.1395392999984324,20,157.59167887302746
245.43189549999806,0.14354950000051758,20,153.18919644750216
245.57336609999766,0.14137560000017402,20,155.54475139623057
245.71183759999985,0.13838640000176383,20,158.9045784501925
245.84988229999726,0.13795209999807412,20,159.40484092541539
245.98799009999857,0.13804549999986193,20,159.2969894385691
246.1260801999997,0.1380291000023135,20,159.3159163911916
246.26409520000016,0.1379709000029834,20,159.38312031772278
246.40181630000006,0.13768280000294908,20,159.71662803958796
246.53829570000016,0.13643660000161617,20,161.17546578600988
246.6746542999972,0.13631399999940186,20,161.32042604293392
246.81382219999796,0.1390888999994786,20,158.10199487955137
246.9539122999995,0.1400087000001804,20,157.06332931804712
247.092560699999,0.13855279999916092,20,158.71373624822576
247.2306241999977,0.13798079999833135,20,159.37168472559904
247.36835159999828,0.1376219999983732,20,159.78718922686738
247.50721989999874,0.1387748000015563,20,158.4598396486494
247.64614849999998,0.13883690000147908,20,158.38896255452065
247.78434999999808,0.13810299999749986,20,159.2306651985699
247.9224385999987,0.13801130000138073,20,159.33646415402217
248.0620558999981,0.1395276000002923,20,157.60489362301033
248.2002524999989,0.13809499999842956,20,159.2398896105585
248.33757779999723,0.13723789999858127,20,160.23439994161475
248.47656689999712,0.13892389999818988,20,158.28977271590074
248.61359769999763,0.13695649999863235,20,160.5636282742301
248.75277739999729,0.13908209999863175,20,158.10972480093653
248.89157259999774,0.1387085999995179,20,158.53546611815293
249.0298597000001,0.1382067000013194,20,159.1111903786869
249.16734519999955,0.1373864000015601,20,160.06120369461814
249.3048424999979,0.13740929999767104,20,160.03452863738272
249.44259059999968,0.137680800002272,20,159.7189481406058
249.58127329999843,0.13859750000119675,20,158.66254842497247
249.72065369999837,0.13929519999874174,20,157.8678415029279
249.86031100000037,0.13955110000097193,20,157.5783534158229
249.9990715999993,0.13868020000154502,20,158.56793223023195
250.1369831999982,0.1378340000010212,20,159.54142341771316
250.27431309999884,0.1372467000001052,20,160.22412601179587
250.41134369999781,0.13697680000041146,20,160.53983269760968
250.54997209999783,0.13858489999984158,20,158.67697386616535
250.68751319999865,0.1374824999984412,20,159.9493212282969
250.826720699999,0.1391379999986384,20,158.04620273207317
250.9673554000001,0.14054140000007465,20,156.46800555215987
251.10595159999866,0.1384996000015235,20,158.77470083146886
251.24435660000017,0.13831470000150148,20,158.98695189507177
251.38277489999746,0.13834419999693637,20,158.95305011707737
251.5209490999987,0.13809069999842905,20,159.24484817420844
251.6583142999989,0.13730080000095768,20,160.16099363854119
251.79954199999702,0.14115259999744012,20,155.79048884624729
251.94045220000044,0.14083230000323965,20,156.14480879041346
252.07774769999742,0.13722469999993336,20,160.24981330278496
252.21629149999717,0.13845179999771062,20,158.8295172463169
252.3540538999987,0.13768379999964964,20,159.7154680185756
252.4924030000002,0.13829080000141403,20,159.0144286915337
252.6340874999987,0.14160179999817046,20,155.29627840750697
252.77456689999963,0.14038570000047912,20,156.641542232898
252.9196247999971,0.14495739999983925,20,151.70134505409442
253.06769319999876,0.14797449999969103,20,148.60825720354464
253.20903859999817,0.14124919999812846,20,155.68394409179925
253.35007529999712,0.14094189999741502,20,156.023386628982
253.49349619999703,0.14331819999642903,20,153.43642716743526
253.6366371999975,0.14305229999808944,20,153.72162877362823
253.7803289000003,0.14359690000128467,20,153.1386301189181
253.9244187999975,0.14399689999845577,20,152.71323588046565
254.0654431999974,0.14094420000037644,20,156.02084055577504
254.20566189999954,0.14012350000120932,20,156.93465089960083
254.34563309999794,0.13989379999839002,20,157.1923312954046
254.48577699999805,0.14005320000069332,20,157.01342458016765
254.62610709999717,0.14024779999817838,20,156.79556154039938
254.76740620000055,0.14120920000277692,20,155.72804431359683
254.90747269999702,0.13997369999924558,20,157.10260252917885
255.05093979999947,0.1433772999989742,20,153.37318080112635
255.19225549999828,0.1412187999994785,20,155.71745798435623
255.33225899999888,0.13990439999906812,20,157.18042145684106
255.4720806999976,0.13972579999972368,20,157.38133226335788
255.6120153999982,0.13983680000092136,20,157.2564057199186
255.75230739999824,0.14020239999808837,20,156.846334697693
255.89131509999788,0.13891370000055758,20,158.30139543782747
256.0311245999983,0.1397233999996388,20,157.384035570111
256.1692144999979,0.13799939999807975,20,159.35020410107575
256.3072033999997,0.13789990000077523,20,159.4651813046737
256.44926750000013,0.14197880000210716,20,154.8839161564518
256.60047909999776,0.1511145000004035,20,145.52033428599694
256.7416478999985,0.14106389999869862,20,155.88844882158278
256.8845172000001,0.14277860000220244,20,154.01630605133252
257.02684640000007,0.14223260000289883,20,154.60754113383163
257.1673783999977,0.14044519999879412,20,156.57518060929678
257.30719490000047,0.13975940000091214,20,157.3434957174722
257.4479788999997,0.14072310000119614,20,156.2659759153478
257.5876427999974,0.1396132999980182,20,157.50814969513758
257.7247150999974,0.13698889999795938,20,160.5256524860596
257.8625561999979,0.13777309999932186,20,159.61194569642578
257.99993419999737,0.13728809999884106,20,160.1758095254114
258.1405455999993,0.14051480000125594,20,156.49762555491273
258.2844683999974,0.14382959999784362,20,152.89086916635858
258.42967959999805,0.1451231999999436,20,151.52802967084895
258.5732040999974,0.14346669999940787,20,153.277607665129
258.7165380000006,0.14325090000056662,20,153.5085123753709
258.86065699999745,0.14402589999735937,20,152.6824866633236
259.00389679999716,0.14314769999691634,20,153.61918183801563
259.1483628999995,0.14438190000146278,20,152.30602004335174
259.29236039999887,0.1439037999989523,20,152.8120352324268
259.4365889999972,0.14413819999754196,20,152.56352969507742
259.57833879999816,0.1416642000003776,20,155.2278737709413
259.7190167999979,0.14058989999830374,20,156.41402800475225
259.86260299999776,0.14351220000025933,20,153.22901157866903
260.0068180999988,0.1441223000001628,20,152.58036095382298
260.14944919999834,0.14254589999836753,20,154.2677309959237
260.2901953999972,0.1406537999973807,20,156.3429680245362
260.4341099999983,0.14383299999826704,20,152.88725505123963
260.57730159999846,0.14313250000122935,20,153.63549546979988
260.72086539999873,0.14349919999949634,20,153.24289303074292
260.86434839999856,0.1433934999986377,20,153.3558533387421
261.0086252999972,0.14418680000017048,20,152.5121062087098
261.1521901999986,0.14347819999966305,20,153.2653222271512
261.29004480000003,0.13775560000067344,20,159.63222225022065
261.42893099999856,0.13880589999826043,20,158.4243361110413
261.5661419999997,0.13714009999966947,20,160.34866939409406
261.70374719999745,0.13753369999903953,20,159.889776510583
261.8413139999975,0.13752349999776925,20,159.90163539959863
261.9790310999997,0.1376486000008299,20,159.75631103685342
262.1162826999971,0.1372170999966329,20,160.25868901222665
262.2542609999982,0.13794340000094962,20,159.41489448113222
262.39223370000036,0.13794330000018817,20,159.41501004753403
262.5295135999986,0.13725459999841405,20,160.21490395057137
262.666091199997,0.13653789999807486,20,161.05588672324723
262.80255639999814,0.13643479999882402,20,161.1775921957561
262.939121899999,0.13649369999984629,20,161.1080405582438
263.07615339999757,0.13699479999922914,20,160.51873907362716
263.21421740000005,0.13798030000180006,20,159.3722622376754
263.35226630000034,0.13798030000180006,20,159.3722622376754
263.4900067999988,0.137694900000497,20,159.70259287337896
263.6271898999985,0.13713690000076895,20,160.35241102428813
263.7644853999991,0.13726740000129212,20,160.1999641234044
263.90312970000014,0.1385915000028035,20,158.6694173529774
264.04557679999925,0.1423867000012251,20,154.44021495919768
264.1900986999972,0.1444530999979179,20,152.23094939351915
264.3338334,0.1436591000019689,20,153.0723257713477
264.47202689999904,0.13812880000114092,20,159.20092374174226
264.60921029999736,0.13713769999958458,20,160.3514756014328
264.74657189999925,0.13732270000036806,20,160.13545142544575
264.8844262999992,0.13782110000101966,20,159.55635643132516
265.0223382999975,0.13784749999831547,20,159.5257988413916
265.1604236999992,0.13803249999909895,20,159.31199214433957
265.29777280000053,0.13729400000011083,20,160.16892621310654
265.4353659999979,0.13754289999997127,20,159.87908176666767
265.5781494999974,0.14274959999966086,20,154.0475949184603
265.72167739999713,0.1434646999987308,20,153.2797444647676
265.8655306999972,0.14379149999876972,20,152.9313801977735
266.00976439999795,0.14415770000050543,20,152.5428926477247
266.15222509999876,0.14240129999961937,20,154.42438064525237
266.29004319999876,0.13775620000160416,20,159.63152696767133
266.42781549999927,0.13771750000159955,20,159.6763850292417
266.5653440999995,0.13749129999996512,20,159.93908382221696
266.7026709999991,0.13728460000129417,20,160.17989312211785
266.8406990000003,0.13795530000061262,20,159.40114338066277
266.97849549999955,0.1377381999991485,20,159.65238804961837
267.1156048999983,0.1370814000001701,20,160.41733273436594
267.25298439999824,0.137343399997917,20,160.1113162762354
267.3911404999999,0.13811690000147792,20,159.21464031762002
267.52767959999983,0.13650290000077803,20,161.09718222392831
267.66406079999797,0.13635209999847575,20,161.27534930350043
267.8018497999983,0.13775919999898179,20,159.62805065420338
267.9399311999987,0.1380094000014651,20,159.33865776741695
268.07971859999816,0.13974450000023353,20,157.36027217874943
268.2215870999971,0.14180089999717893,20,155.07822979937
268.37086799999815,0.1491963999978907,20,147.39117402183226
268.5194620999973,0.1485179999981483,20,148.06442690983025
268.66988769999807,0.15034229999946547,20,146.2677673256175
268.81119000000035,0.14121450000311597,20,155.72219959731314
268.9530010999988,0.14171509999869158,20,155.17212037195068
269.092095699998,0.1390265999980329,20,158.17284286482686
269.23337249999895,0.14121140000133892,20,155.7256181534316
269.3740641000004,0.14062340000236873,20,156.37676627893785
269.51526199999716,0.14112889999887557,20,155.81665098853037
269.6534428999985,0.13811429999987013,20,159.21763753312058
269.789997099997,0.13649039999654633,20,161.1119357557486
269.92832709999857,0.13826530000005732,20,159.04375541448854
270.06750669999747,0.1390968999985489,20,158.0929018241917
270.20626419999826,0.13870029999816325,20,158.54495308093212
270.3451552000006,0.13881530000071507,20,158.4136082651316
270.48585809999713,0.1406327999975474,20,156.36631394598916
270.6257874999974,0.13985789999787812,20,157.23268085573736
270.76587870000003,0.14001670000288868,20,157.05435533808696
270.90357629999926,0.1376209000009112,20,159.78846639844966
271.0467671000006,0.14310330000080285,20,153.66684454793585
271.18683939999755,0.13998629999696277,20,157.08846191375238
271.3280460999995,0.1411225000010745,20,155.82371737570244
271.4712068999979,0.14308399999936228,20,153.68757202495044
271.6146829999998,0.1433857000010903,20,153.3641956997998
271.7536048000002,0.13883610000266344,20,158.3898752204804
271.8928605000001,0.13918790000025183,20,157.98954187454666
272.0331918999982,0.14024430000063148,20,156.79947459840426
272.17242629999964,0.13918589999957476,20,157.99181206995237
272.3120196999989,0.13953459999902407,20,157.5969870962027
272.4517210999984,0.13963009999861242,20,157.489198645124
272.5899615999988,0.13818819999869447,20,159.1324914553323
272.7280233999991,0.13800479999918025,20,159.34396887391324
272.8656101999986,0.13753089999954682,20,159.89303171572686
273.0036244999974,0.13793799999984913,20,159.4211352603637
273.1436575999978,0.13999019999755546,20,157.08408557101853
273.2824185999998,0.13867910000044503,20,158.569189989331
273.42103059999863,0.1385313999999198,20,158.73825396648508
273.5608695999981,0.1397700999987137,20,157.33145040121153
273.6995214999988,0.13858479999908013,20,158.6770883651451
273.8383092999975,0.13873189999867463,20,158.50884011341358
273.9763810999975,0.13798259999748552,20,159.36960570333312
274.11524869999994,0.13881600000240724,20,158.41280943939216
274.2552848999985,0.13998300000093877,20,157.09216515843013
274.3945730999985,0.13921860000118613,20,157.954702570868
274.5322180000003,0.13755390000005718,20,159.86629645186986
274.6700409999976,0.13776449999932083,20,159.62190953132634
274.80753659999755,0.13745159999962198,20,159.98527885874356
274.94503540000005,0.1374275000016496,20,160.013334705616
275.0831838999984,0.13808150000113528,20,159.2554582282145
275.2210176999979,0.1377619999984745,20,159.62480622931946
275.36038539999936,0.13931439999942086,20,157.84608450821605
275.49779899999703,0.13733339999816963,20,160.12297486127252
275.6374920999988,0.13964670000132173,20,157.47047767911357
275.7753946999983,0.13784519999899203,20,159.5284605897108
275.91374639999776,0.13830219999726978,20,159.0013214247793
276.0516386999989,0.13780640000186395,20,159.57337652839465
276.1896078999998,0.13792730000204756,20,159.4335026872385
276.32748899999933,0.13783820000026026,20,159.53656211034735
276.4645383999996,0.13699389999965206,20,160.51979362275148
276.6023979999991,0.13781169999856502,20,159.56723961571458
276.73996350000016,0.13749150000148802,20,159.93885116739585
276.8797261999971,0.13967719999709516,20,157.43609233273094
277.01801069999783,0.13819099999818718,20,159.12926714336297
277.1561892999998,0.1380849000015587,20,159.25153695495868
277.29431079999995,0.13803900000129943,20,159.30449043613035
277.43199749999985,0.13760399999955553,20,159.808091011824
277.5700101000002,0.1379506000012043,20,159.40657420357743
277.70743429999857,0.13736470000003465,20,160.08648914542422
277.8479023,0.14041329999963637,20,156.61075236873538
277.9861908999992,0.138213000001997,20,159.10393780036807
278.1240367999999,0.13776960000177496,20,159.61600059255954
278.26298119999774,0.13888009999936912,20,158.3396941363082
278.3999542999991,0.13689720000184025,20,160.6331798986714
278.5382497999999,0.13821789999929024,20,159.09829736693237
278.6765592999982,0.13825379999980214,20,159.05698473062924
278.81395599999814,0.13733189999766182,20,160.12472379610563
278.9510761999991,0.1370256000009249,20,160.4826583891738
279.09018319999814,0.13902339999913238,20,158.1764836398566
279.2284082999977,0.13814110000021174,20,159.18674858884353
279.365697199999,0.13721069999883184,20,160.26616405066963
279.50354979999975,0.13776480000160518,20,159.62156193210296
279.6418223999972,0.13817939999717055,20,159.14262586152702
279.78096430000005,0.1390568999995594,20,158.13837756766964
279.9195316000005,0.13849630000186153,20,158.7784840116626
280.0581471000005,0.13853260000178125,20,158.73687893851158
280.19742699999915,0.13920750000033877,20,157.96729741907933
280.3387088999989,0.14121480000176234,20,155.72186877894927
280.47714749999795,0.1383614000005764,20,158.93329032106058
280.617381,0.14014429999951972,20,156.91135890361122
280.75675729999784,0.13928609999857144,20,157.87815550687066
280.8960468000005,0.13921140000093146,20,157.96287197293373
281.0357097999986,0.13956790000156616,20,157.55938546953303
281.18075920000047,0.14495690000330796,20,151.70186831408628
281.3227948999993,0.14194209999914165,20,154.92396234558302
281.46320729999934,0.14031790000080946,20,156.7172296292429
281.6030881000006,0.13978210000277613,20,157.31794382172873
281.74296909999975,0.13978870000210009,20,157.31051619472555
281.8827280999976,0.13967979999870295,20,157.43316181526748
282.02085069999885,0.13805090000096243,20,159.2907583751116
282.15904229999796,0.13809459999902174,20,159.24035085858375
282.2963576999973,0.13723709999976563,20,160.23533399902473
282.433553699997,0.13713769999958458,20,160.3514756014328
282.57115669999985,0.1375307000016619,20,159.89326423303507
282.70886099999916,0.13763399999879766,20,159.77325773945466
282.8463976999992,0.13748610000038752,20,159.94513303859821
282.9845263999996,0.1380624000012176,20,159.27749014450032
283.12243159999707,0.13780969999788795,20,159.56955537859108
283.26006140000027,0.1375621000006504,20,159.8567669104792
283.39652249999926,0.1363911000007647,20,161.22923383854743
283.53338729999814,0.13679489999776706,20,160.75330700105744
283.67071919999944,0.1372618000023067,20,160.20649995228425
283.8123830000004,0.14161670000248705,20,155.27993912535607
283.9548332999984,0.14237219999995432,20,154.45594403631506
284.09555329999785,0.14063800000076299,20,156.36053239807663
284.2335174,0.1378833000017039,20,159.48437958221376
284.3707140999977,0.13713060000009136,20,160.35977787237385
284.5078786999984,0.13711260000127368,20,160.38082973640445
284.6453459999975,0.13739929999792366,20,160.0461760420345
284.785955299998,0.14053199999762,20,156.4784714932714
284.9250828000004,0.13907160000235308,20,158.1216621880235
285.0684500999996,0.14328410000234726,20,153.47294330047617
285.2116031000005,0.1430837000007159,20,153.68789425636862
285.3540030000004,0.1423272000029101,20,154.50477881297726
285.49698089999947,0.1429214999989199,20,153.8623129178338
285.6388743999996,0.14181599999938044,20,155.06171768782136
285.7793337000003,0.14038840000284836,20,156.63852964400078
285.9173564999983,0.13797499999782303,20,159.37838417008126
286.0614900999972,0.1440606999967713,20,152.64560394342698
286.20389839999916,0.1423395999991044,20,154.49131904022747
286.3463563000005,0.14241100000072038,20,154.4138623800743
286.48915439999837,0.1427423999994062,20,154.0553651585757
286.6323851999987,0.14316210000106366,20,153.60373000505453
286.7730698999985,0.14063119999991613,20,156.36809296609226
286.911795,0.138658600000781,20,158.59263367289253
287.0552248999993,0.143352800001594,20,153.39939335175512
287.19832379999934,0.14303579999977956,20,153.73936144345606
287.33791239999846,0.1395014000008814,20,157.6344936708955
287.4781839999996,0.14017769999918528,20,156.87397179185996
287.6163768999977,0.13812340000004042,20,159.2071477788236
287.7540522999989,0.13762349999888102,20,159.78544765754975
287.89596639999945,0.14186609999887878,20,155.00695765721196
288.0366893999999,0.14064710000093328,20,156.35041572399348
288.17583379999996,0.1390601000020979,20,158.13473854245933
288.314891799997,0.13900399999693036,20,158.1985594371789
288.45470829999977,0.1397428000018408,20,157.36218649712418
288.59446339999704,0.13968299999760347,20,157.429555177776
288.7364849000005,0.1419515000015963,20,154.91370330903663
288.87777859999915,0.14121439999871654,20,155.72230987576242
289.0179532999973,0.14010489999782294,20,156.95548518190085
289.15799569999945,0.1399660999995831,20,157.1111330213923
289.29606969999804,0.13800959999935003,20,159.3384268603312
289.43325379999806,0.1371304999993299,20,160.35989481280572
289.5710392999972,0.13773699999728706,20,159.6537789842463
289.7090312,0.13795130000289646,20,159.40576533210117
289.8477069999972,0.1386421999995946,20,158.6113936130868
289.98496429999796,0.1372057999979006,20,160.27188760137307
290.1222548000005,0.13721320000331616,20,160.26324402454384
290.25935319999917,0.13705470000058995,20,160.44858407209196
290.3961440999992,0.136752800000977,20,160.8027956675322
290.5329227000002,0.13673990000097547,20,160.81796575369097
290.6743370999975,0.14137699999992037,20,155.54321109892263
290.8172347999971,0.14281339999797638,20,153.97877619209117
290.95595949999915,0.1386309000008623,20,158.62432224982464
291.0937477999978,0.13770909999948344,20,159.68612499538875
291.2311477999974,0.13731360000019777,20,160.14606386758726
291.37090479999824,0.13968889999887324,20,157.42290586938103
291.5122589999992,0.1412936999986414,20,155.63491192977074
291.6514884999997,0.13915410000117845,20,158.0279169304661
291.78947589999734,0.1379438999974809,20,159.41431666004496
291.9265420999982,0.13701460000083898,20,160.49554248514644
292.0643949000005,0.13779000000067754,20,159.59236922426788
292.20433069999854,0.13985889999821666,20,157.23155663172238
292.3420850000002,0.13770579999982147,20,159.6899517344114
292.48198929999853,0.13985060000049998,20,157.2408881723881
292.6258396999983,0.1437724999996135,20,152.9515905724608
292.76612399999794,0.14019310000003316,20,156.85673942237383
292.90595969999777,0.13976609999735956,20,157.3359531097701
293.04832539999916,0.14230920000045444,20,154.5243213752152
293.1871825999988,0.13877510000020266,20,158.45949709629383
293.32575429999997,0.13852760000008857,20,158.74260837194856
293.4649823999971,0.139144299999316,20,158.03904691480787
293.60240599999815,0.13734699999986333,20,160.10711959884003
293.74182069999733,0.13936159999866504,20,157.79262404945584
293.8787372000006,0.13685020000048098,20,160.68834795595996
294.01874229999885,0.13996330000009038,20,157.11427606741054
294.1553314999983,0.13651649999883375,20,161.081133457918
294.2949929999995,0.13962489999903482,20,157.4950639583055
294.43324550000034,0.13819370000055642,20,159.12615810584316
294.571076799999,0.13777960000152234,20,159.6044157137706
294.70887329999823,0.13775789999999688,20,159.62955703825696
294.84688129999995,0.13796630000069854,20,159.38843438875043
294.98452819999875,0.1376087999997253,20,159.80251666727634
295.1213167999995,0.13672310000038124,20,160.8377264372932
295.25950119999834,0.13814049999928102,20,159.1874400022763
295.39765929999703,0.13813079999818,20,159.19861867020057
295.53497810000044,0.13728420000188635,20,160.1803598317785
295.6721179999986,0.13709749999907217,20,160.39849417873282
295.81014909999794,0.13800439999977243,20,159.34443072508023
295.94738009999855,0.13720050000119954,20,160.27807883592072
296.08489740000005,0.13748540000233334,20,159.9459473889358
296.22286019999956,0.13790610000069137,20,159.45801204884887
296.3617063999991,0.13872189999892726,20,158.52026648777195
296.49887469999885,0.13708720000067842,20,160.41054566298803
296.6361515999997,0.13721799999984796,20,160.2576378867522
296.77408060000016,0.1378900000017893,20,159.47663032297228
296.91152259999944,0.1374138999999559,20,160.02917139770472
297.04820499999914,0.13664319999952568,20,160.93177381381827
297.1883706999979,0.1400839999987511,20,156.97890234228072
297.3268824000006,0.138459600002534,20,158.8205697193806
297.46472319999884,0.13779169999907026,20,159.59040026117955
297.6028845000001,0.138108099999954,20,159.2247851902048
297.7435713999985,0.14061489999949117,20,156.38621906781978
297.8819672999998,0.13834270000006654,20,158.95477358407362
298.0207057999978,0.13870269999824814,20,158.54220974644144
298.1624628999998,0.14167660000020987,20,155.21428771926645
298.3064005999986,0.14384870000139927,20,152.87056855783953
298.4498552999976,0.14336079999702633,20,153.39083317040735
298.59296429999813,0.14301669999986188,20,153.75989346377898
298.73292839999704,0.13986949999889475,20,157.21964084874662
298.870202099999,0.1372126999995089,20,160.2638280246559
299.01008829999773,0.13982949999990524,20,157.2646155177191
299.1501857000003,0.14001790000111214,20,157.05300933198782
299.29065309999714,0.14039950000005774,20,156.62614578763424
299.43032799999855,0.13962399999945774,20,157.49607915261993
299.5699846999996,0.13959210000029998,20,157.53207062199613
299.70968549999816,0.1396184999975958,20,157.5022834072753
299.847600699999,0.13785869999992428,20,159.5128385479631
299.9929658999972,0.14528909999717143,20,151.35500568141805
300.13669669999945,0.14364530000239029,20,153.08703142500366
300.2786113000002,0.1418169000025955,20,155.0607336298956
300.4183654999979,0.1396734000009019,20,157.44037558603148
300.5599151999995,0.14147700000103214,20,155.43326869639284
300.7031184999978,0.14311520000046585,20,153.65406718118285
300.8411895999998,0.1379893000012089,20,159.3618675892069
300.98377549999714,0.14251909999802592,20,154.29674026726659
301.12800229999993,0.14414270000270335,20,152.5587667992037
301.26879539999936,0.1406992000011087,20,156.292520180262
301.40844579999975,0.13955360000181827,20,157.57553051468028
301.54815269999744,0.13961729999937234,20,157.50363712533374
301.6879219000002,0.13965960000132327,20,157.45593253390132
301.82658639999863,0.13857379999899422,20,158.68968416597946
301.96573689999786,0.13908929999888642,20,158.10154020256093
302.10536800000045,0.13956540000071982,20,157.56220779223634
302.24505839999983,0.13962630000241916,20,157.49348478860355
302.384646399998,0.13953720000063186,20,157.59405058593998
302.5242643999991,0.13955239999995683,20,157.57688549624945
302.6636336999982,0.1393022000011115,20,157.85990856816719
302.8027182000005,0.13904550000006566,20,158.15134294536404
302.9420266999987,0.1392636999989918,20,157.90354956588976
303.08199169999716,0.13991359999999986,20,157.1700860782656
303.2213480999999,0.139284900000348,20,157.87951569384091
303.3611254999996,0.13964560000022175,20,157.4717180883972
303.5008777999974,0.13966319999963162,20,157.4518739050659
303.64064639999924,0.13966739999887068,20,157.44713910116326
303.7801961999976,0.1394583999972383,20,157.6830980131385
303.9189785999988,0.13868229999934556,20,158.5655311140915
304.05829839999933,0.13921689999915543,20,157.95663138349875
304.1972018999986,0.13880670000071405,20,158.4234230437499
304.3366453999988,0.13935810000111815,20,157.79658703256976
304.4763475,0.13962540000284207,20,157.49449996255976
304.616068299998,0.13963420000072801,20,157.4845743765163
304.75618290000057,0.1400320000029751,20,157.03719546284276
304.89505780000036,0.1388172000006307,20,158.41144004791977
305.03451049999785,0.13939949999985402,20,157.7497233171068
305.1734331999978,0.13872519999858923,20,158.5164956024113
305.312984199998,0.13945830000011483,20,157.68321107816382
305.45287090000056,0.1396976000032737,20,157.4131019788792
305.5928598999999,0.13989890000084415,20,157.18660086238927
305.7335712999993,0.14056740000160062,20,156.43906450051435
305.87228609999875,0.1386223000008613,20,158.63416315689014
306.0113173999998,0.13894060000166064,20,158.27074703331618
306.15016729999843,0.13875740000003134,20,158.4797103110539
306.28967849999754,0.1394271999997727,20,157.71838318173104
306.4293719999987,0.13960320000114734,20,157.51954507732825
306.5696312,0.1401707000004535,20,156.88180593696723
306.7096289000001,0.1399072000021988,20,157.1772757597493
306.8487795999972,0.13908169999922393,20,158.1101795250037
306.98749699999826,0.13862370000060764,20,158.63256106584666
307.1266770999973,0.1391191999973671,20,158.06756045129768
307.2663425999999,0.1395745000008901,20,157.55193502666862
307.40592409999954,0.1394880000007106,20,157.64963692509733
307.5461914999978,0.14017999999850872,20,156.87139788667383
307.68660669999736,0.1403242999986105,20,156.71008197252897
307.825631599997,0.13893869999810704,20,158.27291140495487
307.9641264999991,0.13839630000074976,20,158.8932114182306
308.10372879999704,0.1395061999974132,20,157.62906993329153
308.24341039999854,0.13959080000131507,20,157.53353770673164
308.3831047999993,0.13960149999911664,20,157.5214632769644
308.5229063000006,0.1397190000025148,20,157.38899187028392
308.6638454999993,0.1408502000012959,20,156.1249650715276
308.80341549999866,0.13946859999850858,20,157.67156589909953
308.948435899998,0.14493149999907473,20,151.72845486081624
309.09250599999723,0.14398869999786257,20,152.72193273393282
309.231158999999,0.13856250000026193,20,158.7026255695331
309.3683368999991,0.13708580000093207,20,160.41218386857344
309.50610849999794,0.13767770000049495,20,159.7225444312401
309.6508574999971,0.14466389999870444,20,152.00912290984093
309.7923128000002,0.14135480000186362,20,155.56763940969873
309.93028299999787,0.13787450000017998,20,159.49455885962448
310.06748999999763,0.13712579999992158,20,160.3653911629509
310.2041653999986,0.13653419999900507,20,161.06025124606322
310.34129459999895,0.13704019999931916,20,160.46556087651106
310.4794726,0.13808760000028997,20,159.24842314207666
310.6185301000005,0.13896630000090227,20,158.2414769291348
310.75691249999727,0.13828859999921406,20,159.01695841627566
310.8942165999979,0.1372349999983271,20,160.2377859568482
311.0311726999971,0.13688149999870802,20,160.6516041665788
311.1676918999983,0.1364438999989943,20,161.16684260477808
311.3042945999987,0.13651409999874886,20,161.08396536124502
311.4424532999983,0.1380736999999499,20,159.2644548203458
311.58098569999856,0.13844329999847105,20,158.8392688975404
311.7192235000002,0.13814710000224295,20,159.17983479322382
311.8570805999989,0.13778369999999995,20,159.59966640117813
311.9940886999975,0.13692280000032042,20,160.60314684967398
312.1306540000005,0.1364783000026364,20,161.1262197367289
312.26749469999777,0.13675379999767756,20,160.80161981526987
312.40567779999765,0.1380883999991056,20,159.2475005551692
312.5438291999999,0.1380527000001166,20,159.28868146368325
312.6820039999984,0.1380834000010509,20,159.25326690502
312.8202810999974,0.13817099999869242,20,159.15230081368813
312.95676470000035,0.13639310000144178,20,161.22686965313895
313.09325739999986,0.1363907000013569,20,161.22970668308932
313.2374287999992,0.14406610000150977,20,152.63988235462438
313.3862990999987,0.1487699999997858,20,147.81362207132932
313.5341000999979,0.1477019999983895,20,148.88242918687476
313.67679379999754,0.1426047999993898,20,154.20401385937987
313.8152639,0.13837559999956284,20,158.9169807075053
313.95925999999963,0.1438851999992039,20,152.83178920168072
314.1053518999979,0.14595819999885862,20,150.6611657014951
314.2471509999996,0.14169820000097388,20,155.19062737119359
314.38538829999743,0.1381409999994503,20,159.18686382469727
314.52344749999975,0.13796350000120583,20,159.39166921198577
314.6705499999989,0.1469981000009284,20,149.59535228945896
314.8120711999982,0.1414148000003479,20,155.5016345917535
314.94888889999856,0.1367145000003802,20,160.84784390433234
315.0861079999995,0.13712020000093617,20,160.37194049724158
315.2237126,0.13746680000258493,20,159.96758893861278
315.3616258999973,0.13781190000008792,20,159.56700804143887
315.49978629999896,0.13806969999859575,20,159.26906885249736
315.6380608999971,0.13816729999962263,20,159.15656277266805
315.77558619999763,0.13740989999860176,20,160.03382984591187
315.9128273999995,0.1371809000011126,20,160.30097889240884
316.05002369999784,0.13711479999983567,20,160.37825643582136
316.1880928999999,0.13797640000120737,20,159.37676700745615
316.3260549000006,0.13788260000001173,20,159.48518925171214
316.46412399999826,0.1380174999976589,20,159.32930647123015
316.6021956000004,0.13802420000138227,20,159.32157226993363
316.73959599999944,0.13732230000096024,20,160.135917876166
316.8767192999985,0.13702859999830252,20,160.47914490692023
317.0138141999996,0.1370284000004176,20,160.47937913201193
317.1512956000006,0.13743690000046627,20,160.00239059121236
317.28917699999874,0.1378076000000874,20,159.5719869985839
317.4273761000004,0.13810800000283052,20,159.2249004769406
317.5656866999998,0.13822480000089854,20,159.09035538757917
317.70233879999796,0.13654509999832953,20,161.04739427331353
317.8395077999994,0.13707290000093053,20,160.42728034039342
317.97670989999824,0.13711749999856693,20,160.37509840647493
318.1144631999996,0.1376748000002408,20,159.72590884810828
318.2521631999989,0.13760570000158623,20,159.8061167180321
318.39015629999994,0.1379266000003554,20,159.43431184023487
318.5283178999998,0.13808140000037383,20,159.25557356356805
318.6652979999999,0.1369107000027725,20,160.6173407562352
318.80185849999907,0.13645910000195727,20,161.1488904382675
318.9390944000006,0.13714770000296994,20,160.3397837152486
319.0769489999984,0.13778910000110045,20,159.59341163665613
319.21996070000023,0.14293730000281357,20,153.8453052848147
319.36311170000045,0.1430584000008821,20,153.715074091311
319.50554980000015,0.14233820000299602,20,154.49283857079223
319.645665,0.14002140000229701,20,157.0490836055007
319.7855391999983,0.13977729999896837,20,157.32334617768623
319.92401079999763,0.13837819999753265,20,158.91399480490495
320.0625924999986,0.13849979999940842,20,158.77447155601615
320.20134549999784,0.13867879999816068,20,158.5695330202717
320.34123329999784,0.13980129999981727,20,157.29633812810567
320.4801961999983,0.13887199999953737,20,158.34892963011447
320.6179341999996,0.13767160000134027,20,159.72962147099273
320.7550717999984,0.13706610000008368,20,160.4352393152397
320.8923653999991,0.13723359999858076,20,160.239420635671
321.0326485000005,0.14024310000240803,20,156.8008162622077
321.1734460999978,0.14070670000000973,20,156.28418942039346
321.3117130999999,0.13818200000241632,20,159.13963146528107
321.449762799999,0.13796129999900586,20,159.39421095393027
321.5876107999975,0.13777569999729167,20,159.60893362147516
321.7273529999984,0.13964339999802178,20,157.47419896559035
321.86529609999707,0.13785119999738527,20,159.5215170846326
322.00357950000034,0.13821100000131992,20,159.10624013508325
322.14119039999787,0.1375344000007317,20,159.88896272789216
322.2786214999978,0.13726219999807654,20,160.20603309453114
322.4166538999998,0.13795740000205114,20,159.39871696040262
322.55403579999984,0.13731710000138264,20,160.14198199130757
322.6911031999989,0.13697880000108853,20,160.53748868690082
322.8286045999994,0.13741189999927883,20,160.03150058790695
322.9668464999995,0.13814189999902737,20,159.18582671640414
323.10423289999744,0.1372972999997728,20,160.16507648407062
323.2414209999988,0.13714769999933196,20,160.33978371950178
323.37917679999737,0.1377026999980444,20,159.69354671936202
323.515941499998,0.13667440000062925,20,160.89503634490993
323.6524165999981,0.13640640000085114,20,161.21114958962912
323.7900421999984,0.13755849999870406,20,159.86095047363244
323.92825660000017,0.13812529999995604,20,159.20495778490252
324.0656898999987,0.13735100000121747,20,160.10245688291369
324.2034483999996,0.13766530000066268,20,159.73693120498882
324.34169519999705,0.1381495999994513,20,159.17695422648592
324.47875360000035,0.13698480000311974,20,160.5304570654495
324.61774669999795,0.13891180000064196,20,158.30356064364852
324.75988849999703,0.14205979999678675,20,154.79560407671556
324.9032391999972,0.14326019999862183,20,153.49854708936292
325.0469352,0.14361570000255597,20,153.11858351927148
325.1896554999985,0.1426380999982939,20,154.16801370589644
325.32785969999895,0.13813279999885708,20,159.1963136612155
325.46795289999864,0.14001640000060434,20,157.0546918462772
325.6058133000006,0.1377810000012687,20,159.6027939651876
325.7447614999983,0.13886959999945248,20,158.3516662797812
325.88518679999834,0.14032249999945634,20,156.71209218482565
326.0234743000001,0.1382054000023345,20,159.11268702343435
326.1611770999989,0.1376087999997253,20,159.80251666727634
326.2994669999971,0.13820519999717362,20,159.11291728509283
326.4383514000001,0.13880430000062915,20,158.4261622688946
326.57495629999903,0.13650950000010198,20,161.0893934524965
326.71595479999814,0.1409185999982583,20,156.04918410906575
326.8565428999973,0.14050549999956274,20,156.50798406886872
326.99552259999837,0.13883599999826401,20,158.38998930965283
327.1334442999978,0.13783630000034464,20,159.53876123680786
327.2716193999986,0.13810060000105295,20,159.2334324061759
327.4087666999985,0.13705800000025192,20,160.4447208880881
327.5452019000004,0.13634600000295904,20,161.28256461533712
327.68260999999984,0.13732879999952274,20,160.12833837910492
327.820395499999,0.13769700000193552,20,159.700157267122
327.95828029999757,0.1377902999993239,20,159.59202175790242
328.0963548,0.13798740000129328,20,159.36406190212944
328.2346002999984,0.13815550000072108,20,159.17015649326467
328.3720766000006,0.13738970000122208,20,160.05735914209288
328.5087800000001,0.1366068000024825,20,160.97465539870916
328.64608880000014,0.1372272000007797,20,160.24689387668812
328.7838019999981,0.1376230999994732,20,159.78591207147767
328.9216935000004,0.13779840000279364,20,159.58264069157684
329.0597119999984,0.1379428000000189,20,159.41558787785215
329.1978520999983,0.1380710999983421,20,159.2674539116734
329.3352792000005,0.13732480000180658,20,160.1330025984433
329.47186370000054,0.13651800000297953,20,161.07936356407257
329.6089080999991,0.13697460000184947,20,160.542411185892
329.74623509999947,0.1372400000000198,20,160.23194808741496
329.88421089999974,0.1378863000027195,20,159.48090967040446
330.02238699999725,0.1380938000002061,20,159.24127336265047
330.159812599999,0.137318500001129,20,160.14034929990643
330.297118399998,0.13722299999790266,20,160.25179857499182
330.43446810000023,0.13724590000128956,20,160.22505994942932
330.5715347000005,0.13698180000210414,20,160.53397279917635
330.7088511000002,0.13722710000001825,20,160.24701065253927
330.8471036999981,0.1381636999976763,20,159.1607097659504
330.98525119999977,0.1380460000000312,20,159.29641246769216
331.12252389999776,0.1371964999998454,20,160.28275178699735
331.25969749999786,0.13712289999966742,20,160.36878271662383
331.3969365999983,0.13716650000060326,20,160.31780759458968
331.5341922999978,0.1371867999987444,20,160.29408482245572
331.67169830000057,0.13743650000105845,20,160.00285626708074
331.8101435999997,0.13833200000226498,20,158.9670687560358
331.94907149999926,0.13881690000198432,20,158.41178239253043
332.08584469999914,0.13667089999944437,20,160.89915670131245
332.2224720999984,0.13654110000061337,20,161.05211218762128
332.35909829999946,0.13653250000061234,20,161.0622566452777
332.4956213000005,0.13644210000347812,20,161.16896877840077
332.6327625999984,0.13707900000008522,20,160.42014134554768
332.77097629999844,0.13812569999936386,20,159.20449674189
332.9091735999973,0.13811169999826234,20,159.22063486146843
333.046636199997,0.1373764999989362,20,160.07273846465944
333.1838446999973,0.13715169999704813,20,160.33510744666881
333.32100849999915,0.13711740000144346,20,160.37521536499747
333.45821349999824,0.13715210000009392,20,160.33463983055995
333.5958791999983,0.13760019999972428,20,159.81250431005233
333.73411909999777,0.13814300000012736,20,159.1845591560899
333.8722358999985,0.138003199997911,20,159.3458162988458
334.00946230000045,0.13713190000271425,20,160.35825767078813
334.14666450000004,0.13711619999958202,20,160.3766189231253
334.28382529999726,0.13709359999847948,20,160.40305715047162
334.4210447999976,0.13713640000059968,20,160.3529956701783
334.55899449999924,0.13786650000110967,20,159.5038138731527
334.69740679999813,0.13833139999769628,20,158.96775826664242
334.83623669999724,0.13874349999969127,20,158.4955875811763
334.97288429999753,0.13655889999790816,20,161.03111958178377
335.1100641999983,0.13710200000059558,20,160.39322953293512
335.2472548000005,0.13713540000026114,20,160.3541649747485
335.38441729999977,0.13708369999949355,20,160.4146412418197
335.52235160000055,0.1378677000029711,20,159.5024255503363
335.6604781999995,0.13805110000248533,20,159.2905276026349
335.79863079999996,0.13805770000180928,20,159.28291254476798
335.93519240000023,0.13646950000111246,20,161.1366096845137
336.07175469999856,0.13647430000128224,20,161.130942274944
336.2089132999972,0.13703519999762648,20,160.47141578149908
336.3462340999977,0.13722489999781828,20,160.24957974733172
336.48424460000024,0.13794229999984964,20,159.41616571235923
336.6224074999991,0.13808540000172798,20,159.2509603132903
336.7605655999978,0.13808359999893582,20,159.2530362453577
336.8977190000005,0.13706200000160607,20,160.4400384881464
337.0342191999989,0.1364216000001761,20,161.1931875560147
337.1706462999973,0.1363652000000002,20,161.2598562941276
337.30756389999806,0.1368689999981143,20,160.666276189809
337.4456145999975,0.13799599999765633,20,159.35413023488707
337.58373539999957,0.13806390000172541,20,159.27575966813325
337.7219273999981,0.1381087000008847,20,159.22409345232512
337.8591987,0.13717760000145063,20,160.30483515739783
337.9957254000001,0.1364400000020396,20,161.1714493930759
338.13221559999874,0.13641769999958342,20,161.19779585484252
338.26904899999863,0.13675700000021607,20,160.79785718818968
338.40713689999757,0.13800300000002608,20,159.346047227349
338.545329499997,0.13808189999690512,20,159.25499689686248
338.6835788999997,0.1381790000014007,20,159.14308654207287
338.8209715999983,0.13730779999968945,20,160.15282857616054
338.9573304999976,0.13626819999990403,20,161.3746461429408
339.0935286999993,0.13610690000132308,20,161.56589089389468
339.23000319999846,0.1364075999990746,20,161.2097313908403
339.3679185000001,0.13782710000305087,20,159.5494104935331
339.50596029999724,0.13799599999765633,20,159.35413023488707
339.64435409999714,0.13831930000014836,20,158.98166456522276
339.7816693999994,0.13722680000137188,20,160.24736097686576
339.91807419999896,0.1363208000002487,20,161.31237900217636
340.05450279999786,0.13634199999796692,20,161.28729632723525
340.1910401999994,0.136446700002125,20,161.16353532315202
340.32903609999994,0.1379281000008632,20,159.4325779546182
340.4671165999971,0.13798719999977038,20,159.3642928877214
340.60532859999876,0.13813379999919562,20,159.19516118175315
340.74321939999936,0.13780430000042543,20,159.57580826906062
340.87974119999853,0.1364508000006026,20,161.15869277001588
341.0161584999987,0.1363560999998299,20,161.27061829685238
341.15258619999804,0.1363768999981403,20,161.24602154631665
341.29055049999806,0.1379077999990841,20,159.45604639959484
341.4287968999997,0.13816050000241376,20,159.16439615617935
341.56676349999907,0.1378804999985732,20,159.48761830532638
341.7042423999992,0.13739859999986948,20,160.04699142160757
341.840965899999,0.1366373000018939,20,160.9387228466546
341.9775058999985,0.13645069999984116,20,161.1588108785488
342.11429169999974,0.13671090000207187,20,160.85207949905043
342.2524980999988,0.13811429999987013,20,159.21763753312058
342.3906926999989,0.13810490000105347,20,159.22847455341744
342.52881929999785,0.1380451000004541,20,159.2974510174404
342.66614069999923,0.13724609999917448,20,160.22482646612377
342.8033398999978,0.13711759999932838,20,160.37498144386797
342.93996419999894,0.13652580000052694,20,161.07016077133497
343.07709279999835,0.13703370000075665,20,160.473172332051
343.21514129999923,0.1379661999999371,20,159.38854991679142
343.3532751999992,0.13805000000138534,20,159.291796851136
343.4916061999975,0.13825309999810997,20,159.05779006633938
343.62826669999777,0.13658379999833414,20,161.00176269651456
343.7648515999972,0.13648699999976088,20,161.11594917873882
343.9014314999986,0.13647670000136713,20,161.12810871965485
344.038663299998,0.1371402999975544,20,160.34843555039728
344.1767106999978,0.13796949999959907,20,159.3847376092825
344.31478979999883,0.13798250000036205,20,159.36972119987897
344.4530197999993,0.138139400001819,20,159.18870760427825
344.5904520999975,0.13734909999766387,20,160.1046716425082
344.72713060000024,0.1365849000030721,20,161.00046604731116
344.8636936999974,0.13647239999772864,20,161.1331855810112
345.00081489999866,0.13703829999940353,20,160.46778568922494
345.13889410000047,0.1379919000028167,20,159.35886494113885
345.2770664999989,0.13807420000011916,20,159.26387808512393
345.41531439999744,0.13815189999877475,20,159.17430419498413
345.55270969999765,0.1373089999979129,20,160.1514289365901
345.6892455999987,0.13644959999874118,20,161.16011007524298
345.82578379999904,0.13645729999916512,20,161.1510161468426
345.9629778999988,0.13709390000076382,20,160.4027061408092
346.10092369999984,0.13785339999958524,20,159.5189712809852
346.23940329999823,0.13838039999973262,20,158.91146835507405
346.37833300000057,0.1388403000019025,20,158.38508383530336
346.51537219999955,0.13695329999973183,20,160.56737994311243
346.6518748999988,0.13641369999822928,20,161.20252258977982
346.7882882999984,0.13632090000101016,20,161.3122606684452
346.9247512000002,0.13637540000127046,20,161.2477950958541
347.06139789999725,0.1365535999975691,20,161.03736961831444
347.19987330000004,0.1383817000023555,20,158.90997548914117
347.3376989999997,0.13772339999923133,20,159.6695445773393
347.47500819999914,0.13722380000035628,20,160.2508643213707
347.6122608000005,0.13719420000052196,20,160.28543885555175
347.7494767999997,0.13712500000110595,20,160.36632674816877
347.8869449999984,0.13737910000054399,20,160.06970896907114
348.02440600000045,0.13736840000274242,20,160.08217723349028
348.16258910000033,0.13809960000071442,20,159.23458543982923
348.3005663999975,0.13788500000009662,20,159.48241328284143
348.43780909999987,0.13714510000136215,20,160.34282344248237
348.5749713999976,0.1370902999988175,20,160.40691832835498
348.7122808999993,0.13722799999959534,20,160.24595968450203
348.8495511000001,0.13720290000128443,20,160.2752751969101
348.98737489999985,0.1377530999998271,20,159.63511932252416
349.12559580000016,0.13813220000156434,20,159.19700515354828
349.26306479999766,0.13739399999758461,20,160.05234985448118
349.4003438999971,0.1372007999998459,20,160.27772837727403
349.5375254999999,0.1371376000024611,20,160.35159252550253
349.6748238,0.13723270000264165,20,160.24047151368953
349.8121699999974,0.13729089999833377,20,160.17254279625877
349.95057149999775,0.13830909999887808,20,158.9933891240589
350.0886868999987,0.13802470000155154,20,159.3209951209661
350.2259077999988,0.13712429999941378,20,160.3671453973804
350.3632379999981,0.13723839999875054,20,160.23381616020157
350.50056659999973,0.13722170000255574,20,160.25331675026933
350.63772400000016,0.13711140000305022,20,160.38223338854976
350.775158299999,0.13739189999978407,20,160.05479621109075
350.9136006999979,0.13839359999838052,20,158.89631135961002
351.05219139999826,0.13850209999873186,20,158.77183490879446
351.1892831999976,0.13700930000049993,20,160.50175101573222
351.3265078999975,0.13716829999975744,20,160.31570381464877
351.46373630000016,0.1371668000028876,20,160.31745695793052
351.60093979999874,0.13714859999890905,20,160.33873153422581
351.7387388999996,0.13773769999897922,20,159.65296760206516
351.87680669999827,0.13798450000103912,20,159.36741123353997
352.0150143999999,0.1381239000002097,20,159.20657145857174
352.1524294999981,0.13732470000104513,20,160.13311920836264
352.2890062000006,0.13649920000170823,20,161.1015489852307
352.4261563999971,0.13704649999999674,20,160.45818430620648
352.563397599999,0.137154100000771,20,160.33230180794
352.7013417999988,0.13785099999950035,20,159.52174852267817
352.8395425999988,0.1381111000009696,20,159.22132656510317
352.97773379999853,0.13811119999809307,20,159.22121128354271
353.1151632999972,0.13732859999799985,20,160.12857158552757
353.2516603999975,0.1364157999996678,20,161.2000410185151
353.38809949999995,0.13638910000008764,20,161.23159809329243
353.5245529999993,0.13639360000161105,20,161.22627861762032
353.662097299999,0.13748979999945732,20,159.94082874225433
353.8002392999988,0.13807470000028843,20,159.2633013540791
353.93830869999874,0.13798060000044643,20,159.37191572908694
354.0758358999992,0.13742999999885797,20,160.0104238936385
354.21315089999916,0.1372324000003573,20,160.24082181367334
354.350340099998,0.13711269999839715,20,160.38071276969288
354.48756259999936,0.13713360000110697,20,160.35626976424808
354.62558539999736,0.1379581999972288,20,159.39779263546293
354.7637689999974,0.13809909999690717,20,159.23516196711265
354.90168319999793,0.13782779999746708,20,159.54860018025482
355.0391853999972,0.13741549999758718,20,160.02730809774818
355.1765099000004,0.13723490000120364,20,160.23790271517763
355.31364570000005,0.13706660000025295,20,160.43465406947732
355.4506455999981,0.13694000000032247,20,160.58297470036672
355.58902899999885,0.13832800000091083,20,158.97166557295128
355.72654469999907,0.1374470000009751,20,159.9906331557909
355.8640290999974,0.13742869999987306,20,160.01193750315844
356.0012706999987,0.13714819999950123,20,160.3391991699488
356.13864329999706,0.13728079999782494,20,160.18432698431545
356.27599369999734,0.1372613999992609,20,160.20696682125063
356.41324659999736,0.13717199999882723,20,160.31137955054973
356.55173079999804,0.13839589999770396,20,158.89367066426698
356.6900456999974,0.13822829999844544,20,159.08632715418847
356.82710769999903,0.1370055000006687,20,160.50620271020264
356.9636580000006,0.1364631000033114,20,161.14416684793463
357.1007761000001,0.13702660000126343,20,160.48148720990847
357.2381190999986,0.13725329999942915,20,160.2164214311165
357.37542329999997,0.1372415000005276,20,160.23019680953257
357.5134139999973,0.13791679999849293,20,159.4456408193947
357.65144639999926,0.13798490000044694,20,159.36694924914806
357.7892796999986,0.13777349999872968,20,159.61148229320412
357.9256630999989,0.1362914000019373,20,161.34717638242344
358.0621345999971,0.1363824999971257,20,161.23940062679193
358.1986825999993,0.13646050000170362,20,161.14723715101047
358.33565760000056,0.1369016000026022,20,160.6280171678199
358.47386279999773,0.13810739999826183,20,159.22559222602672
358.6120835999973,0.13812609999877168,20,159.20403570154775
358.74947859999884,0.1373161000010441,20,160.14314822044025
358.886759099998,0.13721240000086254,20,160.26417842251695
359.02398139999787,0.1371350999979768,20,160.3545157719973
359.1606624999986,0.13660090000121272,20,160.98160813965922
359.2981736999973,0.13742319999801111,20,160.0183415597822
359.4361422999973,0.1379077999990841,20,159.45604639959484
359.57421359999717,0.1380076999994344,20,159.34062052776852
359.7114959999999,0.13722520000010263,20,160.24922940905572
359.8487110999995,0.13716389999899548,20,160.32084648862454
359.9859202999978,0.13712559999839868,20,160.3656250603592
360.1225835000005,0.1365777999999409,20,161.0088356638452
360.2604367999993,0.1377472000021953,20,159.64195682503552
360.39844710000034,0.1379324000008637,20,159.42760769320554
360.5366611999998,0.1381193000015628,20,159.2118737589257
360.6740422999974,0.1372875999986718,20,160.17639288422805
360.81058699999994,0.13646820000212756,20,161.13814467529556
360.94774509999843,0.13706420000016806,20,160.43746328722625
361.08441669999957,0.1365710999998555,20,161.0167345473769
361.22245199999816,0.1379479999995965,20,159.4095786498124
361.36047189999954,0.1379348000009486,20,159.42483372846277
361.49830870000005,0.13775490000261925,20,159.63303341733675
361.6356629999973,0.13730049999867333,20,160.16134359111933
361.77218659999926,0.13644360000034794,20,161.16719696243666
361.90861959999893,0.13637089999974705,20,161.25311599146733
362.0484627000005,0.13866430000052787,20,158.58611448971573
362.1864424999985,0.1378891999993357,20,159.47755557089275
362.32465749999756,0.13812699999834877,20,159.20299836949243
362.4625578999985,0.13782240000000456,20,159.5548514284998
362.6000103999977,0.13736839999910444,20,160.0821772377298
362.7373136999995,0.13722160000179429,20,160.25343353548172
362.8748138999981,0.13743609999801265,20,160.00332194989514
363.01145729999917,0.13655239999934565,20,161.0387847860995
363.1494440999995,0.13789969999925233,20,159.46541258348807
363.28764930000034,0.13812000000325497,20,159.2110668621617
363.4253639999988,0.1376550999993924,20,159.74876743118898
363.56263860000035,0.13719860000128392,20,160.28029845285747
363.69983130000037,0.13713990000178455,20,160.3489032384729
363.8370537999981,0.1371699000010267,20,160.31383383202444
363.9743340999994,0.13719549999950686,20,160.28392006734217
364.1124127000003,0.13799760000256356,20,159.35228261296928
364.25061540000024,0.1381104000029154,20,159.22213356167097
364.3884786999988,0.13776850000067498,20,159.61727503320617
364.52519649999886,0.13662969999859342,20,160.94767503512327
364.66175099999964,0.13648200000170618,20,161.121851637909
364.7982443000001,0.1364041000015277,20,161.21386787694587
364.93484119999994,0.13651050000044052,20,161.08821340079362
365.0728603999996,0.1379302999994252,20,159.43003499312076
365.21077650000007,0.1378357000030519,20,159.53945570728848
365.34883590000027,0.13799650000146357,20,159.35355284580965
365.4859241999984,0.13703280000117957,20,160.47422628254483
365.6231399999997,0.13715339999907883,20,160.33312010980185
365.75979319999897,0.13659819999884348,20,160.9847901048929
365.8968791999978,0.1370241000004171,20,160.48441519012394
366.03498689999833,0.1380234999996901,20,159.32238028719294
366.1731854999998,0.13809570000012172,20,159.23908242979772
366.3106394999995,0.13738840000223718,20,160.0588736397099
366.44721149999896,0.13648530000136816,20,161.11795596521796
366.5839863000001,0.13671240000257967,20,160.8503146393821
366.7211682999987,0.13713060000009136,20,160.35977787237385
366.85853599999973,0.13732730000265292,20,160.13008742686407
366.99673729999995,0.13799199999994016,20,159.35874946032766
367.13485349999974,0.13805060000231606,20,159.29110453088268
367.2722670000003,0.13736820000121952,20,160.08241030547663
367.4086172999996,0.13630919999923208,20,161.3261067898857
367.54503249999834,0.13635879999856115,20,161.2674250268559
367.68140479999784,0.1363244999993185,20,161.30800080418362
367.81910140000036,0.13764179999998305,20,159.76420357422458
367.9573930999977,0.13820819999818923,20,159.1094635181423
368.0956465999989,0.13816189999852213,20,159.16278334153787
368.2325146000003,0.13679659999979776,20,160.7513092836555
368.3689185000003,0.13632240000151796,20,161.31048569622553
368.50486439999804,0.13585980000061681,20,161.85974479147006
368.64137949999713,0.13643459999730112,20,161.1778284684017
368.77891819999786,0.13745229999767616,20,159.98446410785252
368.9174239999993,0.1384475000013481,20,158.83445028119596
369.05550439999934,0.1379908000017167,20,159.3601352789202
369.1930427999978,0.13745449999987613,20,159.98190350654085
369.3302306000005,0.13709390000076382,20,160.4027061408092
369.4667004999974,0.1363991999969585,20,161.219659323591
369.6031144999979,0.13635269999940647,20,161.2746396339473
369.7405704999983,0.1374026999983471,20,160.0422157336394
369.87864739999713,0.1380234999996901,20,159.32238028719294
370.01684860000023,0.13811960000020918,20,159.21152794742162
370.1543415999986,0.1374045999982627,20,160.0400027058631
370.2915469999971,0.13711029999831226,20,160.38352009871383
370.4280914999981,0.13647719999789842,20,161.12751841229613
370.5645998999971,0.13642259999687667,20,161.19200598744968
370.70221239999955,0.13755759999912698,20,159.86199639757862
370.8403466999989,0.138061599998764,20,159.2784130831228
370.9785419999971,0.13810909999665455,20,159.22363230266993
371.1160936999986,0.13746289999835426,20,159.9721274306251
371.25272109999787,0.13655970000036177,20,161.0301762193513
371.3892444999983,0.13644919999933336,20,161.16058251442615
371.52576529999715,0.13637659999949392,20,161.24637625224273
371.66357140000036,0.13775750000058906,20,159.63002054643826
371.80159459999777,0.13797459999841521,20,159.37884622077237
371.93970309999713,0.1380435999999463,20,159.29918196518022
372.07717369999955,0.13738509999893722,20,160.06271826923088
372.2138479999994,0.1365953000022273,20,160.988207904382
372.35027249999985,0.1363643000004231,20,161.2609206034994
372.48669959999825,0.13635829999839189,20,161.26801636408885
372.62397950000013,0.13718400000288966,20,160.29735650700368
372.7619221999994,0.1378550000008545,20,159.51711983884294
372.900067999999,0.13808110000172746,20,159.25591956643515
373.0375647999972,0.13740319999851636,20,160.04163335175195
373.1748841999979,0.1372345999989193,20,160.23825300393028
373.3120342000002,0.13708240000050864,20,160.41616250837748
373.44945639999787,0.13734239999757847,20,160.11248205876493
373.5867466999989,0.13721799999984796,20,160.2576378867522
373.7249747999995,0.13817500000004657,20,159.1476935445094
373.86298899999747,0.13795939999909024,20,159.39640615764503
374.0001783999978,0.13711049999983516,20,160.3832861491019
374.1372988000003,0.13703220000024885,20,160.47492892531875
374.274641699998,0.13726029999816092,20,160.20825071644632
374.4119890000002,0.13725630000044475,20,160.21291959238843
374.5493623000002,0.13727830000061658,20,160.1872441268666
374.6878231999981,0.13836449999871547,20,158.9297294878683
374.826403199997,0.13848979999966105,20,158.78593626082082
374.9630288999979,0.136541899999429,20,161.0511685835041
375.10039569999935,0.1372746000015468,20,160.19156169657182
375.2376344999975,0.13715310000043246,20,160.33347081072657
375.37431579999975,0.13661150000189082,20,160.9691172062062
375.5108404999992,0.13645670000187238,20,161.15172472453358
375.6485901999986,0.1376735000012559,20,159.72741707968055
375.7866069999982,0.13796670000010636,20,159.38797228246415
375.9235692000002,0.13690090000091004,20,160.62883849100933
376.0601695999976,0.1365057999973942,20,161.09375979584587
376.1976799999975,0.13741490000029444,20,160.0280068280287
376.3343423999977,0.13659609999740496,20,160.98726505323188
376.4709320999973,0.1364971000002697,20,161.1040275249551
376.60883439999816,0.1378155999991577,20,159.56272407227047
376.7466757000002,0.13776850000067498,20,159.61727503320617
376.88335240000015,0.1365841000006185,20,161.00140906167277
377.0197135999988,0.1362641000014264,20,161.37950168305375
377.1572035999998,0.13738949999969918,20,160.05759214181688
377.29469400000016,0.13738470000316738,20,160.06318429208653
377.4320095000003,0.13722450000204844,20,160.25004685891906
377.56994549999945,0.137871200000518,20,159.49837642261312
377.70800959999906,0.13800220000121044,20,159.34697095645663
377.8451258999994,0.13707240000076126,20,160.42786553236007
377.9816452999985,0.13643750000119326,20,161.17440260432562
378.1187156999986,0.13698719999956666,20,160.52764459445527
378.25590349999766,0.13713929999721586,20,160.3496047884628
378.39335930000016,0.13741740000114078,20,160.0250954779922
378.53154820000054,0.13815700000122888,20,159.1684283483602
378.66956429999846,0.13794689999849652,20,159.4108497962598
378.80675340000016,0.13713520000237622,20,160.35439883515656
378.9432027999974,0.13640200000008917,20,161.2163498739434
379.07962679999764,0.13636219999898458,20,161.2634040495368
379.2165845999989,0.13690739999947255,20,160.62121226175296
379.3544508999985,0.13781469999958063,20,159.56376609742588
379.4925603999982,0.13802529999884428,20,159.32030255108396
379.6304913999993,0.1378636000008555,20,159.5071690814946
379.7676950999994,0.13715330000195536,20,160.3332370071044
379.90423379999993,0.1364878000022145,20,161.1150048221395
380.04078429999936,0.13645510000060312,20,161.15361430553205
380.1773353999997,0.1364584000002651,20,161.14971709676558
380.31509209999786,0.13768809999965015,20,159.71048010376987
380.4534141999975,0.13822589999836055,20,159.0890893514227
380.5909403000005,0.13742050000291783,20,160.02148555021327
380.72753199999715,0.136508399999002,20,161.09069153019718
380.8648097999976,0.13719469999705325,20,160.2848547064305
381.00201399999787,0.1371140999981435,20,160.3790752068368
381.1392326999994,0.13713239999924554,20,160.35767299078105
381.27729089999775,0.13796779999756836,20,159.38670150504373
381.4154123999979,0.13806109999859473,20,159.27898992361952
381.55284349999783,0.1373609000002034,20,160.0909178338773
381.68948289999753,0.13655659999858472,20,161.03383180123046
381.8263947999985,0.13685640000039712,20,160.6810682982761
381.9637030999984,0.13723229999959585,20,160.24093858067496
382.1010411999996,0.13724849999925937,20,160.22202468980475
382.23913940000057,0.13802470000155154,20,159.3209951209661
382.3773403999985,0.13813949999894248,20,159.18859236994737
382.5147684000003,0.1373585000001185,20,160.0937150267441
382.65146559999994,0.13660610000079032,20,160.97548027059392
382.78802050000013,0.1364681000013661,20,161.13826275371216
382.92517029999726,0.13706749999983003,20,160.43360063871646
383.0625545999974,0.1372927999982494,20,160.17032616277325
383.20086589999846,0.13822539999819128,20,159.08966482142753
383.3397746999981,0.13884689999758848,20,158.37755510495322
383.47733529999823,0.13747499999954016,20,159.95804732201168
383.61388189999707,0.13645869999891147,20,161.14936281596863
383.75016799999867,0.1362343000000692,20,161.41480196623635
383.88655749999816,0.13634259999889764,20,161.286586552536
384.02307799999835,0.1364504000011948,20,161.15916520088948
384.1610471999993,0.1378867999992508,20,159.4803313706568
384.29970069999763,0.13857540000026347,20,158.68785192377715
384.4376397999986,0.1378444000001764,20,159.5293864349358
384.57500979999895,0.13727429999926244,20,160.19191178274556
384.71170390000043,0.1366035000028205,20,160.97854414466656
384.84879569999976,0.13700320000134525,20,160.50889727615177
384.9860900999993,0.13720159999866155,20,160.27679382554228
385.1241811999971,0.13800089999858756,20,159.3484720443495
385.2623743999975,0.13811109999733162,20,159.2213265692972
385.4001924999975,0.13775639999948908,20,159.63129521097792
385.5373555999977,0.1370929000004253,20,160.40387617047844
385.6739727999993,0.13653310000154306,20,161.0615488498501
385.8103814999995,0.1363600000004226,20,161.26600583346914
385.9476273,0.13719660000060685,20,160.2826349590495
386.0856528999975,0.13794810000035795,20,159.40946309128535
386.22380390000035,0.13807440000164206,20,159.26364739052624
386.36163529999976,0.13776770000185934,20,159.6182019096146
386.4982452000004,0.13653290000002016,20,161.06178478239863
386.63479949999964,0.13646200000221143,20,161.14546580853013
386.7713597000002,0.13647280000077444,20,161.13271329814594
386.90898860000016,0.13754010000047856,20,159.88233653635186
387.0471512999975,0.13807289999749628,20,159.2653776079068
387.18556080000053,0.13831570000184001,20,158.9858024448957
387.32239990000016,0.13674660000106087,20,160.81008635936396
387.45887409999705,0.13640509999822825,20,161.21268600518331
387.5958654999995,0.1369382000011683,20,160.58508550084923
387.73243039999943,0.13650150000103167,20,161.09883448426427
387.86989419999736,0.1374225999970804,20,160.01904021599935
388.0082113999997,0.1382493000019167,20,159.0621620161196
388.14637089999815,0.13807459999952698,20,159.26341670079316
388.28369349999775,0.1372531999986677,20,160.21653816255986
388.4202379999988,0.13645380000161822,20,161.1551496203053
388.55672149999737,0.13638819999687257,20,161.23266203399007
388.6931869999971,0.13637399999788613,20,161.249450451412
388.82993969999734,0.13667720000012196,20,160.89174021343996
388.96801199999754,0.13796219999858295,20,159.39317114213796
389.1062112999971,0.1381171999964863,20,159.21429449829154
389.24372609999773,0.13743260000046575,20,160.007396756268
389.38095169999724,0.13715619999857154,20,160.32984696097606
389.5181993999977,0.1371475999985705,20,160.33990063077448
389.6554299999989,0.13713279999865335,20,160.3572052472927
389.79286019999927,0.13737509999918984,20,160.07436977770854
389.93108070000017,0.13816370000131428,20,159.16070976175956
390.06884439999703,0.1377048999966064,20,159.6909954261753
390.2061873999992,0.13725150000027497,20,160.21852260613502
390.3433845999971,0.13710829999763519,20,160.38585961534994
390.4807037999999,0.1372311000013724,20,160.24233978522423
390.61792109999806,0.13712499999746797,20,160.36632675242333
390.7557689999994,0.1377386000021943,20,159.65192440731704
390.8941988999977,0.13833279999744263,20,158.9661494304065
391.03310729999794,0.13880849999986822,20,158.42136868809098
391.1703396999983,0.13713300000017625,20,160.35697137444478
391.3070282999979,0.1366067999988445,20,160.9746554029961
391.44350249999843,0.1364060999985668,20,161.21150414644984
391.5799986999991,0.13641830000051414,20,161.1970868676499
391.71773109999776,0.13762099999803468,20,159.78835029417047
391.8560319999997,0.13824830000157817,20,159.06331257070772
391.9938674999976,0.13777359999949113,20,159.6113664417655
392.13120539999727,0.13726669999959995,20,160.20078107497366
392.26841799999966,0.13716130000102567,20,160.32388549361633
392.40557479999916,0.13711350000085076,20,160.37977701235513
392.54272349999883,0.13710599999831175,20,160.38855014215844
392.6802795000003,0.13751690000208328,20,159.90930972983585
392.8187865999971,0.13844119999703253,20,158.84167831535234
392.9569929999998,0.13813440000012633,20,159.19446970124667
393.0944856999995,0.13741740000114078,20,160.0250954779922
393.23172429999977,0.13716050000221003,20,160.3248205946003
393.36888980000003,0.1371190000027127,20,160.37334399379338
393.50603059999776,0.13709770000059507,20,160.39826018543386
393.6437272999974,0.13765929999863147,20,159.74389348005266
393.7817842999975,0.13800540000011097,20,159.34327610008245
393.91926199999943,0.13743729999987409,20,160.00192491805458
394.0564577999976,0.13714919999983977,20,160.33803008362932
394.1937810999989,0.13724680000086664,20,160.22400926929546
394.3310977000001,0.13724610000281245,20,160.2248264618767
394.4686785999984,0.1374733999982709,20,159.95990901364615
394.6067753999996,0.13800500000070315,20,159.3437379472335
394.74493529999745,0.13807619999715826,20,159.2615711902021
394.882163899998,0.13719589999891468,20,160.28345275401057
395.01878139999826,0.13654350000069826,20,161.04928140414995
395.15523969999776,0.13639379999949597,20,161.22604220720638
395.29157850000047,0.13630140000168467,20,161.33533885380638
395.42890609999813,0.13729139999850304,20,160.17195946548563
395.5667809000006,0.13784040000246023,20,159.53401582647402
395.7050158999991,0.13812400000097114,20,159.2064561941834
395.8423425000001,0.13729090000197175,20,160.17254279201447
395.979624399999,0.1372044999989157,20,160.2734061615602
396.11689639999895,0.1372044999989157,20,160.2734061615602
396.2535276999988,0.13654630000019097,20,161.0459789499184
396.390927299999,0.13732449999952223,20,160.13335242871088
396.5291169999982,0.13809649999893736,20,159.23815995111545
396.66733079999904,0.13813010000012582,20,159.19942543659903
396.8048583999989,0.13743959999919753,20,159.99924734682287
396.9414348999999,0.13649699999950826,20,161.1041455533764
397.0786148999978,0.13707959999737795,20,160.41943918672527
397.215892799999,0.13719380000111414,20,160.28590618046456
397.35368409999865,0.13771919999999227,20,159.6744139925387
397.49185889999717,0.13809009999749833,20,159.24554009243516
397.63015839999935,0.13822880000225268,20,159.0857517041429
397.76736979999987,0.13713080000161426,20,160.35954399202174
397.90443839999716,0.13701969999965513,20,160.48956869395676
398.0409447999991,0.13644149999890942,20,161.16967752257025
398.1780835999998,0.13705130000016652,20,160.4525645177629
398.31601260000025,0.1378526000007696,20,159.51989701606811
398.4541618999974,0.13808199999766657,20,159.2548815623442
398.59238109999933,0.13813160000063363,20,159.19769665608106
398.7290811999992,0.13660190000155126,20,160.9804296665733
398.86565939999855,0.1364781000011135,20,161.12645585878312
399.0022484000001,0.13649260000238428,20,161.10933893219024
399.1394163999976,0.13708009999754722,20,160.4188540562304
399.27737049999996,0.13787100000263308,20,159.49860779351732
399.41555519999747,0.13810709999961546,20,159.22593809862946
399.5537387000004,0.13810970000122325,20,159.22294057061328
399.69041019999713,0.13657499999681022,20,161.0121365991843
399.82689910000045,0.1364162000027136,20,161.19956834366133
399.9633563999996,0.13639379999949597,20,161.22604220720638
400.1003552999973,0.13693459999922197,20,160.5893072725589
400.2386176,0.13819320000038715,20,159.12673384405596
400.3764489999994,0.1377658999990672,20,159.62028742721452
400.5141975000006,0.13768240000354126,20,159.71709205355512
400.651409099999,0.1371304999993299,20,160.35989481280572
400.7880891999994,0.13658529999884195,20,160.99999455070528
400.92456279999897,0.13640849999865168,20,161.2086677570486
401.06179770000017,0.13714480000271578,20,160.34317418585715
401.200284999999,0.13839260000167997,20,158.89745951194686
401.3393010999971,0.13892549999945913,20,158.28794969682033
401.4767193999978,0.13732270000036806,20,160.13545142544575
401.6132590999987,0.13643729999967036,20,161.17463886762
401.74976740000056,0.13642620000246097,20,161.18775246340746
401.8862587000003,0.13641650000135996,20,161.19921384363897
402.0232789999973,0.1369626999985485,20,160.55635991224653
402.16133459999764,0.1379729000000225,20,159.3808099671487
402.29946479999853,0.13806389999808744,20,159.27575967233017
402.43722219999836,0.13767939999888767,20,159.72057225480108
402.5745629999983,0.13724960000035935,20,160.22074057383352
402.711198099998,0.13655350000044564,20,161.03748754479554
402.84775570000056,0.13646210000297287,20,161.1453477195568
402.9850301000006,0.13719030000356724,20,160.2899953928828
403.1232237999975,0.1381041999993613,20,159.22928162663916
403.26142179999806,0.13810480000029202,20,159.22858984969025
403.39880300000004,0.13730190000205766,20,160.1597105006591
403.536119999997,0.13723989999925834,20,160.2320648414844
403.6733781999974,0.13715679999950225,20,160.3291455881138
403.81002330000047,0.13655819999985397,20,161.03194502815293
403.94695619999766,0.13687479999862262,20,160.6594680375152
404.08505389999846,0.13803499999994528,20,159.30910678834147
404.22321229999943,0.13808129999961238,20,159.25568889908865
404.360528899997,0.13724959999672137,20,160.2207405780804
404.4976322000002,0.13702430000194,20,160.48418094607058
404.6348866999979,0.13715489999958663,20,160.33136661968533
404.7715700999979,0.13657729999977164,20,161.00942510619825
404.9088120999986,0.1371575999983179,20,160.32821043667786
405.0469118000001,0.13800819999960368,20,159.34004324078677
405.1851267999991,0.13812700000198674,20,159.20299836529935
405.3226300999995,0.13741329999902518,20,160.02987014849361
405.45920209999895,0.1364958000012848,20,161.10556189504007
405.5962254999977,0.13693839999905322,20,160.58485096709205
405.73340520000056,0.1371080000026268,20,160.38621054277428
405.87106669999775,0.1375804999988759,20,159.83538768720618
406.0091489000006,0.13802140000188956,20,159.32480437974797
406.1472275999986,0.13800719999926514,20,159.34119781893332
406.28435510000054,0.1370660000029602,20,160.43535636149792
406.42152239999996,0.13709170000220183,20,160.405280226059
406.55870779999896,0.1371115000001737,20,160.38211641979078
406.69594479999796,0.13714989999789395,20,160.3372117359012
406.8337868999988,0.13775380000151927,20,159.63430812999331
406.97184279999783,0.13798019999740063,20,159.3723777464757
407.1099770000001,0.1380373000029067,20,159.3064523506106
407.24688029999743,0.13680889999886858,20,160.73685670816636
407.3835489999983,0.13660710000112886,20,160.9743018872246
407.52012939999986,0.13649760000043898,20,161.10343738973637
407.65651699999944,0.1363034999994852,20,161.33285319601515
407.79422870000053,0.137646200000745,20,159.75909654898555
407.9324702999984,0.1381650000002992,20,159.1592122134577
408.0699031999975,0.13734819999808678,20,160.10572075809014
408.206365799997,0.13638609999907203,20,161.23514460542256
408.3428786000004,0.13645220000034897,20,161.15703928162216
408.48019099999874,0.1372354000013729,20,160.23731890824095
408.61740049999935,0.13712750000195228,20,160.36340307529068
408.7553504999996,0.13787700000102632,20,159.49166688683619
408.8935473999991,0.13810799999919254,20,159.22490048113482
409.0314882999992,0.13785080000161543,20,159.52197996139526
409.16810970000006,0.13653100000010454,20,161.06402615891747
409.30451379999795,0.1363454999991518,20,161.2831560679069
409.44141989999844,0.13685940000141272,20,160.6775461188125
409.5786896999998,0.13722030000280938,20,160.25495174598643
409.716860499997,0.13807769999766606,20,159.25984105972003
409.85472559999835,0.1378015999980562,20,159.5789349022812
409.99263209999845,0.13784889999806182,20,159.52417869006706
410.12919409999813,0.1365068999984942,20,161.09246166869642
410.26561279999805,0.13636009999754606,20,161.26588757206645
410.4020122000002,0.13634430000092834,20,161.2845755588629
410.53929939999944,0.13724860000002082,20,160.22190795036644
410.6773160999983,0.13797319999866886,20,159.38046342139023
410.8153093000001,0.13795659999959753,20,159.39964130446936
410.9530726999983,0.13771249999990687,20,159.6821824855033
411.0901567000001,0.13702870000270195,20,160.47902778823993
411.22667419999925,0.13646340000195778,20,161.14381259154115
411.3631079000006,0.1363719000000856,20,161.25193353987294
411.500537099997,0.1373868999980914,20,160.06062117876954
411.6385678999977,0.13798659999883967,20,159.36498584431325
411.77658469999733,0.13796699999875273,20,159.38762570555855
411.9143383999981,0.13770690000092145,20,159.68867613295234
412.0509243999986,0.13652069999807281,20,161.07617786775504
412.18732660000023,0.1363420000016049,20,161.28729632293167
412.32366249999905,0.13628049999897485,20,161.36008127124143
412.46022979999907,0.1365022999998473,20,161.09789033257752
412.5981925999986,0.13788840000052005,20,159.47848082534182
412.7363775999984,0.138106999998854,20,159.22605339122907
412.8743842999975,0.13791159999891534,20,159.45165276664872
413.0110530999991,0.13657809999858728,20,161.0084820022204
413.14749329999904,0.13635290000092937,20,161.27440307738317
413.28403839999737,0.13645749999705004,20,161.15077995709572
413.421058099997,0.13694619999660063,20,160.57570459104275
413.5590472999975,0.13791419999688515,20,159.4486467384552
413.69724719999795,0.13811649999843212,20,159.21510142357815
413.8353415999991,0.13802679999935208,20,159.31857114432287
413.9719413999992,0.1365274000017962,20,161.06827314686058
414.10844390000057,0.13642520000212244,20,161.1889339739131
414.24432479999814,0.135802099997818,20,161.92851624439774
414.38062999999966,0.1362422999991395,20,161.40532386534056
414.51851109999916,0.13780920000135666,20,159.57013432560032
414.65642079999816,0.13781849999941187,20,159.55936652636507
414.79460649999965,0.13809260000198265,20,159.2426571387915
414.931292199999,0.13660600000002887,20,160.97559811073708
415.0678576999999,0.13646979999975883,20,161.13625546134648
415.204119799997,0.1361808999972709,20,161.4780968253308
415.3412298999974,0.13705929999923683,20,160.4431990798322
415.47922499999913,0.1379482000011194,20,159.4093475329258
415.61651639999764,0.1372516999981599,20,160.21828914188183
415.75371369999993,0.1371580000013637,20,160.32774286079822
415.891080399997,0.13727409999773954,20,160.1921451743782
416.0276374999994,0.1364904000001843,20,161.11193575145435
416.1640518999993,0.1363539000012679,20,161.27322031357753
416.30118310000034,0.1370801000011852,20,160.41885405197306
416.4392040999992,0.1379741999990074,20,159.37930827414257
416.57723579999947,0.137978300001123,20,159.3745723446442
416.7144401000005,0.13715550000051735,20,160.33066523352727
416.8519062999985,0.13742930000080378,20,160.01123890896181
416.9884525999987,0.13647449999916716,20,161.13070614403566
417.1248502999988,0.13633779999872786,20,161.2922649164442
417.26195919999736,0.13702629999897908,20,160.4818385644496
417.4000108,0.13799740000104066,20,159.3525135644162
417.53779869999926,0.13772189999872353,20,159.67128362100593
417.6750300999993,0.13717850000102771,20,160.30378343075085
417.8134597999997,0.13838630000100238,20,158.90469327788023
417.9500171999971,0.13647519999722135,20,161.1298796848638
418.08644730000015,0.13636770000084653,20,161.2568999505271
418.2236625999976,0.13714959999924758,20,160.33756245472566
418.3616839999995,0.13797690000137663,20,159.37618945852964
418.4990951,0.13735280000037164,20,160.10035875104475
418.63656869999977,0.1373989999992773,20,160.04652548880026
418.7747075999978,0.13805739999952493,20,159.2832586706375
418.9113757999985,0.13657729999977164,20,161.00942510619825
419.04782409999825,0.13636330000008456,20,161.2621031869012
419.184402699997,0.13648879999891506,20,161.11382439947306
419.32231409999804,0.1378274999988207,20,159.54894745756948
419.45945740000025,0.13707960000101593,20,160.41943918246787
419.5973472000005,0.1378065000026254,20,159.5732607322663
419.73519359999773,0.1377952999973786,20,159.58623085067734
419.87242530000003,0.137140000002546,20,160.34878631407142
420.0096197999992,0.1371237999992445,20,160.36773015071896
420.14741109999886,0.1377028999995673,20,159.69331477833143
420.2856060999984,0.13812110000071698,20,159.2097989040476
420.4222735000003,0.13659970000298927,20,160.98302232756572
420.5602742999981,0.13791829999900074,20,159.44390668736003
420.69778640000004,0.13741289999961737,20,160.0303359843307
420.83495050000056,0.13708430000042426,20,160.4139391268872
420.97219659999973,0.13714510000136215,20,160.34282344248237
421.110074799999,0.13776839999991353,20,159.61739089322228
421.2482797999983,0.13809789999868372,20,159.23654563704156
421.384947999999,0.13659240000197315,20,160.99162585328568
421.52304509999885,0.13801220000095782,20,159.3354250955161
421.65976079999746,0.13662519999707,20,160.95297614196787
421.79626239999925,0.13642049999907613,20,161.19448730703175
421.9328779999996,0.13649550000263844,20,161.1059159832737
422.0707947999981,0.13783390000025975,20,159.54153916763988
422.20880829999805,0.13794019999841112,20,159.4185926638739
422.3457595,0.13688030000048457,20,160.65301256237862
422.48376279999866,0.13793140000052517,20,159.4287635406896
422.6212188999998,0.13737910000054399,20,160.06970896907114
422.75788999999713,0.13659159999951953,20,160.99256876409203
422.8944682000001,0.13649830000213115,20,161.10261120597593
423.03250169999956,0.13793490000171005,20,159.42471814781737
423.1703075999976,0.13770839999779128,20,159.6869367146282
423.3083262,0.1379207000027236,20,159.4411321511981
423.4463708000003,0.1379562000001897,20,159.40010347842113
423.5834904999974,0.1370288999969489,20,160.47879356843438
423.7206910999994,0.1371132000022044,20,160.38012791741755
423.85743340000045,0.1366663000007975,20,160.9045723444015
423.9954418999987,0.13792219999959343,20,159.43939812143967
424.13276849999966,0.137258999999176,20,160.20976807096082
424.2705356000006,0.13770540000041365,20,159.69041559338953
424.4084373000005,0.13785720000305446,20,159.51457417554374
424.54501080000045,0.13650659999984782,20,161.09281569934726
424.68210700000054,0.13701080000100774,20,160.4999938352178
424.8193911999988,0.13720010000179172,20,160.278546117917
424.95748710000044,0.1380027000013797,20,159.34639362345916
425.0948817999997,0.13730480000231182,20,160.15632778424168
425.2328860999987,0.13791459999993094,20,159.44818427875666
425.37086519999866,0.1379096999989997,20,159.45384955285596
425.5075211000003,0.13656950000222423,20,161.0186209597447
425.6440952999983,0.13647649999984424,20,161.12834484724547
425.78179850000015,0.13759940000090864,20,159.8134334551952
425.91981250000026,0.13791480000145384,20,159.44795304991334
426.056921899999,0.1370107000002463,20,160.50011098024075
426.1946728999974,0.13767949999964912,20,159.720456244946
426.3325526999979,0.13782799999898998,20,159.54836866007741
426.4689921999998,0.1363935000008496,20,161.22639682523743
426.60549809999793,0.1364291999998386,20,161.18420804011174
426.74272629999905,0.13714329999857,20,160.3449279385088
426.8807764999983,0.13796490000095218,20,159.3900517839554
427.01828739999837,0.13741989999834914,20,160.02218423812107
427.1563094999983,0.13793670000086422,20,159.42263774167589
427.29428429999825,0.137894999999844,20,159.47084778668463
427.4308256000004,0.136480200002552,20,161.12397662890888
427.5673406999995,0.13643280000178493,20,161.17995493189542
427.70389339999747,0.13645159999941825,20,161.15774791657813
427.84186240000054,0.13791130000026897,20,159.451999622055
427.9793604999977,0.13740580000012415,20,160.03860503341295
428.11723279999933,0.13779169999907026,20,159.59040026117955
428.255239099999,0.13794509999934235,20,159.41292989475406
428.39227519999986,0.1369933999994828,20,160.5203794898369
428.52878989999954,0.13645820000238018,20,161.14995328339694
428.6658658999986,0.13700450000033015,20,160.50737425024
428.8040900999986,0.13814500000080443,20,159.1822545542144
428.94104569999763,0.13686299999972107,20,160.67331971069476
429.0787251999973,0.1375929999994696,20,159.82086701797888
429.2162475999976,0.13742009999987204,20,160.0219513414739
429.3536000999993,0.13726260000112234,20,160.2055662310068
429.4901850999995,0.13650300000153948,20,161.09706420570973
429.62744229999953,0.13717560000077356,20,160.30717237902363
429.76563669999814,0.1381279999986873,20,159.20184579324237
429.9031130999974,0.1373857999969914,20,160.06190272940552
430.0410684999988,0.1378660000009404,20,159.5043923474243
430.1784893999975,0.1373472999985097,20,160.10676988742122
430.3156913999992,0.13714420000178507,20,160.34387568146357
430.4522102999981,0.13647779999882914,20,161.126810043162
430.5898043999987,0.13753730000098585,20,159.88559143855792
430.7279896,0.13809990000299877,20,159.23423952546304
430.86540329999843,0.13733879999927012,20,160.1166790130456
431.0033320000002,0.13784020000093733,20,159.53424730499856
431.13998939999874,0.13657249999960186,20,161.01508397066837
431.27704299999823,0.1369635000010021,20,160.5554221041307
431.4141748000002,0.13706269999966025,20,160.43921909881033
431.5521262999973,0.13787119999688002,20,159.49837642682178
431.6903170999976,0.13810469999953057,20,159.22870514613007
431.82732959999703,0.13692399999854388,20,160.60173932804952
431.9652606999989,0.13784149999992223,20,159.53274271922757
432.1026189999975,0.1372692000004463,20,160.1978634351224
432.2392010000003,0.13650840000263997,20,161.0906915259041
432.3757337999996,0.1364833000006911,20,161.12031695752265
432.5136695000001,0.13788770000246586,20,159.47929043074
432.6518230999973,0.1380838999975822,20,159.2526902550192
432.7892267999996,0.13732060000256752,20,160.13790032310405
432.92653959999734,0.1372347999968042,20,160.23801948217277
433.063889699999,0.13726220000171452,20,160.20603309028502
433.2005535999997,0.1365752000019711,20,161.01190080777937
433.3382000999991,0.13756529999955092,20,159.85304837478483
433.47639069999786,0.13809249999758322,20,159.24277245979943
433.61453359999723,0.13808849999986705,20,159.24738523150856
433.7524161000001,0.13780670000051032,20,159.5730291447264
433.8889522999998,0.13646950000111246,20,161.1366096845137
434.0257984999989,0.13677430000097957,20,160.7775185496289
434.1630351999993,0.13717389999874285,20,160.3091590726919
434.3007048999971,0.13761609999710345,20,159.7940397670247
434.43870839999727,0.1379607999988366,20,159.39478863347733
434.576750799999,0.13799510000171722,20,159.35516953316713
434.7142110999994,0.13739640000130748,20,160.04955410266015
434.8508390999996,0.13652600000204984,20,161.0699248142466
434.98798700000043,0.13706180000008317,20,160.44027260335596
435.1252356999976,0.1371560999978101,20,160.3299638577585
435.2630513999975,0.13772949999838602,20,159.6624728600459
435.4013879999984,0.1382707999982813,20,159.03742913032497
435.5390883,0.13761920000251848,20,159.79044025192394
435.6764134999976,0.1372400000000198,20,160.23194808741496
435.81358759999785,0.13709820000076434,20,160.39767520942948
435.9507788999981,0.1371115000001737,20,160.38211641979078
436.0879958000005,0.1371309000023757,20,160.35942705210155
436.2259271999974,0.137849599999754,20,159.5233686246405
436.36395809999885,0.13798250000036205,20,159.36972119987897
436.5017246999996,0.13772500000050059,20,159.66768963833778
436.6382589999994,0.13649160000204574,20,161.11051929342472
436.7746530000004,0.13635330000033719,20,161.27392997063964
436.91099810000014,0.13630820000253152,20,161.32729032524526
437.04762610000034,0.1365570000016305,20,161.03336010059854
437.1855852999979,0.13787269999738783,20,159.4966411474979
437.3237124999978,0.13805180000053952,20,159.28971991262745
437.4617569000002,0.13799490000019432,20,159.35540049298223
437.59915199999887,0.13733599999977741,20,160.11994346388158
437.7358168999999,0.13657690000036382,20,161.0098966623303
437.8723742000002,0.13646870000229683,20,161.13755429010385
438.00912959999914,0.136671700001898,20,160.89821488438804
438.14721519999875,0.13798139999926207,20,159.37099171074948
438.2853206,0.1380341000003682,20,159.3101455036208
438.42334239999764,0.13797989999875426,20,159.37272425707323
438.56060869999783,0.13722689999849536,20,160.24724420475226
438.69721279999794,0.13653039999917382,20,161.06473397611862
438.8336750999988,0.13640120000127354,20,161.21729541466414
438.97075869999753,0.1369870999988052,20,160.52776177984495
439.1088060999973,0.13796029999866732,20,159.3953663172117
439.24711899999966,0.138225999999122,20,159.08897425708392
439.38524959999995,0.13805470000079367,20,159.2863738459725
439.52208919999975,0.13676200000190875,20,160.79197843855084
439.6579251999974,0.13577879999866127,20,161.9563036036319
439.79421869999715,0.1362176999973599,20,161.43447258283032
439.93076219999784,0.1364828999976453,20,161.1207891677228
440.0686045000002,0.13775080000050366,20,159.637784720231
440.2067324999989,0.13805040000079316,20,159.29133530503103
440.34434129999863,0.1375506000003952,20,159.8701318311721
440.48171899999943,0.13733520000096178,20,160.12087618735765
440.6188645000002,0.137105400001019,20,160.38925203060248
440.75532849999945,0.13642579999941518,20,161.18822506896984
440.89194549999957,0.13657840000087162,20,161.0081283378606
441.0303239999994,0.1382954000000609,20,159.0091395339998
441.1682836,0.13787610000144923,20,159.4927079841166
441.3059866000003,0.1376207000030263,20,159.78869861173817
441.443335699998,0.137286099998164,20,160.1781429861733
441.5805279999986,0.1371127999991586,20,160.38059579889656
441.71715810000023,0.13655220000146073,20,161.03902064767
441.8543322999976,0.13709279999966384,20,160.40399317523546
441.99255509999784,0.13813400000071852,20,159.194930686186
442.13077469999917,0.13812680000046385,20,159.20322888422922
442.2680997999996,0.1372518999996828,20,160.21805567406224
442.4052813999988,0.1371356999989075,20,160.3538141832884
442.5424263999994,0.137106500002119,20,160.38796523272157
442.67966389999856,0.13718320000043605,20,160.29829130279876
442.8174082999976,0.13767939999888767,20,159.72057225480108
442.9555513999985,0.1380725999988499,20,159.26572365337634
443.09367349999957,0.13803900000129943,20,159.30449043613035
443.231060099999,0.13731990000087535,20,160.13871664179644
443.36821749999945,0.1371103999990737,20,160.38340312382257
443.505369399998,0.13711119999788934,20,160.38246733934582
443.64263899999787,0.13723119999849587,20,160.2422230204285
443.7806246,0.13794860000052722,20,159.40888530536702
443.91867309999725,0.13799769999968703,20,159.3521671416978
444.0561061999979,0.13736579999749665,20,160.08520720529233
444.1928182999982,0.13663000000087777,20,160.9473216378447
444.32931950000057,0.1364309000018693,20,161.1821995986151
444.4656967999981,0.1363283999999112,20,161.30338620224637
444.6024531999974,0.13671409999733442,20,160.8483145187567
444.74046669999734,0.1379434999980731,20,159.41477891910222
444.87867939999705,0.13812359999792534,20,159.20691725273812
445.0161750999978,0.13740379999944707,20,160.04093449823435
445.1535358999972,0.1372672999968927,20,160.20008083511362
445.2907639999976,0.13713459999780753,20,160.35510043323546
445.4273405999993,0.13648789999933797,20,161.11488678210057
445.56435559999954,0.13693640000201412,20,160.5871963568237
445.7025109999995,0.13806470000054105,20,159.27483676445772
445.84059689999776,0.1380116000000271,20,159.3361178010811
445.97733829999925,0.13664820000121836,20,160.92588526833092
446.1139414999998,0.13651880000179517,20,161.07841964059776
446.2504584999988,0.13643170000068494,20,161.18125446952286
446.3868517999981,0.136342899997544,20,161.28623166968075
446.52397279999786,0.1370403000000806,20,160.4654437819172
446.662174699999,0.13814500000080443,20,159.1822545542144
446.8011116999987,0.1388656000017363,20,158.35622757000326
446.93877040000007,0.1375731000007363,20,159.84398516426762
447.0759881999984,0.13713170000119135,20,160.35849154738807
447.2126836999996,0.13660890000028303,20,160.9721808423495
447.34925329999896,0.13647430000128224,20,161.130942274944
447.48628520000057,0.136930200002098,20,160.59446751106094
447.6243527000006,0.13797410000188393,20,159.37942378475194
447.7625573999976,0.13811469999927795,20,159.21717641666646
447.89999349999925,0.13735380000071018,20,160.09919314504808
448.03735529999904,0.13726859999951557,20,160.1985636598436
448.1740040000004,0.13656140000239247,20,161.02817161463446
448.311005399999,0.1369297999990522,20,160.59493664397533
448.44833599999765,0.13728749999791034,20,160.1765095573502
448.5863339999996,0.13795960000061314,20,159.39617507895258
448.7243845999983,0.13800590000028023,20,159.34269879385843
448.862050599997,0.13761129999693367,20,159.79961352018327
448.9986078999973,0.1364821999995911,20,161.12161553364382
449.13515349999943,0.13645750000068801,20,161.1507799527994
449.2716862999987,0.1364438999989943,20,161.16684260477808
449.40924059999816,0.13748339999801829,20,159.94827416136764
449.54730070000005,0.13798420000239275,20,159.36775772254123
449.6855026999983,0.13811509999868576,20,159.21671530288324
449.8233911999996,0.13781110000127228,20,159.56793433415004
449.9606466000005,0.13716200000271783,20,160.32306728601412
450.0973038999982,0.13656469999841647,20,161.02428047493228
450.23384669999723,0.13644669999848702,20,161.163535327449
450.3714566999988,0.13751350000165985,20,159.91326346325684
450.5095242999996,0.1380100999995193,20,159.3378495892445
450.64754139999786,0.13798049999968498,20,159.372031233183
450.78510299999834,0.13750739999886719,20,159.920357418591
450.922480899997,0.1372810999964713,20,160.18397693553766
451.0591327000002,0.13654909999968368,20,161.04267663112347
451.19558739999775,0.13635789999898407,20,161.2684894361371
451.3326433999973,0.13695910000024014,20,160.56058016941878
451.47075199999745,0.1380295999988448,20,159.31533928739952
451.6089361999984,0.13810019999800716,20,159.23389362098916
451.74630439999964,0.13728280000214,20,160.18199333913068
451.8838579000003,0.13745940000080736,20,159.97620064827024
452.02051279999796,0.13655500000095344,20,161.03571861423208
452.1577980999973,0.13719159999891417,20,160.2884765225717
452.29511719999937,0.13723229999959585,20,160.24093858067496
452.43318050000016,0.13800700000138022,20,159.34142873405025
452.57121019999977,0.13798660000247764,20,159.36498584011164
452.7085616999975,0.13730149999901187,20,160.16017709696004
452.84580350000033,0.1371478000000934,20,160.33966680839956
452.98302319999857,0.13713110000026063,20,160.359193177027
453.12037679999776,0.13726279999900726,20,160.20533280451107
453.2576203999997,0.13715360000060173,20,160.33288630720247
453.3959094999991,0.13820080000004964,20,159.11798307616237
453.5338085999974,0.13781919999746606,20,159.5585561077434
453.67042669999864,0.13654740000129095,20,161.04468159270772
453.8075754999991,0.13707300000169198,20,160.42716330166087
453.9448107999997,0.13714729999992414,20,160.34025136136228
454.08216099999845,0.13725699999849894,20,160.2121025212593
454.2197927999987,0.13754229999904055,20,159.8797792073667
454.357949199999,0.13807639999868115,20,159.26134050228742
454.4959801999976,0.13798039999892353,20,159.37214673744646
454.63245619999725,0.13643459999730112,20,161.1778284684017
454.76883349999844,0.13633710000067367,20,161.29309304225586
454.90580559999944,0.13691689999905066,20,160.61006753492427
455.0432201000003,0.1373161000010441,20,160.14314822044025
455.18131169999833,0.13799749999816413,20,159.35239809281003
455.31973579999976,0.13833810000141966,20,158.96005912539155
455.4569488999987,0.1371502000001783,20,160.33686101435805
455.5934490999971,0.13642859999890788,20,161.1849169140197
455.72996499999863,0.13643349999983911,20,161.1791279674415
455.86700759999803,0.13696789999812609,20,160.5502643745057
456.0044229999985,0.13732230000096024,20,160.135917876166
456.14249070000005,0.1379841000016313,20,159.36787322061036
456.280702,0.1381230000006326,20,159.20760883719066
456.41859009999826,0.13781599999856553,20,159.56226095481574
456.5550904999982,0.13644840000051772,20,161.1615274011023
456.6914625999998,0.13632530000177212,20,161.30705419488638
456.82790849999947,0.13640220000161207,20,161.21611348834628
456.96560390000013,0.1376315000015893,20,159.77615992898478
457.1037995999977,0.13811229999919306,20,159.21994315964966
457.2419888000004,0.13810690000173054,20,159.2261686798013
457.37973149999743,0.1376641999995627,20,159.7382075774955
457.5168883000006,0.13709030000245548,20,160.40691832409826
457.6533786999971,0.13641899999856832,20,161.19625972738976
457.789862499998,0.13641260000076727,20,161.20382248704527
457.9274516000005,0.1375106000014057,20,159.91663591966878
458.06552549999833,0.1379899999992631,20,159.36105917557384
458.2037805999971,0.13814619999902789,20,159.18087182763438
458.34056169999894,0.13669600000139326,20,160.8696125365473
458.47744669999884,0.13683410000157892,20,160.70725466288198
458.6145973999992,0.13710770000034245,20,160.38656148024566
458.75109879999945,0.13645869999891147,20,161.14936281596863
458.88850049999746,0.13735839999935706,20,160.0938315794515
459.02694789999805,0.13835539999854518,20,158.9401827160431
459.1648413999974,0.13781480000034207,20,159.56365031524493
459.3014065999996,0.13648409999950672,20,161.11937255401529
459.43849129999944,0.13701230000151554,20,160.49823669317834
459.57573369999955,0.13718230000085896,20,160.29934295738087
459.7123713999972,0.136553799999092,20,161.03713375728995
459.85008799999923,0.13765210000201478,20,159.75224900454214
459.9885228999992,0.13834330000099726,20,158.95408419028232
460.1264467999972,0.13783469999907538,20,159.54061318135066
460.2631283999981,0.1365853999996034,20,160.99987667484118
460.3996933999988,0.13646819999848958,20,161.1381446795912
460.53609080000024,0.13634600000295904,20,161.28256461533712
460.67243999999846,0.13630729999931646,20,161.32835552923635
460.81018369999947,0.1377016000005824,20,159.69482239441658
460.948372699997,0.13811449999775505,20,159.2174069766566
461.0862019999986,0.1377461999982188,20,159.64311578689183
461.2236023000005,0.137317400000029,20,160.14163212757708
461.3609660999973,0.1372812999979942,20,160.18374356770585
461.4982268999993,0.13716019999992568,20,160.32517126347085
461.6348760999972,0.13655799999833107,20,161.03218087397846
461.7728117000006,0.13785240000288468,20,159.52012844941282
461.91099349999786,0.13810860000012326,20,159.22420874225338
462.04890259999956,0.13782229999924311,20,159.55496719791185
462.18566889999784,0.13668010000037611,20,160.88832650443985
462.3221986999997,0.1364543000017875,20,161.1545591105003
462.4587204999989,0.1364352999989933,20,161.17700152147032
462.5952311999972,0.136460799996712,20,161.1468828854136
462.73312499999884,0.1378493999982311,20,159.5236000722686
462.87117339999895,0.13800550000087242,20,159.34316063766292
463.0094752999976,0.13822810000056052,20,159.08655733118542
463.1461433999975,0.13658269999723416,20,161.00305936231535
463.28251889999956,0.1362918000013451,20,161.3467028486158
463.4190204000006,0.1364216000001761,20,161.1931875560147
463.55559269999867,0.1365122999995947,20,161.08608935301282
463.69362980000005,0.1379625000008673,20,159.39282453841994
463.8318733999986,0.13817019999987679,20,159.1532222978588
463.9701356999976,0.13817589999962365,20,159.14665694654346
464.10720199999923,0.13697899999897345,20,160.53725429215282
464.24373360000027,0.13644720000229427,20,161.1629447518912
464.3801835999984,0.13635299999805284,20,161.27428480366422
464.5167013999999,0.13643790000060108,20,161.17393008411244
464.654578499998,0.13781589999780408,20,159.5623767349804
464.7926575999991,0.1379918999991787,20,159.35886494534012
464.93079809999836,0.13807579999775044,20,159.26203256384008
465.0683065999983,0.13742179999826476,20,160.01997176428827
465.20510569999897,0.13668300000063027,20,160.88491294029689
465.34144059999744,0.1362429999971937,20,161.4044945866793
465.4778348999971,0.1363205999987258,20,161.31261567015946
465.6148011999976,0.13690089999727206,20,160.62883849527788
465.7528128999984,0.13794039999993402,20,159.418361520849
465.8909442999975,0.13806899999690359,20,159.26987633728908
466.02842640000017,0.13739410000198404,20,160.05223335792766
466.1651008999979,0.13658769999892684,20,160.99716559904573
466.3016045999975,0.1364248999998381,20,161.18928843302137
466.4387246999977,0.13703940000050352,20,160.4664976308945
466.5761781000001,0.1374046000019007,20,160.0400027016258
466.71424139999726,0.13801059999968857,20,159.33727232234062
466.8523506999991,0.13805190000130096,20,159.28960452780996
466.989761599998,0.13734049999766285,20,160.11469709149313
467.12642109999797,0.1365698000008706,20,161.0182672551312
467.26292009999815,0.13642210000034538,20,161.19259676741765
467.39943459999995,0.1364303000009386,20,161.18290845485728
467.53704970000035,0.13754450000124052,20,159.87722195596095
467.67521919999854,0.13809349999792175,20,159.24161930757745
467.8133648999974,0.13805739999952493,20,159.2832586706375
467.95062379999945,0.13717449999967357,20,160.30845788081842
468.0866767999978,0.13596229999893694,20,161.7377210865949
468.2230528999971,0.13628379999863682,20,161.35617407013862
468.35958539999774,0.13644449999992503,20,161.1661338898386
468.4971731000005,0.13751920000140672,20,159.90663525744085
468.6352106999984,0.13798920000044745,20,159.36198307873872
468.77324640000006,0.13798830000087037,20,159.36302248365476
468.91069499999867,0.1373993999986851,20,160.04605955870582
469.04737229999955,0.13658480000231066,20,161.0005839240383
469.18443409999963,0.13697769999998854,20,160.53877788517283
469.32100309999805,0.13648269999976037,20,161.1210252695661
469.4587713000001,0.13769160000083502,20,159.7064204017285
469.59688729999834,0.13805159999901662,20,159.28995068276384
469.7350078999989,0.13805499999944004,20,159.2860277107616
469.87218669999857,0.1371103999990737,20,160.38340312382257
470.0082332999991,0.13596179999876767,20,161.73831587783712
470.1447628999995,0.1364491000022099,20,161.1607006214321
470.28132769999866,0.13647499999933643,20,161.13011581334985
470.419083599998,0.13768089999939548,20,159.71883213733025
470.557185499998,0.13804420000087703,20,159.2984895807306
470.6953371999989,0.13807420000011916,20,159.26387808512393
470.83262099999774,0.1372358999979042,20,160.236735109806
470.9692624999989,0.13655930000095395,20,161.03064789704095
471.1058116999993,0.1364638000013656,20,161.14334025067413
471.24236629999723,0.1364678999998432,20,161.13849891106454
471.38025939999716,0.13780189999670256,20,159.57858749441192
471.51858869999705,0.1382384999997157,20,159.0745888848998
471.65655499999775,0.13788360000035027,20,159.48403258592128
471.7931138999993,0.13647610000043642,20,161.12881710020787
471.92972069999814,0.13648529999773018,20,161.11795596951254
472.06618569999773,0.13636380000025383,20,161.2615118930322
472.20269539999936,0.13643099999899277,20,161.1820814600959
472.34050849999767,0.13773569999830215,20,159.65528585392943
472.4786509000005,0.13807870000164257,20,159.25868765608604
472.6167569999998,0.1380417000000307,20,159.301374552147
472.7538384999971,0.1370208999978786,20,160.48816316241144
472.8902648999974,0.13636349999796948,20,161.2618666714146
473.0266980999986,0.13634860000092885,20,161.2794891577192
473.1631347000002,0.13634509999974398,20,161.28362922878262
473.30031640000016,0.13709230000313255,20,160.40457819306792
473.43839599999774,0.13799049999943236,20,159.36048174048548
473.57651149999947,0.13805490000231657,20,159.2861430861998
473.7139238999989,0.13732529999833787,20,160.13241955987834
473.8504835999993,0.1364949999988312,20,161.10650614094513
473.98758069999894,0.13701170000058482,20,160.49893954622954
474.12481689999913,0.13713890000144602,20,160.35007248335907
474.26262979999956,0.13772009999956936,20,159.67337052172311
474.4006754999973,0.1379492999985814,20,159.40807641464028
474.53881739999997,0.13804760000130045,20,159.29456618813253
474.67535510000016,0.13647450000280514,20,161.13070613974043
474.81170439999914,0.1363110999991477,20,161.32385811322405
474.94810439999856,0.13635029999932158,20,161.27747834533122
475.0844939999988,0.13629600000058417,20,161.3417309049844
475.2221489000003,0.1375597000005655,20,159.85955592684195
475.36023489999934,0.1379970999987563,20,159.3528599928418
475.4984043000004,0.13809150000088266,20,159.24392562452752
475.6357728999974,0.13729459999740357,20,160.16822625169428
475.7723882999999,0.13653189999968163,20,161.06296444692615
475.90889719999905,0.13643539999975474,20,161.17688338627315
476.0460055000003,0.13702320000084,20,160.48546928830442
476.18391189999966,0.13782830000127433,20,159.54802138107112
476.3220779999974,0.1380847000000358,20,159.25176761447355
476.4602565999994,0.13809480000054464,20,159.2401202321396
476.5976187999986,0.13728830000036396,20,160.17557618137673
476.73407379999844,0.1364039000000048,20,161.2141042559577
476.8704394999986,0.1363223000007565,20,161.31060402735258
477.00710009999966,0.13657690000036382,20,161.0098966623303
477.1449423999984,0.13774049999847193,20,159.64972216424331
477.28317869999955,0.1381446000013966,20,159.18271546841268
477.42150299999776,0.13824100000056205,20,159.07171212180606
477.5590437999999,0.13747019999937038,20,159.96363252269012
477.6949840999987,0.13584919999993872,20,161.87237433514457
477.831779199998,0.13670409999758704,20,160.86008068454532
477.9683194999998,0.13645520000136457,20,161.15349620461583
478.1060393999978,0.13762429999769665,20,159.78451883779275
478.2440781000005,0.13795810000010533,20,159.39790817286706
478.38233799999944,0.1381777000024158,20,159.14458378693186
478.51906959999906,0.13664590000189492,20,160.9285939440192
478.6554662999988,0.13634359999923618,20,161.28540361002052
478.7918355999973,0.13632189999771072,20,161.31107735359677
478.9282138999988,0.13633800000025076,20,161.292028308172
479.0661689999979,0.13786930000060238,20,159.50057449645365
479.204343399997,0.13809239999682177,20,159.24288777677924
479.3425750999995,0.13814080000156537,20,159.18709429271303
479.4800353999999,0.13738560000274447,20,160.06213573388126
479.6165129000001,0.13641670000288286,20,161.19897750829102
479.7529933000005,0.1364149000000907,20,161.2011045384733
479.88953389999733,0.13645959999848856,20,161.14829997862788
480.02761269999974,0.13799360000120942,20,159.3569017354955
480.1660133000005,0.13829550000082236,20,159.00902455531264
480.3040736999974,0.13799989999824902,20,159.34962674464992
480.4408033999971,0.13662619999740855,20,160.9517980880468
480.5772889,0.13640339999983553,20,161.21469520222016
480.7137115999976,0.1363564999992377,20,161.27014521231428
480.8503424999981,0.1365774000005331,20,161.0093072165246
480.98816570000054,0.13776500000312808,20,159.6213302001284
481.12639750000017,0.13812239999970188,20,159.20830043184498
481.26444509999783,0.13796679999722983,20,159.38785675946338
481.40152379999927,0.13697880000108853,20,160.53748868690082
481.5378080999981,0.1361852000009094,20,161.4729982066565
481.6749017999973,0.13701339999897755,20,160.49694815021084
481.8114257999987,0.13645489999908023,20,161.15385050788376
481.94903539999723,0.1375129999978526,20,159.91384491548726
482.08712829999786,0.13798799999858602,20,159.36336895777413
482.2252910999996,0.13809050000054413,20,159.2450788101524
482.36246799999935,0.13707939999949303,20,160.41967323756396
482.4986293999973,0.1360791999977664,20,161.59877891610876
482.6350265999972,0.13634429999729036,20,161.28457556316636
482.7720315999977,0.13696019999770215,20,160.559290625225
482.9100362999998,0.1379661999999371,20,159.38854991679142
483.0481159999981,0.1379873999976553,20,159.36406190633105
483.18696799999816,0.13876429999800166,20,158.47182997238252
483.32414029999927,0.1370996000005107,20,160.39603730016782
483.4606537999971,0.13643309999679332,20,161.17960052243077
483.5971208999981,0.1363975999993272,20,161.2215504937658
483.73397119999936,0.1367835000019113,20,160.76670472105718
483.8719031999972,0.1378629999999248,20,159.50786328117042
484.00960080000004,0.1376092000027711,20,159.80205215259716
484.1477941999983,0.1381011999983457,20,159.23274059735485
484.28523549999954,0.13736939999944298,20,160.08101189645706
484.4219155999999,0.13659370000095805,20,160.99009365267773
484.5584294,0.13642970000000787,20,161.18361731733438
484.69543019999765,0.13694050000049174,20,160.58238837627314
484.83332609999707,0.13785109999662382,20,159.52163280567638
484.97126039999785,0.1378895999987435,20,159.47709294769425
485.10946839999815,0.13811680000071647,20,159.21475559385917
485.2466897999984,0.13713769999958458,20,160.3514756014328
485.3833842999993,0.13659919999918202,20,160.98361158521925
485.5199326999973,0.13645769999857293,20,161.1505437637449
485.6569587999984,0.13695169999846257,20,160.56925584543208
485.7951471999986,0.13810219999868423,20,159.23158759041863
485.93305229999896,0.1378084999996645,20,159.57094486605354
486.0707468999972,0.13760919999913312,20,159.80205215682184
486.2073335999994,0.13651029999891762,20,161.08844941146828
486.3438661,0.13645639999958803,20,161.1520790200122
486.480401599998,0.13644690000000992,20,161.1632990967065
486.61739529999977,0.13692179999998189,20,160.6043198053408
486.7552676999985,0.1378182000007655,20,159.5597138505499
486.8932879999993,0.1379765999990923,20,159.3765359899046
487.0311010000005,0.13776100000177394,20,159.6259649337391
487.16772879999917,0.13654120000137482,20,161.0519942354292
487.30426429999716,0.1364505999990797,20,161.15892898725482
487.44076869999844,0.1364267999997537,20,161.1870435688567
487.57752609999807,0.13667770000029122,20,160.89115163244
487.71567589999904,0.13807019999876502,20,159.26849208385804
487.85399569999936,0.13823060000140686,20,159.08368013519578
487.99142369999754,0.13735079999969457,20,160.10269001395622
488.1280525000002,0.13653350000095088,20,161.0610769911183
488.2645073999993,0.13639160000093398,20,161.22864278569511
488.40105499999845,0.13646040000094217,20,161.147355242753
488.5383167999971,0.13717259999975795,20,160.31067833925144
488.67643379999936,0.13805900000079419,20,159.28141269597418
488.8152620999972,0.13878529999783495,20,158.4478511475138
488.95341109999936,0.13809649999893736,20,159.23815995111545
489.08999739999854,0.13650580000103218,20,161.0937597915526
489.2264931999998,0.1364242000017839,20,161.19011550173983
489.3630348000006,0.1364577000022109,20,161.1505437594486
489.5001892,0.13706749999983003,20,160.43360063871646
489.6382027999971,0.13794609999968088,20,159.41177427684343
489.7763304,0.13806450000265613,20,159.27506748727546
489.9144407999993,0.13803520000146818,20,159.30887596269724
490.0510796999988,0.13654179999866756,20,161.05128653448682
490.18762659999993,0.13645910000195727,20,161.1488904382675
490.32411259999935,0.13641519999873708,20,161.20075003169427
490.4613701999988,0.13715750000119442,20,160.32832732682135
490.5996524999973,0.13819449999937206,20,159.1252369350439
490.73774579999736,0.13802729999952135,20,159.3179940170985
490.8754216999987,0.1376321999996435,20,159.77534730664019
491.0126519999976,0.1371751000006043,20,160.30775669507898
491.1492634999995,0.1365250000017113,20,161.07110459801763
491.28581979999944,0.13646929999958957,20,161.13684583702076
491.42303940000056,0.13713380000262987,20,160.35603589412884
491.5612970000002,0.1381760000003851,20,159.14654176889408
491.7002312000004,0.13886060000004363,20,158.36192955750653
491.8378668999976,0.13756179999836604,20,159.8571155348447
491.97448219999933,0.13652809999985038,20,161.06744732801596
492.11081609999746,0.13623969999753172,20,161.40840412830033
492.247031699997,0.13614749999760534,20,161.51771098188934
492.38399469999786,0.13689069999963976,20,160.64080726870318
492.52192060000016,0.13784060000034515,20,159.53378435283173
492.6608271999976,0.13883939999868744,20,158.38611054014848
492.7991422999985,0.13826400000107242,20,159.04525079087426
492.93603679999796,0.1368363000001409,20,160.7046708767875
493.0724034999985,0.1362888000003295,20,161.350254426386
493.2088932000006,0.13641980000102194,20,161.19531442910244
493.34546769999724,0.13648639999883017,20,161.1166574523797
493.4835596999983,0.13800419999824953,20,159.34466165376796
493.6218122999999,0.13818200000241632,20,159.13963146528107
493.75978349999787,0.13790499999959138,20,159.45928396784132
493.896866199997,0.13702029999694787,20,160.4888659272373
494.03339389999746,0.13644289999865578,20,161.16802380876285
494.1698278999975,0.13635119999889866,20,161.27641381738934
494.30637679999927,0.13646549999975832,20,161.1413328318069
494.4442302999996,0.13777230000050622,20,159.61287251094163
494.583189099998,0.1388794999984384,20,158.34037821109138
494.72149139999965,0.13822090000030585,20,159.09484423463704
494.85844329999964,0.13690459999997984,20,160.62449731801007
494.9948555999981,0.13635679999788408,20,161.26979040180785
495.13136329999907,0.1364300999994157,20,161.18314474308957
495.2678651999995,0.13643149999916204,20,161.18149075290577
495.40586189999885,0.13790449999942211,20,159.45986211916326
495.54407899999933,0.13812340000004042,20,159.2071477788236
495.6822850999997,0.13812010000037844,20,159.2109515954575
495.81969559999925,0.1373167999990983,20,160.14233186080946
495.9562619999997,0.13647950000085984,20,161.1248030318213
496.0928150999971,0.13645939999696566,20,161.14853616540142
496.2292920999971,0.13638149999678717,20,161.24058289458642
496.367261899999,0.1378919999988284,20,159.47431726065938
496.50547150000057,0.1381191000000399,20,159.21210430355865
496.6436810999985,0.13812269999834825,20,159.20795463586342
496.7810666999976,0.13732039999740664,20,160.13813356162157
496.9175703999972,0.13645969999925,20,161.1481818855007
497.05406799999764,0.13641309999729856,20,161.20323162478886
497.1906257999981,0.13647800000035204,20,161.12657392006972
497.3285904999975,0.13787889999730396,20,159.4894690627064
497.4668125999997,0.13813200000004144,20,159.19723565512265
497.60500150000007,0.1381074000018998,20,159.22559222183244
497.7421651000004,0.1370959000014409,20,160.40036613267705
497.87862219999806,0.1363917999988189,20,161.22840636834783
498.01473839999744,0.1360285999980988,20,161.65889052616396
498.1511552999982,0.1363259999998263,20,161.30622592570762
498.28888150000057,0.13764720000108355,20,159.75793590677392
498.4270609999985,0.13810300000113784,20,159.23066519437538
498.56529469999805,0.13813300000037998,20,159.19608316231103
498.7027710000002,0.13737980000223615,20,160.06889335376863
498.83996529999786,0.1371048000000883,20,160.3899539294455
498.97656449999704,0.1365293999988353,20,161.0659136838483
499.1130625000005,0.13642610000169952,20,161.18787061453824
499.25085559999934,0.13772070000050007,20,159.67267488068353
499.3890539999993,0.13810509999893839,20,159.2282439655671
499.52722859999994,0.1380955000022368,20,159.2393130490408
499.66463269999804,0.13732510000045295,20,160.1326527739464
499.80119939999713,0.13650129999950877,20,161.0990705260619
499.93775129999995,0.13645790000009583,20,161.15030757108644
500.0743285999997,0.13649680000162334,20,161.10438160644406
500.21231160000025,0.13790460000018356,20,159.45974648772216
500.3504566999982,0.13808119999885093,20,159.25580423477632
500.4886649999971,0.1381032999997842,20,159.23031930123582
500.6264074999999,0.13766250000116997,20,159.7401801894714
500.76318159999937,0.13670470000215573,20,160.85937466066076
500.89956959999836,0.13633950000075856,20,161.29025378116873
501.0360784000004,0.13645220000034897,20,161.15703928162216
501.17404899999747,0.1378925999997591,20,159.47362335294582
501.3121825999988,0.13805560000037076,20,159.2853354406554
501.4502613000004,0.1379947000023094,20,159.3556314492657
501.5881491,0.13780100000076345,20,159.57962972255766
501.7249441999993,0.13671500000054948,20,160.84725564445466
501.8612715999989,0.13626210000074934,20,161.38187034692015
501.9977927,0.13642890000119223,20,161.18456247413732
502.135522499997,0.1376323999975284,20,159.77511513215566
502.2731619999977,0.1375674999981129,20,159.85049198263872
502.4110648999995,0.13781920000110404,20,159.5585561035316
502.54915079999773,0.13799759999892558,20,159.35228261717026
502.6861839999983,0.13694409999880008,20,160.57816697260182
502.82260379999934,0.13635860000067623,20,161.26766155864715
502.95945859999847,0.13679810000030557,20,160.74954663457228
503.0973430999984,0.13781459999881918,20,159.56388187977484
503.23564749999787,0.1382348999977694,20,159.07873160739322
503.3725941999983,0.1368767999992997,20,160.65712053198578
503.5106111999994,0.13793359999908716,20,159.42622070087006
503.64777779999713,0.13707769999746233,20,160.42166272068394
503.783677899999,0.1358390999994299,20,161.88440997924965
503.92029550000007,0.13654310000129044,20,161.04975319376942
504.0579491999997,0.13756690000082017,20,159.85118916969776
504.1960741999974,0.13804079999681562,20,159.30241317079646
504.3335025999986,0.13736209999842686,20,160.08951927621843
504.4711925999982,0.13760850000107894,20,159.80286505083322
504.6085232000005,0.13724270000238903,20,160.2287958130903
504.74579099999755,0.13720009999815375,20,160.27854612216694
504.88299069999994,0.13715000000229338,20,160.33709482429666
505.02086959999724,0.1378140999986499,20,159.56446078982793
505.15886619999947,0.1379272000012861,20,159.4336182806216
505.2964957999975,0.13757039999836707,20,159.8471223154183
505.4346416999979,0.1380630999992718,20,159.27668258670118
505.5714270999997,0.13672030000088853,20,160.84102035599022
505.70796589999736,0.13644539999950211,20,161.1650708312647
505.84505720000016,0.1370195000017702,20,160.48980294947725
505.9830460999983,0.13790140000128304,20,159.46344674757037
506.12118519999785,0.13804719999825465,20,159.2950277571586
506.2579951999978,0.1367458999993687,20,160.81090954552582
506.3960009000002,0.1379482000011194,20,159.4093475329258
506.53310319999946,0.1370150000002468,20,160.49507393701703
506.669648199997,0.13645049999831826,20,161.15904709613397
506.80662870000015,0.13692060000175843,20,160.6057273721966
506.94463709999764,0.13794249999773456,20,159.4159345805763
507.082757199998,0.13803619999816874,20,159.30772185710512
507.2200787999973,0.13727099999960046,20,160.19576280193198
507.35807120000027,0.13792280000052415,20,159.43870451757383
507.49555340000006,0.13739820000046166,20,160.04745735712777
507.6322007999988,0.13657020000027842,20,161.01779564996735
507.76897429999735,0.1366852999999537,20,160.88220573483358
507.90704729999925,0.13800260000061826,20,159.34650909056413
508.04456310000023,0.13743299999987357,20,160.0069310539698
508.1812007999979,0.13653970000086701,20,161.0537635235786
508.3186033999991,0.13734069999918574,20,160.11446392548146
508.4559431999987,0.13725450000129058,20,160.21502067555693
508.5932912999997,0.1372618000023067,20,160.20649995228425
508.73025699999926,0.13686869999946794,20,160.66662834969196
508.86834349999845,0.1379969000008714,20,159.3530909417613
509.0062863999992,0.13787520000187214,20,159.49374909498886
509.143330699997,0.13697279999905732,20,160.54452092438314
509.28069309999773,0.1372875999986718,20,160.17639288422805
509.4179237999997,0.13717000000178814,20,160.31371695876166
509.5551959000004,0.1372079000029771,20,160.26943459555068
509.6929710999975,0.13768859999981942,20,159.70990013369908
509.83110459999807,0.13804629999867757,20,159.29606628885134
509.9691443999982,0.1379540999987512,20,159.40252994089386
510.10646279999855,0.13722509999934118,20,160.24934618831085
510.2429043999982,0.1363275000003341,20,161.3044510862893
510.3794276999979,0.13643450000017765,20,161.17794660068654
510.5167099999999,0.137176800002635,20,160.30577003616935
510.65455680000014,0.13773539999965578,20,159.65563359582907
510.7926836000006,0.1380224000022281,20,159.3236500391604
510.9310645999976,0.13829929999701562,20,159.00465552605493
511.0678769999977,0.13673500000004424,20,160.82372878570143
511.20432439999786,0.13637430000017048,20,161.24909572765918
511.34068040000056,0.13631990000067162,20,161.31344400495934
511.4777867999983,0.13700930000049993,20,160.50175101573222
511.6158785999978,0.13798789999782457,20,159.36348444948206
511.75394049999886,0.13796740000179852,20,159.38716359975862
511.89217590000044,0.13812930000131018,20,159.20034746655068
512.0293977999972,0.13713349999670754,20,160.35638670381755
512.1657183999996,0.13622899999973015,20,161.42108182225195
512.3020512000003,0.13627070000075037,20,161.3716855890438
512.4385014999971,0.1363811999981408,20,161.2409375765852
512.5758446999971,0.1372546999991755,20,160.21478722150934
512.7139127999981,0.13797929999782355,20,159.37341728699064
512.8520520999991,0.13807319999978063,20,159.2650315597447
512.9895116999978,0.13738960000046063,20,160.05747564187007
513.1266662999988,0.13708110000152374,20,160.41768380378892
513.2630967000005,0.1363842000027944,20,161.23739080530913
513.3998386999992,0.1366952999997011,20,160.870436332252
513.5377057999976,0.1378071999970416,20,159.57245017671121
513.6758981999992,0.138108099999954,20,159.2247851902048
513.8140531999998,0.13808520000020508,20,159.25119097113478
513.9515687999992,0.1374166999994486,20,160.02591064701915
514.0882681000003,0.13660370000070543,20,160.9783084602133
514.2247676999978,0.1364231999978074,20,161.19129705118652
514.3615092999971,0.13667829999758396,20,160.89044534435033
514.4998336999997,0.13824940000267816,20,159.06204696073914
514.6377379000005,0.13781950000338838,20,159.5582087801752
514.7758108999988,0.1379888999981631,20,159.36232954833852
514.9127379999991,0.13688099999853875,20,160.6521909962285
515.0492331999994,0.13641759999882197,20,161.19791402069743
515.1855966999974,0.13629169999694568,20,161.34682123719057
515.3219819000005,0.13634270000329707,20,161.28646825233935
515.4596582999984,0.13762019999921904,20,159.78927915847228
515.5973223999972,0.13758640000014566,20,159.82853360140768
515.7354276999977,0.1380091999999422,20,159.33888867937216
515.8728790999994,0.13736749999952735,20,160.08322605853394
516.0102369999986,0.13727099999960046,20,160.19576280193198
516.1474457999975,0.13712459999806015,20,160.36679454912604
516.2846248999995,0.13711870000042836,20,160.3736948749609
516.4226533999972,0.1379529999976512,20,159.4038009749292
516.5603090000004,0.13758730000336072,20,159.82748811106012
516.6984185999972,0.13801849999799742,20,159.32815206540474
516.8358675999989,0.13737870000113617,20,160.0701750368735
516.9725015999975,0.13656099999934668,20,161.02864328487053
517.1095638000006,0.13696850000269478,20,160.5495610675984
517.2469485000001,0.13732810000146856,20,160.12915459607203
517.3851316,0.1381364000008034,20,159.19216481240358
517.5228172999996,0.1376211000024341,20,159.78823418161213
517.6607756999983,0.13787740000043414,20,159.4912041817641
517.798475399999,0.13761800000065705,20,159.79183359309835
517.9351872999978,0.1366411999988486,20,160.93412935267912
518.071729299998,0.13645469999755733,20,161.15408671092786
518.2088656999986,0.13704990000042017,20,160.45420358170696
518.3468314999991,0.13790729999891482,20,159.45662452744008
518.4850301000006,0.13811450000139303,20,159.21740697246275
518.6224091000004,0.1373039999998582,20,160.15726093589925
518.7600977000002,0.1376038000016706,20,159.80832328215516
518.8973659000003,0.1371993000029761,20,160.27948069008366
519.033972199999,0.13653010000052745,20,161.06508788490632
519.1712181999974,0.13716889999705018,20,160.31500256977276
519.3091451,0.13787770000271848,20,159.49085715156568
519.4472107999973,0.13801549999698182,20,159.33161533306688
519.584516699997,0.1372451999995974,20,160.22587715697532
519.7218620999993,0.13725440000052913,20,160.21513740495917
519.8591489999999,0.1372183000021323,20,160.25728751324192
519.9963760999999,0.13714190000246163,20,160.34656479985537
520.1342288999986,0.13775280000118073,20,159.63546697658063
520.2723220999978,0.13801669999884325,20,159.33023000625505
520.4106437999981,0.13822589999836055,20,159.0890893514227
520.547372099998,0.13663199999791686,20,160.94496571707413
520.6844568999986,0.13699439999982133,20,160.5192077599426
520.8216637999976,0.1371225000002596,20,160.36925052765497
520.9588745999972,0.13712919999670703,20,160.3614150454321
521.096801599997,0.1378363999974681,20,159.53864549512272
521.2348467999982,0.13799329999892507,20,159.3572481830009
521.3730264999976,0.13814909999928204,20,159.1775303323314
521.5105065999996,0.137375800000882,20,160.07355411490826
521.6471423999974,0.13656429999900865,20,161.02475211808382
521.7843049000003,0.13707280000016908,20,160.42739737929682
521.9213407999996,0.13696990000244114,20,160.54792005490316
522.0592632999978,0.13783559999865247,20,159.5395714585708
522.1973125999975,0.13796109999748296,20,159.39444202692792
522.3352568999981,0.13786049999907846,20,159.5107558413541
522.4726673000005,0.13734340000155498,20,160.11131627199435
522.6093083999986,0.13656429999900865,20,161.02475211808382
522.7463747999973,0.13697879999745055,20,160.5374886911645
522.8830387999988,0.13656990000163205,20,161.01814935250894
523.0210679999982,0.13793230000010226,20,159.42772327804073
523.1592504,0.13809220000257483,20,159.24311840284952
523.2972819999995,0.13797540000086883,20,159.3779221178669
523.4339514999992,0.1366374999997788,20,160.93848727878947
523.5704888999971,0.1364542999981495,20,161.15455911479677
523.7075719999993,0.13699740000083693,20,160.51569267289497
523.844830099999,0.1371748999990814,20,160.3079904243944
523.9828662999971,0.1379598999992595,20,159.39582846637344
524.1210767999983,0.138118899998517,20,159.21233484885929
524.2593331999997,0.13816740000038408,20,159.15644758068018
524.3967424000002,0.13733390000197687,20,160.1223918872431
524.5334093999991,0.13657550000061747,20,161.0115471326891
524.6699780999988,0.13647660000060569,20,161.12822678336366
524.8072606999995,0.13718840000001364,20,160.29221534413853
524.9452439999986,0.13791950000086217,20,159.44251940720878
525.0834233999994,0.13809880000189878,20,159.23550787709704
525.2217046999976,0.13819859999784967,20,159.1205160968502
525.3589877999984,0.13723860000027344,20,160.23358264712834
525.4953943,0.13634550000278978,20,161.28315606360354
525.6318723000004,0.13641410000127507,20,161.20204990037288
525.7684224999975,0.13647259999925154,20,161.1329494392325
525.9064843999986,0.1379683000013756,20,159.38612387991117
526.0448297000003,0.1382353000008152,20,159.0782712909823
526.1828616999992,0.1379452000001038,20,159.41281433136822
526.3204318999997,0.1374775000003865,20,159.95513851690768
526.4576692999981,0.13714039999831584,20,160.34831862667784
526.5948669999998,0.13711700000203564,20,160.37568321355874
526.7321568999978,0.13721860000077868,20,160.25693714551244
526.8703442000005,0.1381061000029149,20,159.22709101955576
527.0085719999988,0.13814609999826644,20,159.18098705497985
527.1462326000001,0.13757500000065193,20,159.84177761523384
527.2834258000003,0.13713840000127675,20,160.3506571121967
527.4205872999992,0.13712179999856744,20,160.37006920671797
527.5578061999986,0.13711550000152783,20,160.37743767316584
527.6953240999974,0.13745219999691471,20,159.9845805015387
527.8337535999999,0.13834250000218162,20,158.95500338054626
527.9727191999991,0.13889090000157012,20,158.3273818174654
528.1104496999978,0.1376347999976133,20,159.7723290614098
528.2476266999984,0.13710619999983464,20,160.38831617787176
528.3848345999977,0.13712289999966742,20,160.36878271662383
528.5219582999998,0.13706230000025243,20,160.4396873208716
528.6596745999996,0.13763830000243615,20,159.76826621028292
528.7977498,0.13797900000281516,20,159.37376379790646
528.9364322999973,0.13859609999781242,20,158.66415112594865
529.0740664000004,0.1375582000000577,20,159.8612991120179
529.2112482999983,0.13710359999822685,20,160.39135774556172
529.3484409999983,0.13714329999857,20,160.3449279385088
529.4852256999984,0.13674729999911506,20,160.80926318590792
529.622919999998,0.13765069999863044,20,159.75387379605618
529.7609018000003,0.13791409999976167,20,159.44876234959298
529.8989485999991,0.13800089999858756,20,159.3484720443495
530.0363808999973,0.13737839999885182,20,160.07052459268553
530.1729975999988,0.13654930000120657,20,161.04244075455304
530.3094289999972,0.13638689999788767,20,161.23419885531953
530.4459418999977,0.13644949999797973,20,161.16022818585327
530.5828991999988,0.13690720000158763,20,160.62144690173338
530.7210873999975,0.13814579999962007,20,159.18133273382526
530.8592069999977,0.13804199999867706,20,159.30102835173895
530.9957958999985,0.13651570000001811,20,161.08207741319922
531.1330496999981,0.1371770000005199,20,160.30553631757988
531.2703618999985,0.13726060000044527,20,160.20790055885422
531.4077718999979,0.1373381999983394,20,160.11737852823097
531.545304299998,0.13747999999759486,20,159.9522298218265
531.6834643999973,0.13808619999690563,20,159.25003770118067
531.8216858999986,0.13813179999851855,20,159.19746615736454
531.9590524999985,0.1372929999997723,20,160.17009283471458
532.095644699999,0.13651459999891813,20,161.08337537299505
532.2327584999985,0.13702600000033271,20,160.48218991626848
532.3699983000006,0.1371820000022126,20,160.2996935105577
532.5079417999987,0.13785890000144718,20,159.512607131561
532.6460544999973,0.13804929999969318,20,159.292604566404
532.7842249999994,0.13809060000130557,20,159.2449634899993
532.9216175999973,0.137307699998928,20,160.1529452149565
533.058216999998,0.1365165999995952,20,161.08101546321257
533.1951960999977,0.1368889000004856,20,160.64291958984253
533.3323573999987,0.13711640000110492,20,160.37638499364624
533.4701354999997,0.13774209999974119,20,159.64786768577883
533.6083322999984,0.1381528999991133,20,159.1731520341675
533.7463938999972,0.1380076999994344,20,159.34062052776852
533.8837648999979,0.13728619999892544,20,160.17802631067158
534.0209813000001,0.13713360000110697,20,160.35626976424808
534.1582106999995,0.13714330000220798,20,160.34492793425534
534.2954639999989,0.1371556000012788,20,160.3305483357221
534.4335613000003,0.1380109000019729,20,159.33692596168595
534.5717783,0.13813010000012582,20,159.19942543659903
534.7098365999991,0.1379765999990923,20,159.3765359899046
534.8470516999987,0.13712740000119084,20,160.36352002100992
534.9836756999975,0.1365412999984983,20,161.05187628770088
535.1201163000005,0.13634580000143615,20,161.2828011958445
535.2567318999972,0.13655269999799202,20,161.03843099289404
535.3949057999998,0.1381273000006331,20,159.2026525923493
535.5324857999985,0.13754169999810983,20,159.88047665415073
535.670467699998,0.1379263999988325,20,159.4345430295153
535.8074756999995,0.1369235000020126,20,160.6023257891945
535.9440480999983,0.1364757000010286,20,161.12928935593857
536.0811470999979,0.13701159999982337,20,160.4990566897135
536.2179402999973,0.13670730000012554,20,160.8563153211263
536.3561818999988,0.13818370000080904,20,159.13767365753884
536.4947527000004,0.13849350000236882,20,158.7816941238677
536.6327447000003,0.137896100000944,20,159.46957568320977
536.7701492999986,0.13733309999952326,20,160.12332464348606
536.9067920999987,0.1365561999991769,20,161.03430350033574
537.043876599997,0.13699819999965257,20,160.5147553440539
537.1812933999972,0.1373198000001139,20,160.13883326003796
537.3194140999985,0.13806299999851035,20,159.27679795279883
537.4582367000003,0.1387806000020646,20,158.45321720177643
537.5962803000002,0.13797470000281464,20,159.37873070259553
537.7339584000001,0.13758200000302168,20,159.83364506285002
537.8709626999989,0.13690580000184127,20,160.62308941786432
538.0076211999985,0.13657460000104038,20,161.01260816691013
538.1447587999974,0.13705939999999828,20,160.44308201787166
538.2829241,0.13807839999935823,20,159.25903367668084
538.4210287999995,0.13804700000036974,20,159.2952585384768
538.5591986999971,0.13808629999766708,20,159.24992237384532
538.6966352999989,0.13734670000121696,20,160.10746931178656
538.8332998999977,0.13658500000019558,20,161.00034817504493
538.9698138999993,0.13643080000110785,20,161.1823177416055
539.1062863999978,0.1363920000003418,20,161.2281699473935
539.2439658000003,0.13760350000302424,20,159.8086716910304
539.3813711000003,0.13735630000155652,20,160.09627920430884
539.519058599999,0.13764789999913773,20,159.75712346979324
539.6564192999977,0.13731360000019777,20,160.14606386758726
539.7937380999974,0.1372676999999385,20,160.1996140062801
539.9309775000002,0.1371435000000929,20,160.34469410147113
540.0683271999987,0.1372637999993458,20,160.20416566949774
540.2064118999988,0.13797669999985374,20,159.3764204792788
540.3444692999983,0.13799120000112453,20,159.35967333671132
540.4822391999987,0.13768839999829652,20,159.71013212290987
540.6196466999972,0.13731099999858998,20,160.14909625409337
540.7570152999979,0.13726279999900726,20,160.20533280451107
540.8943142999997,0.1371803000001819,20,160.30168001885724
541.0320436000002,0.13761390000217943,20,159.79659434963864
541.170247099999,0.13809179999952903,20,159.24357967377497
541.308181299999,0.13786270000127843,20,159.50821038116968
541.4457774999973,0.13754949999929522,20,159.87141033324494
541.5822088999994,0.13638650000211783,20,161.2346717246834
541.7186942999979,0.13641289999941364,20,161.2034679683118
541.8552091999991,0.13642830000026152,20,161.1852713511628
541.9928483000003,0.13754510000217124,20,159.87652453757255
542.1309535999972,0.13799919999655685,20,159.35043504649784
542.2688925999973,0.13785529999950086,20,159.51677270006752
542.4063571999977,0.13738009999724454,20,160.0685438135586
542.5437420999988,0.1373213000006217,20,160.13708401697656
542.6810726000003,0.13724890000230516,20,160.22155773307227
542.8176752999971,0.13650859999688691,20,161.09045551724572
542.9554898999995,0.13772700000117766,20,159.66537102624736
543.0930870999982,0.13750570000047446,20,159.92233453190755
543.2311534,0.13797780000095372,20,159.37514988185058
543.3684670999974,0.13726429999951506,20,160.2035821083682
543.5056115999978,0.1371051999994961,20,160.3894859976195
543.6426347999986,0.13698609999846667,20,160.52893363462528
543.779889399997,0.13719729999866104,20,160.2818171766836
543.9179060999995,0.13793000000077882,20,159.43038175448294
544.0554692999976,0.1374781999984407,20,159.95432407297605
544.1936711999988,0.13811839999834774,20,159.21291121083837
544.3310839999976,0.137329299999692,20,160.12775537026198
544.4676261999994,0.1364648999988276,20,161.14204132864143
544.6041402999981,0.13643880000017816,20,161.1728669226883
544.7411914999975,0.13696820000041043,20,160.5499127202818
544.8792823999975,0.13800579999951879,20,159.34281425560866
545.0167757999989,0.13741529999970226,20,160.02754100575154
545.1547199999986,0.13786160000017844,20,159.50948310110675
545.2920842999993,0.13731530000222847,20,160.14408121427928
545.4292179999975,0.13710029999856488,20,160.39521836020918
545.5656739000005,0.13642020000042976,20,161.19484178626573
545.7024444999988,0.13672919999953592,20,160.83055086692994
545.8405491999983,0.13803980000011506,20,159.30356719947196
545.9787274999981,0.13812630000029458,20,159.2038051802814
546.1161543999988,0.13733649999994668,20,160.11936051616678
546.2535108999982,0.13726580000002286,20,160.20183145048756
546.3907736999972,0.13719789999959175,20,160.28111622397597
546.5273696999975,0.136520299998665,20,161.07664981497285
546.6650436999989,0.13759009999921545,20,159.8242355783257
546.8030435999972,0.1379356999968877,20,159.4237935213014
546.9412539000004,0.1381269000012253,20,159.20311362468084
547.0787464999994,0.13740250000046217,20,160.04244868503872
547.2153779999971,0.13653639999756706,20,161.05765609692247
547.3525071999975,0.13704109999889624,20,160.46450703983777
547.4896767999999,0.13707910000084667,20,160.42002431723128
547.6270503999986,0.13730070000019623,20,160.16111028923066
547.7652404999972,0.1381084999993618,20,159.2243240323486
547.9034169000006,0.13810150000063004,20,159.23239469100392
548.0407641999991,0.13724980000188225,20,160.22050709886952
548.1772203,0.13638270000228658,20,161.23916416929208
548.3136565999994,0.1363588999993226,20,161.2673067590692
548.4501082999996,0.13639210000110324,20,161.22805173717632
548.5873616999997,0.13716560000102618,20,160.31885950526578
548.7254216999972,0.1379765999990923,20,159.3765359899046
548.863555699998,0.1380736999999499,20,159.2644548203458
549.0010602999973,0.1374108999989403,20,160.03266520843388
549.1382446999996,0.13710340000034194,20,160.39159171446627
549.2754607999996,0.1371318000019528,20,160.35837460900282
549.4119436000001,0.13642970000000787,20,161.18361731733438
549.5491645999973,0.1371804999980668,20,160.30144631219375
549.6873505000003,0.1381418000019039,20,159.185941946731
549.8254659999984,0.13806399999884889,20,159.2756443077366
549.9622310999985,0.13668010000037611,20,160.88832650443985
550.0987929999974,0.13648130000001402,20,161.12267801902343
550.2352463999996,0.1363658000009309,20,161.25914676091722
550.3716768999984,0.13637179999932414,20,161.25205178511234
550.5090141000001,0.1372695999998541,20,160.19739662345756
550.6474608999997,0.13836129999981495,20,158.93340519024767
550.7864571999999,0.1389091000019107,20,158.30663761566035
550.9239262999981,0.1373803999995289,20,160.0681942663976
551.0611738999978,0.13715009999941685,20,160.33697792136863
551.1978909999998,0.13661700000011479,20,160.96263682778516
551.3343927999995,0.13641850000203704,20,161.19685053853865
551.4716573999976,0.1372202999991714,20,160.25495175023514
551.6096674,0.13796780000120634,20,159.38670150084096
551.7477115000002,0.13800000000264845,20,159.34951126882586
551.885132899999,0.13734979999935604,20,160.10385567087175
552.0222528999984,0.1370333999984723,20,160.4735236501842
552.1595027999974,0.13714669999899343,20,160.34095283139436
552.2961548999992,0.13657640000019455,20,161.0104861124519
552.433750199998,0.13753739999810932,20,159.8854751930914
552.5721051999972,0.13829659999828436,20,159.0077598132767
552.7098602999977,0.13767549999829498,20,159.7250967368365
552.8471094999986,0.1371895999982371,20,160.2908132672052
552.9844584999992,0.13726049999968382,20,160.2080172778815
553.1217474999976,0.13721699999950943,20,160.2588058010204
553.2591084999985,0.13726490000044578,20,160.20288183977542
553.3968817999994,0.13771950000227662,20,159.6740661646062
553.5349583999996,0.13801869999952032,20,159.32792118456723
553.6728312999985,0.13782929999797489,20,159.54686380793564
553.8100524999973,0.13717289999840432,20,160.31032773802846
553.9467731000004,0.13663090000045486,20,160.94626146389135
554.0833921999983,0.13653039999917382,20,161.06473397611862
554.2200183999994,0.13653469999917434,20,161.05966143151142
554.3573405999996,0.13725010000052862,20,160.22015689194617
554.4954808999973,0.13808369999969727,20,159.25292091367925
554.6327278999997,0.1371870000002673,20,160.29385113368727
554.7699487999998,0.13713339999958407,20,160.3565036350495
554.9071895999987,0.1371806999995897,20,160.30121260196057
555.0445679999975,0.13728939999782597,20,160.17429281407175
555.1821826999985,0.13751309999861405,20,159.9137286247029
555.3201111999988,0.13784170000144513,20,159.53251124506917
555.4581794999976,0.13801339999918127,20,159.33403970665495
555.5954934000001,0.13727450000078534,20,160.19167839179306
555.7319502999999,0.1364066999994975,20,161.2107950386675
555.8690876999972,0.1370567999983905,20,160.4461256630699
556.0064671999971,0.1372927999982494,20,160.17032616277325
556.1441511999983,0.13760309999997844,20,159.80913624419398
556.2822199999973,0.1379806999975699,20,159.37180022936025
556.4204322999976,0.13811720000012428,20,159.21429449409786
556.5577019999982,0.13719669999773032,20,160.28251813552214
556.6942424999979,0.13645189999806462,20,161.15739360046948
556.8313510999978,0.137037299999065,20,160.46895666851316
556.9687257999976,0.1372802000005322,20,160.18502708646076
557.1064544000001,0.13763660000040545,20,159.77023956894618
557.2445439999974,0.13799979999748757,20,159.34974221644057
557.3826886999996,0.13806970000223373,20,159.26906884830078
557.5199532999977,0.13721699999950943,20,160.2588058010204
557.6563628000004,0.13635620000059134,20,161.27050002438196
557.7928050999981,0.1363896000002569,20,161.23100702310572
557.929250899997,0.13639489999695797,20,161.22474195157187
558.0669796000002,0.1376464000022679,20,159.75886441750515
558.2050538999974,0.1379763999975694,20,159.37676701165842
558.3431879999989,0.1380672000013874,20,159.27195275415903
558.4805525999982,0.13730609999765875,20,160.15481144606804
558.6172236999992,0.13659259999985807,20,160.99139013052576
558.7537962999995,0.13648430000102962,20,161.119136452721
558.890349199999,0.13646019999941927,20,161.1475914267573
559.0281388999974,0.1376996999970288,20,159.6970258903577
559.1660821999976,0.13785009999992326,20,159.52279001271847
559.3042716999989,0.1381005000002915,20,159.2335477096287
559.4416829000002,0.1373356000003696,20,160.12040982426132
559.5788465000005,0.1371169000012742,20,160.37580017718932
559.715350399998,0.13646040000094217,20,161.147355242753
559.8517546999974,0.1363649999984773,20,161.26009280801932
559.9897168999996,0.1378803000006883,20,159.48784964501982
560.1279689000003,0.1381851000005554,20,159.1360613802184
560.2660354999971,0.13798249999672407,20,159.36972120408083
560.4024677999987,0.13637240000025486,20,161.2513423205788
560.5394975999989,0.1369607000015094,20,160.5587044698052
560.6761509999997,0.13657450000027893,20,161.01272606141768
560.8127096999997,0.13648040000043693,20,161.12374051841584
560.9506862999988,0.1379014999984065,20,159.4633311151373
561.088923299998,0.13814469999852008,20,159.18260024275688
561.227143199998,0.13812809999944875,20,159.20173053569667
561.3645385999989,0.13732119999986026,20,160.1372006328402
561.5010470999987,0.13645349999933387,20,161.15550393084348
561.6379445999992,0.13685790000090492,20,160.67930718924225
561.7747331999999,0.13674320000063744,20,160.8140847619296
561.9126737000006,0.13789790000009816,20,159.46749410617815
562.0508792,0.13811710000300081,20,159.21440976564253
562.1892107999993,0.13823210000191466,20,159.0819538675562
562.3263665999984,0.1370811999986472,20,160.41756678331538
562.4628626999984,0.1364438999989943,20,161.16684260477808
562.5992057000003,0.13630230000126176,20,161.334273561902
562.7364067999988,0.13716170000043348,20,160.32341794721486
562.8744205000003,0.1379735000009532,20,159.3801168729363
563.0123539999986,0.1378746999980649,20,159.494327500467
563.1503833999996,0.13798170000154641,20,159.37064520348383
563.287744899997,0.13729099999909522,20,160.17242612891536
563.4242238999977,0.13642979999713134,20,161.18349917673692
563.5607323000004,0.13641140000254381,20,161.20524058187164
563.6980000999974,0.1372144999986631,20,160.26172566116742
563.8361318999996,0.1380862000005436,20,159.25003769698515
563.9741254999972,0.13792829999874812,20,159.43234677524185
564.1123102999991,0.13809780000156024,20,159.2366609408083
564.2489032999983,0.13650409999900148,20,161.09576602959805
564.3853982999972,0.13641769999958342,20,161.19779585484252
564.5218330999996,0.136376400001609,20,161.24661272229326
564.6593509999984,0.13745339999877615,20,159.98318379695078
564.7975640999975,0.13812529999995604,20,159.20495778490252
564.9356188999991,0.13797369999883813,20,159.37988584567336
565.0737603999987,0.1380484000001161,20,159.29364306650066
565.2108259999986,0.1369760999987193,20,160.54065311923472
565.3473668999977,0.1364568999997573,20,161.1514885327097
565.4838447999973,0.1364088999980595,20,161.2081950359018
565.6211578999973,0.13726799999858486,20,160.19926389068613
565.7591816999993,0.13798030000180006,20,159.3722622376754
565.8971256000004,0.13790530000187573,20,159.45893707653656
566.0350459999972,0.13783340000009048,20,159.54211791558188
566.1723839000006,0.1372527000021364,20,160.21712181383472
566.308892099998,0.1364264000003459,20,161.1875161659638
566.4453695999982,0.1364069000010204,20,161.21055866935984
566.5831069999986,0.13764869999795337,20,159.75619497929847
566.7211596999987,0.13796490000095218,20,159.3900517839554
566.8594459999986,0.13821370000005118,20,159.10313200147206
566.9973645999999,0.13783049999983632,20,159.54547473560726
567.1340598999996,0.1366063999994367,20,160.9751267554864
567.2706039999975,0.13645360000009532,20,161.15538582715766
567.4071000999975,0.13641869999992196,20,161.19661421441916
567.5447203000003,0.1375731000007363,20,159.84398516426762
567.6827169999997,0.13795050000044284,20,159.40668975791613
567.8207234999973,0.13796849999926053,20,159.38589283523314
567.9587068000001,0.13793250000162516,20,159.4274921085379
568.0959519999997,0.13715510000110953,20,160.33113282219986
568.232691899997,0.13665389999732724,20,160.91917285895315
568.3690368999996,0.13625479999973322,20,161.39051655841158
568.5068457999987,0.13772009999956936,20,159.67337052172311
568.6449189999985,0.13799010000002454,20,159.36094368738114
568.7831120999981,0.13811189999978524,20,159.22040429212976
568.9209525000006,0.13775410000016564,20,159.63396048098429
569.0577116999993,0.1366663000007975,20,160.9045723444015
569.194302099997,0.13650719999714056,20,161.09210763960166
569.3307209999984,0.1363363999989815,20,161.29392118087523
569.4674500999972,0.1366411999988486,20,160.93412935267912
569.6054057999972,0.137897199998406,20,159.46830360423704
569.7434142999991,0.137967499998922,20,159.3870480779301
569.8810827999987,0.13762040000074194,20,159.78904693927242
570.0186637999977,0.13750019999861252,20,159.92873141814994
570.155938099997,0.13716789999671164,20,160.3161713203102
570.2933148999982,0.13727669999934733,20,160.18911115742546
570.4305163999998,0.13710220000211848,20,160.39299555499628
570.5686212,0.13800190000256407,20,159.34731735658295
570.7096421999995,0.140119899999263,20,156.93868291110445
570.8471616999996,0.13742959999945015,20,160.01088961626886
570.9847367999973,0.13746979999996256,20,159.96409797298017
571.1221191000004,0.1372642000023916,20,160.20369881685724
571.2594991999977,0.1372745999979088,20,160.19156170081712
571.3973392999978,0.13773159999982454,20,159.6600384773575
571.5355844000005,0.1381360000013956,20,159.1926257839943
571.6740172999998,0.1383380000006582,20,158.96017403327625
571.8110439999982,0.13693380000040634,20,160.5902454722994
571.9476011999977,0.13645209999958752,20,161.15715738773147
572.0852097999996,0.13751310000225203,20,159.9137286204723
572.2224920999979,0.13720760000069276,20,160.26978502217784
572.3603870999978,0.1378043999975489,20,159.57569247361576
572.4983687999993,0.1378973999999289,20,159.46807231703673
572.6364179999982,0.13796309999816003,20,159.39213134391207
572.7740749000004,0.1375443000033556,20,159.8774544272901
572.9105065999975,0.13634579999779817,20,161.28280120014784
573.0470686999979,0.13645769999857293,20,161.1505437637449
573.1842954999993,0.1370944000009331,20,160.40212113237544
573.3224673999975,0.13808090000020457,20,159.25615023864574
573.4603787999986,0.1378112999991572,20,159.56770276207018
573.5984336000001,0.13796320000255946,20,159.39201580647625
573.7362522999974,0.13773989999754122,20,159.65041760530207
573.8735959999976,0.13725939999858383,20,160.209301189914
574.0103568999984,0.1366530999985116,20,160.92011491696502
574.1471038999989,0.13666229999944335,20,160.90928189858923
574.2854673999973,0.1382668999976886,20,159.04191499113386
574.4227425999998,0.13717019999967306,20,160.31348321699912
574.5607261000005,0.13788670000212733,20,159.4804470277462
574.698086299999,0.13724899999942863,20,160.22144099856135
574.8353384999973,0.1371406999969622,20,160.34796786079627
574.972665199999,0.13724659999934374,20,160.22424275446642
575.1095875999999,0.1368376000027638,20,160.70314412906868
575.247677299998,0.13799250000010943,20,159.35817204197738
575.3858218999994,0.13805910000155563,20,159.2812973231914
575.5234479999999,0.13752740000199992,20,159.89710090643914
575.6607874999972,0.13725569999951404,20,160.21361994873698
575.7981202999981,0.13724309999815887,20,160.22832882538358
575.9354518999971,0.13725119999799062,20,160.21887281016078
576.0727802999972,0.13722479999705683,20,160.24969652709743
576.2108389999994,0.137978300001123,20,159.3745723446442
576.3490681000003,0.13812440000037896,20,159.20599514249236
576.4864648999974,0.13729009999951813,20,160.1734761326358
576.6230680999979,0.13652100000035716,20,161.0758239059373
576.7604199999987,0.13726540000061505,20,160.2022982879988
576.8977874999982,0.13727169999765465,20,160.19494590578913
577.0351654999977,0.1372795999996015,20,160.18572719897085
577.173273999997,0.1380193999975745,20,159.3271131153044
577.3115555999975,0.1381956999975955,20,159.123855198842
577.4483602,0.13672260000021197,20,160.8383146274713
577.5849646999995,0.1365235000012035,20,161.07287430608025
577.7215407999975,0.13643409999713185,20,161.17841914874862
577.8586576999987,0.13703410000016447,20,160.47270391452645
577.9964975000003,0.1377243000024464,20,159.66850116594813
578.1349047000003,0.1383209000014176,20,158.97982557440437
578.2739731000001,0.13894799999980023,20,158.26231795744894
578.4118133999982,0.1377451000007568,20,159.64439065635864
578.5485845000003,0.13667760000316775,20,160.8912693448695
578.6850807999981,0.1363889999993262,20,161.23171630870993
578.8216332999982,0.13646139999764273,20,161.14617434600456
578.9593686999979,0.137649500000407,20,159.755266495374
579.0974442999977,0.13799069999731728,20,159.3602507701426
579.2356450999978,0.13811580000037793,20,159.21590835704407
579.3737736000003,0.13803069999994477,20,159.31406966369653
579.5109420999979,0.13708309999856283,20,160.41534336289843
579.6474076999984,0.1363725000010163,20,161.2512240763799
579.7839698999996,0.13645000000178698,20,161.15963763453288
579.9214805999982,0.1374297000002116,20,160.01077318429816
580.0595517000002,0.1379923000022245,20,159.3584030062946
580.1977608999987,0.13811789999817847,20,159.21348757699047
580.3359783999986,0.13812260000122478,20,159.20806989822813
580.4727956999996,0.13672020000012708,20,160.84113799935605
580.6092508000002,0.1363593000023684,20,161.26683368965706
580.7454719999987,0.13612500000090222,20,161.54440812028835
580.8826650999981,0.13710699999865028,20,160.3873803360622
581.0207288999991,0.13797619999968447,20,159.37699802987973
581.1589451999971,0.13812179999877117,20,159.20899203250784
581.2971861999977,0.13814309999725083,20,159.18444392776493
581.4346413999992,0.13736900000003516,20,160.08147803008228
581.5713438999992,0.13661109999884502,20,160.9695885305507
581.7077890999972,0.13635169999906793,20,161.27582241857138
581.8445266999988,0.13664710000011837,20,160.92718071222112
581.9827439999972,0.13812529999995604,20,159.20495778490252
582.1205831999978,0.1377451000007568,20,159.64439065635864
582.2587122999976,0.1380301999997755,20,159.31464676248942
582.3960957999989,0.13728869999977178,20,160.1751094995914
582.5326630999989,0.13647620000119787,20,161.12869903563396
582.669167,0.1363952000028803,20,161.2243873322201
582.8059384999979,0.1366712999988522,20,160.89868579361342
582.9440324999996,0.1379689999994298,20,159.38531522016453
583.0822931000002,0.13815969999996014,20,159.16531778460973
583.2204659999989,0.13807100000121864,20,159.26756926020607
583.3573374999978,0.13678199999776552,20,160.76846775072184
583.4938903000002,0.13646739999967394,20,161.1390893031782
583.6304392999991,0.13645750000068801,20,161.1507799527994
583.7670476999992,0.1365235000012035,20,161.07287430608025
583.9050634999985,0.1379305000009481,20,159.42980381691393
584.0432693999974,0.13811409999834723,20,159.21786809444617
584.1815145999972,0.13815769999928307,20,159.16762189609491
584.3184058999977,0.136790699998528,20,160.75824274425554
584.4549917000004,0.1364718000004359,20,161.13389400190925
584.5914902000004,0.13639450000118813,20,161.22521476546666
584.7279423,0.13636419999966165,20,161.2610388619195
584.8657768999983,0.13775370000075782,20,159.6344240147381
585.0040105999979,0.13811859999987064,20,159.21268066386855
585.1423937,0.13826289999997243,20,159.0465161335715
585.2791546999979,0.13665899999978137,20,160.91316748662862
585.4157382999983,0.13647109999874374,20,161.13472050655727
585.552283099998,0.1364594999977271,20,161.1484180719281
585.6889048999983,0.13653689999773633,20,161.05706630137772
585.8269836,0.13798470000256202,20,159.36718023890833
585.9651279999998,0.13804060000256868,20,159.30264396931628
586.1041611999972,0.1389415999983612,20,158.2696079200137
586.2412540000005,0.13699690000066767,20,160.51627851004534
586.3777580999995,0.1364493000000948,20,161.16046440329646
586.5142906999972,0.13644819999899482,20,161.16176362665098
586.6509183999988,0.13653899999917485,20,161.05458920640177
586.7888561999971,0.13782999999966705,20,159.54605351210276
586.927045299999,0.13809760000003735,20,159.23689155723238
587.0659723999997,0.13881390000096872,20,158.4152059366284
587.2035722,0.13749170000301092,20,159.9386185132516
587.3402179999975,0.13653580000027432,20,161.05836385384507
587.4767592999997,0.13645790000009583,20,161.15030757108644
587.6133494999995,0.13647499999933643,20,161.13011581334985
587.7514243000005,0.1379802000010386,20,159.37237774227373
587.8895183999994,0.13798229999883915,20,159.36995220187666
588.0276230999989,0.13799379999909434,20,159.35667077552995
588.1650453999973,0.13733529999808525,20,160.12075959951002
588.3017112999987,0.13654200000019046,20,161.05105063269414
588.4382879000004,0.13647510000009788,20,161.12999774687273
588.5749541000005,0.13658070000019507,20,161.00541698416097
588.7130622000004,0.1380163000030734,20,159.33069177358263
588.8510358999993,0.13789019999967422,20,159.4763990158253
588.9891499999976,0.13801459999740473,20,159.33265434188493
589.1266676999985,0.1374285999991116,20,160.0120539368236
589.2633093000004,0.13652510000247275,20,161.07098661800438
589.3998081999998,0.1363721000016085,20,161.25169704991438
589.5362787999984,0.13637509999898612,20,161.24814981388457
589.6743201999998,0.1379140000026382,20,159.44887796089841
589.8124280999982,0.13799319999816362,20,159.35736366583748
589.9507113999971,0.13818869999886374,20,159.13191567545547
590.0882227000002,0.13740300000063144,20,160.04186630145588
590.2249706000002,0.13665420000324957,20,160.91881958254547
590.3615468999997,0.1364861000001838,20,161.1170115893881
590.4981579999985,0.1365096999979869,20,161.08915744334863
590.6361765000001,0.13792060000196216,20,159.44124775564455
590.7741367999988,0.1378748999995878,20,159.49409613777232
590.9123641000006,0.13814120000097319,20,159.18663335315662
591.0499165999972,0.13743069999691215,20,160.00960888661766
591.1866243999975,0.1366210999985924,20,160.95780633991794
591.3231685999999,0.13645879999967292,20,161.1492447212837
591.4602483999988,0.13702189999821712,20,160.48699190279896
591.5983997000003,0.13801930000045104,20,159.32722855026896
591.7363923999983,0.13790510000035283,20,159.4591683372387
591.8745829999971,0.1380907999991905,20,159.24473285438935
592.0117756999971,0.13710839999839664,20,160.385742637046
592.1483507999983,0.13647760000094422,20,161.1270461626513
592.2848831999981,0.1364493000000948,20,161.16046440329646
592.4217860999997,0.136812299999292,20,160.73286214495187
592.5599246999991,0.13801800000146613,20,159.3287292620267
592.6978440999992,0.1378389999990759,20,159.5356361818312
592.8359156999977,0.13798709999900893,20,159.3644083807685
592.9738409999991,0.13783419999890612,20,159.5411919225745
593.1110607999981,0.13713500000085332,20,160.35463270050073
593.2477346999985,0.1365899000011268,20,160.99457247818904
593.3849055999999,0.13708279999991646,20,160.41569442361407
593.5230188999994,0.13802059999943594,20,159.32572786678125
593.6610063999979,0.1378934999993362,20,159.4725825048016
593.7990737999971,0.13798649999807822,20,159.36510133836472
593.9365020999976,0.13734610000028624,20,160.10816874650368
594.0738521999992,0.13726759999917704,20,160.1997307132334
594.2110915999983,0.13713490000009187,20,160.35474963342858
594.3485433999995,0.13724410000213538,20,160.22716135103695
594.4866564999975,0.13799509999807924,20,159.35516953736823
594.6247263999976,0.13797889999841573,20,159.3738793088834
594.7629186999984,0.13809949999995297,20,159.23470074495194
594.8995316,0.13652400000137277,20,161.07228439907183
595.036679599998,0.13706140000067535,20,160.44074083156633
595.1740988999991,0.13733309999952326,20,160.12332464348606
595.3115015999974,0.137202799996885,20,160.27539201837905
595.4495793999995,0.137989099999686,20,159.36209856843794
595.5874322999989,0.13776270000016666,20,159.62399514159782
595.7254705999985,0.13793209999857936,20,159.42795444821394
595.8626887999999,0.13713909999933094,20,160.3498386355699
595.9999236000003,0.13715010000305483,20,160.33697791711563
596.1372947999989,0.1372665999988385,20,160.20089778362743
596.2746652999995,0.13727700000163168,20,160.1887610834927
596.4129945999994,0.1382445999988704,20,159.06756976908815
596.5506771999972,0.13757409999743686,20,159.84282329253617
596.6881743999984,0.13740139999936218,20,160.04372994468818
596.8253914999987,0.13713709999865387,20,160.35217716967807
596.963009799998,0.13752219999878434,20,159.90314695165134
597.1005403999989,0.1374346999982663,20,160.00495184838618
597.238422399998,0.137791199998901,20,159.59097936367047
597.3766593,0.13813590000063414,20,159.19274102835723
597.5145935,0.13781089999974938,20,159.56816591111436
597.6513379999997,0.13664870000138762,20,160.9252964374831
597.7885877999979,0.13713029999780701,20,160.36012869418113
597.925966499999,0.1372862999996869,20,160.1779096353398
598.0633707999987,0.13732040000104462,20,160.13813355737906
598.2013224000002,0.13786950000212528,20,159.50034311563485
598.3395201999992,0.13811060000080033,20,159.22190299218576
598.477577499998,0.1379629000002751,20,159.39236240667708
598.6148241999981,0.1371642999984033,20,160.3203789599479
598.7515593999997,0.13664350000181003,20,160.93142048636568
598.8880815999983,0.1364422000006016,20,161.16885065927582
599.025538599999,0.1373490000005404,20,160.1047882069289
599.1638013999982,0.1381799000009778,20,159.14205000412065
599.3017456999987,0.13782910000008997,20,159.54709531953446
599.4392321999985,0.13740250000046217,20,160.04244868503872
599.5768557999982,0.13750319999962812,20,159.92524214403352
599.7140316000005,0.13708000000042375,20,160.418971078582
599.851265199999,0.13714460000119288,20,160.34340801846176
599.9885939999986,0.1372521000012057,20,160.21782220692307
600.1268428000003,0.13816370000131428,20,159.16070976175956
600.2650665000001,0.13812500000130967,20,159.205303567866
600.4021768999992,0.13701690000016242,20,160.49284836756584
600.5396416000003,0.1373321000028227,20,160.12449059664868
600.6771466999999,0.1373955000017304,20,160.05060249602826
600.8143945999982,0.13713219999772264,20,160.35790686567557
600.9522698000001,0.13776599999982864,20,159.62017156299345
601.0904133000004,0.13799870000002556,20,159.3510124045801
601.2286437999974,0.1381249999976717,20,159.20530357205922
601.3659494999993,0.13720739999916987,20,160.27001864078062
601.5027649999975,0.1367035000002943,20,160.86078670606574
601.6393199999984,0.13643859999865526,20,161.17310318148043
601.7762752999988,0.13684750000174972,20,160.69151833419562
601.9140511999976,0.1376511999987997,20,159.75329351078489
602.0522877000003,0.13814710000224295,20,159.17983479322382
602.1903280000006,0.13795350000145845,20,159.4032232258516
602.3279202999984,0.13748109999869484,20,159.95095002679466
602.4653651999979,0.13736359999893466,20,160.08777111032725
602.6027246999984,0.13727229999858537,20,160.19424571269377
602.7393430999982,0.1365373999979056,20,161.05647651015266
602.876903999997,0.13745789999666158,20,159.97794638252202
603.0151712999977,0.13816819999919971,20,159.155526059161
603.1534447999984,0.1381928999981028,20,159.12707929149684
603.2909469999977,0.13740739999775542,20,160.03674151377012
603.4277322999988,0.13669250000020838,20,160.87373159088082
603.5644393999974,0.13659819999884348,20,160.9847901048929
603.7015269999974,0.13700189999872237,20,160.51042033522947
603.8395739999978,0.1379371999973955,20,159.42205986445435
603.9778538999999,0.13819689999945695,20,159.12247348244722
604.1156873,0.1377505000018573,20,159.638132385897
604.2529071999998,0.13713819999975385,20,160.35089096662688
604.3896086999994,0.13659810000172,20,160.98490795437934
604.5267587999988,0.13704800000050454,20,160.456428079498
604.663998699998,0.1371526000002632,20,160.33405531851238
604.8019095999989,0.1378279000018665,20,159.5484844158708
604.9401837999976,0.13817229999767733,20,159.1508034236215
605.0782268999974,0.13795889999892097,20,159.39698385310402
605.2148573999984,0.13652319999891915,20,161.07322825493466
605.3513899999998,0.13645090000136406,20,161.1585746616561
605.4885551999978,0.1370686999980535,20,160.43219608730718
605.6258832999993,0.13723820000086562,20,160.23404966970784
605.7639539999982,0.13797989999875426,20,159.37272425707323
605.9021811999992,0.13813990000198828,20,159.18813141752304
606.0403401999974,0.1380645999997796,20,159.27495212788148
606.1769753999979,0.13654110000061337,20,161.05211218762128
606.3135559999973,0.13648990000001504,20,161.11252594893526
606.450677599998,0.13703610000084154,20,160.4703618636619
606.5880728999982,0.13728619999892544,20,160.17802631067158
606.7261651999979,0.13800239999909536,20,159.34674002527603
606.8644034999998,0.13814860000275075,20,159.17810643815528
607.0025053999998,0.13801790000070469,20,159.3288447035328
607.1392161000003,0.13662740000290796,20,160.95038444010473
607.2758023999995,0.13649340000119992,20,161.10839465737305
607.4128882999976,0.13698350000049686,20,160.53198053371565
607.5505556999997,0.13754460000200197,20,159.87710571843556
607.6886981999996,0.13804349999918486,20,159.29929736387334
607.8269467999999,0.13814860000275075,20,159.17810643815528
607.9651281000006,0.13808110000172746,20,159.25591956643515
608.1023382999992,0.13708459999907063,20,160.41358807385427
608.2389217999989,0.13646929999958957,20,161.13684583702076
608.3754149999986,0.13639269999839598,20,161.22734248811418
608.5132183999995,0.13771080000151414,20,159.6841537140022
608.6514611999992,0.13815880000038305,20,159.1663546256846
608.789426899999,0.13784669999949983,20,159.5267246557211
608.9274038000003,0.13788670000212733,20,159.4804470277462
609.0648737999982,0.13734459999977844,20,160.10991735791197
609.2014395999977,0.13647479999781353,20,161.1303519468232
609.3380305999999,0.1364729000015359,20,161.13259522786223
609.4758662999993,0.13774209999974119,20,159.64786768577883
609.6141274999973,0.1381651999981841,20,159.15898182616905
609.7524188999996,0.1382006999992882,20,159.11809821247837
609.8905650999986,0.1380271999987599,20,159.31810944304868
610.0280463999989,0.1373864000015601,20,160.06120369461814
610.1646860999972,0.1365587999971467,20,161.03123750340126
610.301265799997,0.13646459999654326,20,161.14239558154296
610.4385444999971,0.13718799999696785,20,160.29268271281768
610.5766584999983,0.13799329999892507,20,159.3572481830009
610.7147731000005,0.13798870000027819,20,159.36256052470722
610.8530385999984,0.13817679999920074,20,159.14562036208102
610.9904719000006,0.1373224000017217,20,160.1358012621706
611.1270210999974,0.13646030000018072,20,161.1474733346686
611.263560899999,0.1364543000017875,20,161.1545591105003
611.4007916999981,0.13710490000084974,20,160.38983694516907
611.5388827999996,0.1379917000012938,20,159.35909591166586
611.6767980999975,0.1378069999991567,20,159.57268176257062
611.8148387999972,0.13794549999875017,20,159.41246764642005
611.9523393999989,0.13737290000062785,20,160.07693333561056
612.0889707999995,0.13655020000078366,20,161.0413793271178
612.2254197999973,0.13635509999949136,20,161.2718010224922
612.3625877999984,0.13708910000059404,20,160.40832243719385
612.5006424999992,0.1379713999995147,20,159.38254272695175
612.6388614999996,0.1381160999990243,20,159.21556252801338
612.7768520999998,0.13790309999967576,20,159.46148096432717
612.9139179999984,0.13695559999905527,20,160.5646834132499
613.0504768999999,0.13646449999941979,20,161.14251366189373
613.1869513999991,0.13637440000093193,20,161.24897748675505
613.3239792999993,0.13693119999879855,20,160.59329470356607
613.462288499999,0.13822290000098292,20,159.09254222971467
613.6002737999988,0.1378772999996727,20,159.49131985883247
613.738521299998,0.13815469999826746,20,159.17107818840597
613.8759265999979,0.13732139999774517,20,160.13696740552516
614.0125764000004,0.13655130000188365,20,161.0400820440132
614.1491128999987,0.13645589999941876,20,161.152669511642
614.285979799999,0.1367857000004733,20,160.76411902299662
614.4244018999998,0.13833879999947385,20,158.95925478321075
614.5633820000003,0.1388982999997097,20,158.31894670824596
614.7016952999984,0.13822829999844544,20,159.08632715418847
614.8392082999999,0.1374052000028314,20,160.0393038623492
614.9764164999979,0.13712329999907524,20,160.36831490832193
615.1131289000004,0.13657630000307108,20,161.01060399956307
615.2499500999984,0.13673759999801405,20,160.82067080188173
615.3880719999979,0.13802079999732086,20,159.32549699716893
615.5263048999986,0.13814690000072005,20,159.18006524507885
615.6643191999974,0.1378934999993362,20,159.4725825048016
615.8015792000006,0.13716570000178763,20,160.3187426246752
615.9389526999985,0.13726630000019213,20,160.2012479063632
616.0761935999981,0.13713089999873773,20,160.35942705635574
616.2133465999977,0.13707179999983055,20,160.42856776920698
616.3514240000004,0.1379945000007865,20,159.35586241041975
616.4897197999999,0.1382143000009819,20,159.10244132020912
616.6279022999988,0.1380834000010509,20,159.25326690502
616.7652240999996,0.13721369999984745,20,160.26266003718615
616.9024303999977,0.13711639999746694,20,160.37638499790137
617.0390442999997,0.13651820000086445,20,161.07912758431297
617.175726999998,0.1365918999981659,20,160.99221517392522
617.3138134000001,0.13797420000264538,20,159.3793082699402
617.4521234999993,0.13821649999954388,20,159.09990887913216
617.5897793000004,0.137567300000228,20,159.85072437624024
617.7265659999975,0.1367011000002094,20,160.86361086696678
617.8639162999971,0.13726599999790778,20,160.2015980348752
618.0012595999979,0.13725849999900674,20,160.21035167715758
618.1386277999991,0.1372689999989234,20,160.19809684409788
618.2765799999979,0.1378697000000102,20,159.50011173969605
618.4150076999977,0.13832669999828795,20,158.97315959819883
618.5525581999973,0.13746179999725427,20,159.9734075645688
618.6900892999984,0.13740759999927832,20,160.03650857474764
618.8276985999983,0.1375079999997979,20,159.91965962382056
618.9650844999996,0.13727570000264677,20,160.19027806884986
619.1024975999972,0.1373039999998582,20,160.15726093589925
619.2406129999981,0.13801690000036615,20,159.32999911939524
619.3789311,0.1381933000011486,20,159.12661869524229
619.5157206000003,0.13669470000240835,20,160.87114244467827
619.6522339000003,0.13639320000220323,20,161.22675144482847
619.7893893,0.13706850000016857,20,160.43243017537185
619.9267371999995,0.13726150000002235,20,160.20685010375394
620.0641121999979,0.1372845999976562,20,160.17989312636257
620.2024433000006,0.1382344000012381,20,159.07930699828006
620.3414771999996,0.13895250000132364,20,158.25719260402312
620.479245399998,0.13758099999904516,20,159.83480680960756
620.615933699999,0.13659819999884348,20,160.9847901048929
620.7525198000003,0.13648990000001504,20,161.11252594893526
620.8896843999973,0.1370528999977978,20,160.4506913452641
621.027384099998,0.13761329999761074,20,159.79729107507632
621.1656333999999,0.13812680000046385,20,159.20322888422922
621.3046964999994,0.13893739999912214,20,158.27439232099454
621.4424343999999,0.1376455999998143,20,159.75979294325188
621.579178699998,0.13661929999943823,20,160.95992700599712
621.715690099998,0.13643039999806206,20,161.18279031529897
621.8528041999998,0.13706250000177533,20,160.43945320737012
621.9905241999986,0.13763119999930495,20,159.7765082018543
622.1285906999983,0.13798569999926258,20,159.36602528839958
622.2673007999983,0.13861650000035297,20,158.6408007377477
622.4053064999971,0.13791089999722317,20,159.45246210388572
622.5411695999974,0.13577019999866025,20,161.96656229229237
622.6776967000005,0.1364413000010245,20,161.16991376771463
622.8142635000004,0.13646320000043488,20,161.14404876516105
622.9521289999975,0.13774329999796464,20,159.64647685836582
623.0902322999973,0.1379966999993485,20,159.3533218955513
623.2284203999989,0.13810649999868474,20,159.22662985253714
623.3666100999981,0.13808009999775095,20,159.25707292997453
623.5032446000005,0.13655160000053002,20,161.03972824510768
623.6398143999977,0.13647999999739113,20,161.12421274868368
623.7762889999976,0.13636639999822364,20,161.2584372382526
623.9138678999989,0.13749989999996615,20,159.9290803522433
624.0520431999976,0.13808090000020457,20,159.25615023864574
624.1903773999984,0.13824259999819333,20,159.06987105137915
624.3279934999991,0.1375320000006468,20,159.89175286781682
624.4644900999992,0.1363840000012715,20,161.23762725330675
624.6010384999972,0.13646699999662815,20,161.1395616234206
624.7376246999993,0.13646410000001197,20,161.142985997915
624.8749037999987,0.13719180000043707,20,160.28824285015534
625.0130116,0.13801520000197343,20,159.3319616622341
625.1517438999981,0.13864230000035604,20,158.61127920889604
625.2900919999993,0.13823359999878448,20,159.08022764156735
625.4266424999987,0.1364623000008578,20,161.14511154642543
625.5632121999988,0.13648109999849112,20,161.12291413069735
625.6997704999994,0.13646969999899738,20,161.13637353699434
625.8374234999974,0.1375722999982827,20,159.84491467973206
625.9758927000003,0.13832580000234884,20,158.9741939330667
626.1141785999971,0.13818539999920176,20,159.1357158979677
626.2516214999996,0.1373483000024862,20,160.10560418383002
626.3883351000004,0.13661710000087623,20,160.96251900661747
626.5254384,0.13683640000090236,20,160.70455343296803
626.6619796999985,0.1364605999988271,20,161.14711906373716
626.7997273999972,0.1376271999979508,20,159.78115195141237
626.9379531999984,0.13813110000046436,20,159.1982729120819
627.0761802999987,0.13810839999860036,20,159.22443932261075
627.2141143999979,0.13782879999780562,20,159.54744259450933
627.3506414999974,0.13644409999687923,20,161.16660636863716
627.4871453999986,0.13641199999983655,20,161.20453153348933
627.6235271000005,0.13628630000312114,20,161.35321418966097
627.7613120999995,0.13768100000015693,20,159.71871613000295
627.8993964000001,0.13799640000070212,20,159.3536683232904
628.0377248999976,0.13820679999844288,20,159.1110752565558
628.1749138999985,0.13708929999847896,20,160.40808841947538
628.311825599998,0.13683020000098622,20,160.71183521884424
628.4484540999983,0.1365363000004436,20,161.05777405311667
628.584879099999,0.13634470000033616,20,161.28410239243462
628.7226410000003,0.1376754000011715,20,159.72521274921212
628.860760399999,0.1380048999999417,20,159.3438534104897
628.9989781999975,0.13813459999801125,20,159.19423921187447
629.1364813,0.13739370000257622,20,160.0526993239695
629.2737129999987,0.13713410000127624,20,160.35568509448305
629.4109207000001,0.13712630000009085,20,160.36480642666965
629.5476342999973,0.13659529999858933,20,160.98820790866964
629.6856721000004,0.13793540000187932,20,159.42414025130887
629.8237386999972,0.13796889999866835,20,159.38543074368388
629.9621514999999,0.13831779999964056,20,158.98338865697073
630.0996357000004,0.13739380000333767,20,160.0525828311452
630.2363174999991,0.1365814999990107,20,161.00447392713713
630.3734540000005,0.13702069999999367,20,160.48839741382884
630.5102576999998,0.13667830000122194,20,160.8904453400679
630.6484459999992,0.1380914000001212,20,159.24404094317748
630.7863474999976,0.137813899997127,20,159.56469235671022
630.9244698999973,0.13801409999723546,20,159.33323157532806
631.0619923999984,0.13738649999868358,20,160.06108719365227
631.1986652999985,0.13657579999926384,20,161.01119345915257
631.3352549999981,0.13647729999865987,20,161.12740034962542
631.4720670999995,0.13670289999936358,20,160.8614927380646
631.6101452999974,0.13798559999850113,20,159.36614078395766
631.7483656999975,0.13812789999792585,20,159.201961050955
631.8863538000005,0.13784640000085346,20,159.5270718378126
632.0243114999976,0.1378764000000956,20,159.49236095158238
632.1609433999984,0.1365470999990066,20,161.04503541766894
632.2974035999978,0.13636570000016945,20,161.2592650167357
632.4342228999994,0.13671520000207238,20,160.8470203399963
632.5723861000006,0.1380793000025733,20,159.25799562360314
632.7106453999986,0.13817769999877783,20,159.14458379112187
632.8474803999998,0.13674920000266866,20,160.80702889004735
632.9850160999995,0.13743620000241208,20,160.00320552470205
633.1222696999976,0.13715039999806322,20,160.33662720510137
633.258916499999,0.13655569999900763,20,161.0348931291759
633.3960324,0.1370247000013478,20,160.48371246427612
633.5340947999975,0.13795699999900535,20,159.39917913319763
633.6731123999998,0.13889740000013262,20,158.31997255167485
633.8107085999982,0.13750549999895156,20,159.9225671386793
633.947389099998,0.1365745999974024,20,161.0126081711991
634.0840215999997,0.13653619999968214,20,161.05789201377507
634.2204299999976,0.1363189000003331,20,161.31462735883483
634.3569089999983,0.13639189999958035,20,161.228288157784
634.4945833999991,0.1375850000003993,20,159.8301599408088
634.6328400999992,0.13814800000182004,20,159.17879777651711
634.7710152,0.13808540000172798,20,159.2509603132903
634.9085812999983,0.13747270000021672,20,159.96072351445295
635.045915499999,0.13725070000145934,20,160.21945647844552
635.1830104000001,0.13701690000016242,20,160.49284836756584
635.320253599999,0.13713120000102208,20,160.35907623761844
635.4582117999998,0.1378645000004326,20,159.50612779541507
635.5964201999996,0.13812420000249404,20,159.20622566590743
635.7339240999972,0.13741689999733353,20,160.02567774376152
635.871340499998,0.1373165999975754,20,160.14256510799336
636.0085782999995,0.13714880000043195,20,160.33849771526064
636.1458573999989,0.1371803000001819,20,160.30168001885724
636.2831312999988,0.13717620000170427,20,160.3064712045296
636.4212367999971,0.13802319999740575,20,159.32272658461275
636.5596798999977,0.1382300999975996,20,159.0842555702547
636.6971750999983,0.13740529999995488,20,160.03918739326082
636.8339046999972,0.13664779999817256,20,160.92635633953918
636.970509499999,0.13651739999841084,20,161.0800715203775
637.1071176000005,0.1365021000019624,20,161.09812636731496
637.2444350000005,0.1372380000029807,20,160.23428317989473
637.382542899999,0.1380113999985042,20,159.33634870567457
637.5207964999972,0.13813870000012685,20,159.1895142744199
637.6583786999981,0.13749779999852763,20,159.93152294622516
637.7958749999998,0.13738890000240644,20,160.05829113658257
637.9332245999976,0.13726459999816143,20,160.20323197542953
638.0704837999983,0.13716560000102618,20,160.31885950526578
638.2079376000002,0.13731750000079046,20,160.1415155052591
638.3460645999985,0.1380089999984193,20,159.33911959199665
638.4843189999992,0.13815009999962058,20,159.17637812481058
638.6223986000005,0.1379856000021391,20,159.366140779756
638.7590600000003,0.1365685000018857,20,161.0197999920653
638.8962336000004,0.13707150000118418,20,160.4289188878069
639.0336456999976,0.137308800000028,20,160.15166220603135
639.1714680999976,0.13772450000033132,20,159.66826930188236
639.309621299999,0.13802619999842136,20,159.3192637033513
639.4478261999975,0.13811119999809307,20,159.22121128354271
639.5860610999989,0.13812030000190134,20,159.2107210541628
639.7235607000002,0.13741220000156318,20,160.03115120251215
639.8599531999971,0.13626539999677334,20,161.37796209485833
639.9976424999986,0.13760049999837065,20,159.81215588446548
640.1346202999994,0.13684339999963413,20,160.69633285623416
640.2728953999977,0.13817980000021635,20,159.14216517526853
640.4106189999984,0.137637600000744,20,159.7690787648225
640.5488478999978,0.13814640000055078,20,159.18064137344388
640.6861530999995,0.13720720000128495,20,160.270252255815
640.8223168999975,0.13608190000013565,20,161.59557263308406
640.9595427999993,0.1371461000017007,20,160.34165430331092
641.0969846999978,0.1373557000006258,20,160.09697854126046
641.2351777000003,0.1381032999997842,20,159.23031930123582
641.3729721999989,0.1377174000008381,20,159.67650097508502
641.5112446999992,0.13815020000038203,20,159.1762629041376
641.6489870000005,0.1376579000025231,20,159.7455180931639
641.7856141999982,0.13651129999925615,20,161.08726937359634
641.9227360000004,0.13703800000075717,20,160.46813697951296
642.0605598000002,0.13774370000101044,20,159.64601325039683
642.1986011999979,0.13795899999968242,20,159.39686831283657
642.3367854999997,0.13805470000079367,20,159.2863738459725
642.4748918000005,0.13801220000095782,20,159.3354250955161
642.6116137999998,0.13663590000214754,20,160.9403718581601
642.7480566999984,0.13635290000092937,20,161.27440307738317
642.8844704000003,0.1363283999999112,20,161.30338620224637
643.0222801999989,0.13771600000109174,20,159.6781242219181
643.1597583000002,0.13736400000198046,20,160.08730493581254
643.2978616,0.13801390000298852,20,159.33346246315648
643.4360820000002,0.13811210000130814,20,159.22017372345886
643.5735908999995,0.1374190999995335,20,160.02311582301624
643.7102849000003,0.1366033000012976,20,160.97877983409705
643.8468123999992,0.13644510000085575,20,161.16542518113206
643.9846818999977,0.13777649999974528,20,159.60800684848763
644.1223127999983,0.1375101999983599,20,159.91710110073493
644.2605215999974,0.13812239999970188,20,159.20830043184498
644.3985751,0.13796610000281362,20,159.388665440797
644.5360574000006,0.13739410000198404,20,160.05223335792766
644.6732993999976,0.13715500000034808,20,160.3312497208574
644.8101285999983,0.13671890000114217,20,160.84266736593324
644.9481798999986,0.13795050000044284,20,159.40668975791613
645.084895699998,0.13663119999910123,20,160.94590807710577
645.2230448999981,0.1380676000007952,20,159.27149132304282
645.3604624999971,0.13733629999842378,20,160.11959369643995
645.4977144000004,0.13714210000034655,20,160.346330962297
645.6349789999986,0.13716030000068713,20,160.32505437367692
645.7722141999984,0.13714619999882416,20,160.3415373937341
645.9102426999998,0.13793989999976475,20,159.41893937546354
646.0478474999982,0.13749140000072657,20,159.93896749472182
646.1861624999983,0.1381799000009778,20,159.14205000412065
646.3235843000002,0.13733500000307686,20,160.12110936780377
646.4607472999996,0.137036200001603,20,160.47024476206118
646.5980049999998,0.1371595000018715,20,160.32598948829613
646.7352289999981,0.13713429999916116,20,160.3554512303232
646.8733011000004,0.13798480000332347,20,159.36706474184365
647.01109,0.13770230000227457,20,159.6940105950065
647.1489798000002,0.13780170000245562,20,159.57881909387285
647.2862638000006,0.13718210000297404,20,160.2995766579114
647.4233824000003,0.13702879999982542,20,160.47891067825168
647.5608752999979,0.1374020000002929,20,160.0430310728601
647.6983814999985,0.13741160000063246,20,160.03184997059043
647.8364970999974,0.13802219999706722,20,159.32388091181897
647.9744925999985,0.1378789999980654,20,159.4893533883227
648.112086699999,0.13750900000013644,20,159.91849664747895
648.2493399999985,0.13714320000144653,20,160.34504485302995
648.3867642999976,0.13732379999783006,20,160.1341687010371
648.5242693999971,0.13738949999969918,20,160.05759214181688
648.6621220999987,0.1377689000000828,20,159.61681159903856
648.800178999998,0.13797359999807668,20,159.38000136132231
648.9382344000005,0.1379709000029834,20,159.38312031772278
649.0755925999983,0.13727310000103898,20,160.19331213000626
649.2131587999975,0.13748299999861047,20,159.9487395222846
649.3506495000001,0.13739859999986948,20,160.04699142160757
649.4880555999989,0.13730719999875873,20,160.15352840724154
649.6259881000005,0.1378372000035597,20,159.53771953400167
649.7641994999976,0.1380907999991905,20,159.24473285438935
649.9018670999976,0.13754200000039418,20,159.88012792788368
650.038460599997,0.13649619999705465,20,161.10508978267904
650.1749400999979,0.13638240000000224,20,161.23951884935033
650.3120347000004,0.1370130000032077,20,160.49741670502195
650.4493860999974,0.1372518999996828,20,160.21805567406224
650.5874756999983,0.13798669999960111,20,159.3648703504292
650.7255340999982,0.1379735000009532,20,159.3801168729363
650.8637310999984,0.13811119999809307,20,159.22121128354271
651.0011584999993,0.13734630000180914,20,160.10793559950534
651.1378330999978,0.13658360000044922,20,161.00199844965044
651.2748630999995,0.13691990000006626,20,160.60654846745695
651.4126555999974,0.13770719999956782,20,159.68832824709975
651.5508067999981,0.1380180999985896,20,159.32861382488758
651.6890653999981,0.13815790000080597,20,159.167391480268
651.8278231000004,0.13867120000213617,20,158.57822356178679
651.9646315999998,0.136717100001988,20,160.84478499909844
652.1011519999993,0.13643840000077034,20,161.17333943666767
652.2376310999971,0.13639119999788818,20,161.2291156310707
652.3742973999979,0.13658319999740343,20,161.00246996657023
652.5122499999998,0.13786540000000969,20,159.50508652293075
652.6503570999994,0.13800529999934952,20,159.34339156266935
652.7885575,0.1381202000011399,20,159.2108363247267
652.9260675999976,0.13742659999843454,20,160.0143826287669
653.0633013999977,0.13713210000059917,20,160.3580237991245
653.1999202999978,0.1365269999987504,20,161.0687450520503
653.3365931999979,0.1365918999981659,20,160.99221517392522
653.4746663000005,0.13798980000137817,20,159.36129014826003
653.6127717999989,0.1380094000014651,20,159.33865776741695
653.7512094999984,0.13835050000125193,20,158.94581194372998
653.887989699997,0.1366785999998683,20,160.89009219834844
654.0245493000002,0.1364666000008583,20,161.1400339378404
654.1610884000002,0.1364571000012802,20,161.1512523372818
654.2980312999971,0.1368548999998893,20,160.68282944591525
654.436139999998,0.13802749999740627,20,159.31776316989897
654.5743958999992,0.13817439999911585,20,159.14838461871886
654.7124707999974,0.13798379999934696,20,159.36821971582225
654.8499176999976,0.13735929999893415,20,160.09278261967435
654.986574999999,0.13657900000180234,20,161.0074210180907
655.1231511999977,0.13647949999722186,20,161.12480303611625
655.2602449999977,0.137002699997538,20,160.50948306796272
655.3983397999982,0.13799959999960265,20,159.34997315632302
655.5365471999976,0.1381136999989394,20,159.21832921490676
655.6748230999983,0.13818429999810178,20,159.13698268053662
655.8122014,0.13727680000010878,20,160.18899446594452
655.9487785999991,0.13646910000170465,20,161.1370819859244
656.085288299997,0.13636859999678563,20,161.2558356985284
656.2225505999995,0.13716560000102618,20,160.31885950526578
656.3605785999971,0.13794079999934183,20,159.41789924101442
656.4987408999987,0.13807359999918845,20,159.2645701687307
656.6368984000001,0.1380739000014728,20,159.26422412407732
656.774340699998,0.1373567999980878,20,160.0956964331299
656.9109772999982,0.13654509999832953,20,161.04739427331353
657.0474821999996,0.13641760000245995,20,161.1979140163986
657.1845245000004,0.13695540000117035,20,160.5649178881014
657.3225278999998,0.13790499999959138,20,159.45928396784132
657.4607122999987,0.13809330000003683,20,159.24184993416867
657.5988655999972,0.13807359999918845,20,159.2645701687307
657.7370123000001,0.13805910000155563,20,159.2812973231914
657.8733713999973,0.13627769999948214,20,161.3633966203096
658.0098470999983,0.13640099999975064,20,161.21753180372724
658.1465104999988,0.13658500000019558,20,161.00034817504493
658.2845630999982,0.13796259999799076,20,159.3927090083853
658.4227218999986,0.1380700000008801,20,159.26872278829453
658.5608329999995,0.13804710000113118,20,159.29514314563514
658.6981825999974,0.13726619999943068,20,160.20136461569712
658.8345444000006,0.13631359999999404,20,161.32089942251517
658.9708109999992,0.1362215000008291,20,161.42996924410724
659.1070330000002,0.136190400000487,20,161.4668328710494
659.2448102999988,0.13768889999846579,20,159.7095521553664
659.382767799998,0.137871200000518,20,159.49837642261312
659.5208916999982,0.13802489999943646,20,159.32076426506944
659.6583496999992,0.1373566000002029,20,160.09592954024427
659.7949955999975,0.1365535999975691,20,161.03736961831444
659.9315623999973,0.13647359999959008,20,161.1317687493116
660.0690288000005,0.13737200000105076,20,160.07798208770197
660.207111599997,0.13798399999723188,20,159.36798872304868
660.3451973999981,0.13798160000078497,20,159.37076070573832
660.4833596999997,0.13807269999961136,20,159.26560830332062
660.6212930999973,0.13784379999924568,20,159.53008082801213
660.7578675000004,0.13648730000204523,20,161.11559504210635
660.8942999999999,0.13636609999957727,20,161.25879199880447
661.0315534000001,0.1371839000021282,20,160.29747335641318
661.1696026999998,0.1379722000019683,20,159.38161858118002
661.3076932999975,0.13798969999697874,20,159.36140564115635
661.4454119999973,0.13763159999871277,20,159.77604384258896
661.5832741999984,0.13775729999906616,20,159.63025230364613
661.7198963999981,0.13652150000052643,20,161.07523397732376
661.8564693999979,0.13647489999857498,20,161.13023388
661.9937621999998,0.13718410000001313,20,160.29723966201547
662.1318831999997,0.1380127000011271,20,159.3348478461795
662.2698758999977,0.13789410000026692,20,159.47188861218453
662.4080030999976,0.1380195999990974,20,159.32688223747792
662.545290799997,0.13719799999671523,20,160.28099940266247
662.6818648999979,0.13648189999730675,20,161.12196969674326
662.8183726999996,0.13642900000195368,20,161.18444432785623
662.9555037999999,0.13705290000143577,20,160.45069134100504
663.0935408000005,0.1379629000002751,20,159.39236240667708
663.2314566999994,0.13783419999890612,20,159.5411919225745
663.3696267999985,0.13808960000096704,20,159.24611669065592
663.5073658000001,0.1376724000001559,20,159.72869330014657
663.6446241999984,0.13719579999815323,20,160.28356958315055
663.7815730999973,0.13684490000014193,20,160.6945714125787
663.918700299997,0.13703089999762597,20,160.47645133981445
664.0568429999985,0.13806399999884889,20,159.2756443077366
664.1945583999986,0.13762389999828883,20,159.78498324632145
664.3325487000002,0.13789920000272105,20,159.465990775045
664.4692474000003,0.13658900000154972,20,160.99563328870187
664.6063762999984,0.137035100000503,20,160.47153288054872
664.7436306999989,0.13716109999950277,20,160.32411926996588
664.8809094999997,0.13720029999967664,20,160.2783124787032
665.0190153999974,0.13802009999926668,20,159.32630505003863
665.1572166999977,0.1381225999975868,20,159.20806990242147
665.2954132999985,0.1381035000013071,20,159.23008870384797
665.4331444999989,0.13764630000150646,20,159.75898048316103
665.5695807999982,0.13634409999940544,20,161.2848121452699
665.7061568999998,0.136484599999676,20,161.1187823063716
665.8434472999979,0.1372042999973928,20,160.27363979071984
665.9815588999991,0.1380204999986745,20,159.3258433039381
666.1197867999981,0.1381413999988581,20,159.18640288647558
666.2575386999997,0.13764050000099814,20,159.76571252909233
666.3954104999975,0.13778280000042287,20,159.6007089088951
666.5319612999992,0.13646340000195778,20,161.14381259154115
666.6684649999988,0.1364069000010204,20,161.21055866935984
666.8051061999977,0.1365550999980769,20,161.03560069034174
666.9428291999975,0.13764359999913722,20,159.762114298506
667.0805746000005,0.13765130000319914,20,159.75317744916993
667.2185753999984,0.13792069999908563,20,159.44113215540372
667.3568610000002,0.13819100000182516,20,159.12926713917378
667.4935755999977,0.13662099999783095,20,160.9579241541866
667.630161699999,0.1364873999991687,20,161.11547700120255
667.7674453999971,0.13717439999891212,20,160.3085747464133
667.9056762,0.13813590000063414,20,159.19274102835723
668.0432915999991,0.1375255000020843,20,159.89930998387007
668.1813789999978,0.13799889999791048,20,159.3507814616853
668.3194503999985,0.1379847999996855,20,159.36706474604537
668.4568861999978,0.1373375999974087,20,160.11807804952844
668.5944175000004,0.13744540000334382,20,159.9924956017809
668.731332299998,0.13683519999904092,20,160.70596276158568
668.8692663999973,0.13785409999763942,20,159.51816127265388
669.006730699999,0.1373864000015601,20,160.06120369461814
669.1446329999999,0.13782010000068112,20,159.5575141464222
669.2824000999972,0.13768509999863454,20,159.71396001265265
669.419780799999,0.13729349999994156,20,160.16950952178624
669.5576940999999,0.13782700000228942,20,159.5495262550496
669.6944083999988,0.13662459999977727,20,160.95368297916957
669.832325899999,0.13782310000169673,20,159.55404105153113
669.9690788999978,0.13667079999868292,20,160.8992744297386
670.1070044999979,0.13784110000051442,20,159.53320566534896
670.2444020000003,0.1373148000020592,20,160.14466434200997
670.3814880999998,0.1369842999993125,20,160.53104301464012
670.5193901999992,0.13781360000211862,20,159.56503969986957
670.656944899998,0.13745959999869228,20,159.97596788968687
670.7947510999984,0.13770719999956782,20,159.68832824709975
670.9326363999971,0.13777619999746094,20,159.60835438867713
671.0702286999986,0.1374943999981042,20,159.9354777781728
671.2076751999994,0.13736640000206535,20,160.08450796693637
671.3454743999973,0.1377130999971996,20,159.68148677189876
671.4829817999998,0.13742570000249543,20,160.01543055717156
671.6202602999983,0.13718499999959022,20,160.2961880350307
671.7570431999993,0.13668759999927715,20,160.87949862047685
671.8944171000003,0.1372854000001098,20,160.1789597109555
672.0322065999972,0.1377087999971991,20,159.6864728758603
672.1695741999974,0.13728559999799472,20,160.178726361987
672.3071720999978,0.13751520000005257,20,159.91128657422303
672.4446059000002,0.1373715000008815,20,160.0785647341617
672.5821679999972,0.13748499999928754,20,159.9464127405459
672.7198372999992,0.13758389999929932,20,159.8314378036383
672.8575308,0.13760540000293986,20,159.80646511728602
672.9953480999975,0.13772999999855529,20,159.66189323858757
673.1319736000005,0.13652640000145766,20,161.06945290643577
673.2691252000004,0.1370658000014373,20,160.43559046304335
673.4059164999999,0.13669859999936307,20,160.8665528075815
673.5427345999997,0.13672810000207392,20,160.83184477211668
673.6800847999984,0.13725609999892185,20,160.21315304523975
673.8181965999975,0.13801319999765838,20,159.33427060522544
673.9557811999985,0.13749579999785055,20,159.9338492947695
674.0932751,0.1373980999997002,20,160.04757384249112
674.2310794000005,0.13771510000151466,20,159.67916775486597
674.3685420000002,0.13738030000240542,20,160.06831077770954
674.5063488999986,0.13771389999965322,20,159.68055915615906
674.6441406999984,0.13771529999939958,20,159.67893585982003
674.7825436999992,0.13831610000124783,20,158.98534267031542
674.9193328999972,0.13669929999741726,20,160.86572905593135
675.0566321999977,0.13721799999984796,20,160.2576378867522
675.1941383999983,0.13743909999902826,20,159.99982942027034
675.3316639000004,0.13744320000114385,20,159.99505654217154
675.4691902999984,0.13744779999979073,20,159.98970194905615
675.6071176999976,0.13784839999789256,20,159.52475731206303
675.7453497999995,0.13813590000063414,20,159.19274102835723
675.8826921999971,0.13724999999976717,20,160.2202736288328
676.0192955999992,0.13651430000027176,20,161.08372936370932
676.1558912,0.13650849999976344,20,161.09057352148847
676.2925835999995,0.13659960000222782,20,160.9831401787513
676.4301675999995,0.13750459999937448,20,159.92361386906356
676.5682656999998,0.13800869999977294,20,159.339465957988
676.7064890000001,0.13813550000122632,20,159.19320200328502
676.8440150999995,0.13742040000215638,20,160.0216019977742
676.9814186000003,0.13733000000138418,20,160.12693916331722
677.1186894999992,0.137200600001961,20,160.27796201478492
677.255239099999,0.13647390000187443,20,161.13141454313222
677.3930547999989,0.1377076999997371,20,159.68774843790132
677.5313180999983,0.13816550000046846,20,159.15863624020062
677.6694418999978,0.13804569999774685,20,159.29675865223558
677.8066400999996,0.13711800000237417,20,160.37451359514608
677.9440809999978,0.13735599999927217,20,160.0966288741411
678.0813995999997,0.1372402000015427,20,160.23171457978646
678.218066399997,0.13658529999884195,20,160.99999455070528
678.3556267999993,0.13747700000021723,20,159.9557202694651
678.4938465999985,0.13814049999928102,20,159.1874400022763
678.632676899997,0.1387412999974913,20,158.498100824467
678.7692987999981,0.13653119999798946,20,161.06379022409402
678.9066366999978,0.13725580000027549,20,160.21350322154595
679.0440277999987,0.13729239999884157,20,160.17079281668575
679.1812262999993,0.13711890000195126,20,160.37346095401196
679.3187681999989,0.1374480999984371,20,159.98935275038394
679.4568709999985,0.13800379999884171,20,159.34512350895096
679.5951036000006,0.1381353000033414,20,159.1934324896538
679.732065199998,0.13686500000039814,20,160.67097180035825
679.8691875000004,0.13703870000244933,20,160.46731729888683
680.0066771999991,0.13739410000198404,20,160.05223335792766
680.143798699999,0.1370299000009254,20,160.4776224413175
680.281479199999,0.13759159999972326,20,159.82249320135992
680.4195602999971,0.1379914999997709,20,159.35932688286243
680.5578701999984,0.1382247000001371,20,159.09047048391633
680.6950670000006,0.13711050000347313,20,160.38328614484644
680.8316362999976,0.13647209999908227,20,161.1335397906816
680.9686498999981,0.13693140000032145,20,160.5930601415627
681.1059365999972,0.1372126999995089,20,160.2638280246559
681.2438914999984,0.13785319999806234,20,159.5192027158535
681.3820639999976,0.13809789999868372,20,159.23654563704156
681.5201328000003,0.1379856000021391,20,159.366140779756
681.6576746999999,0.1374457000019902,20,159.99214639091352
681.7942844999998,0.13652270000238786,20,161.07381816456441
681.9308567999979,0.13647209999908227,20,161.1335397906816
682.0680379000005,0.13707849999991595,20,160.42072648543342
682.2060220999992,0.13788690000001225,20,159.4802157095275
682.344250099999,0.1381321000008029,20,159.19712040425202
682.4822026000002,0.13787159999992582,20,159.4979136786099
682.6197321,0.13743729999987409,20,160.00192491805458
682.7564526999995,0.13663570000062464,20,160.9406074358273
682.8930488999977,0.13650129999950877,20,161.0990705260619
683.0302149999989,0.13708390000101645,20,160.41440720140693
683.1684198000003,0.1381187000006321,20,159.21256539063404
683.3073934999993,0.13889800000106334,20,158.31928865319625
683.4451659000006,0.1376806000007491,20,159.719180156103
683.5824835999993,0.137238499999512,20,160.23369940357986
683.7197374999996,0.13715959999899496,20,160.3258726015615
683.8564514999998,0.13661990000036894,20,160.9592201096664
683.993348,0.13680620000013732,20,160.74002900086347
684.1314563999986,0.13801049999892712,20,159.33738777622682
684.2702367999991,0.13868980000188458,20,158.556956281004
684.408003499997,0.13768029999846476,20,159.71952818061268
684.5452425999974,0.1371471999991627,20,160.34036827331693
684.6825919999974,0.13726459999816143,20,160.20323197542953
684.8199494,0.13727040000230772,20,160.19646300404392
684.9573836999989,0.1373463999989326,20,160.10781903050167
685.0954520999985,0.1379707000014605,20,159.38335135856542
685.2336164999979,0.1380944999982603,20,159.2404661720563
685.3717404999989,0.13803879999977653,20,159.3047212490662
685.5091381999991,0.13731280000138213,20,160.1469968953998
685.646502399999,0.13727310000103898,20,160.19331213000626
685.7837094999995,0.13712809999924502,20,160.3627014130661
685.9213916999979,0.1375917000004847,20,159.82237704340113
686.0596127999997,0.13812329999927897,20,159.20726304421333
686.1978204999978,0.1381158999975014,20,159.2157930833294
686.3353337999979,0.13742079999792622,20,160.02113621701992
686.4725177,0.1371050000016112,20,160.3897199610633
686.6098273999996,0.13722840000264114,20,160.24549258824538
686.7470173000002,0.13709550000203308,20,160.4008341279903
686.8849539000003,0.13785510000161594,20,159.51700412434673
687.0231139999996,0.1380804000000353,20,159.25672691789984
687.1612849999983,0.13808549999885145,20,159.25084498881424
687.2986567999978,0.13729999999850406,20,160.16192684457096
687.435194499998,0.13645220000034897,20,161.15703928162216
687.5717269999986,0.13646710000102757,20,161.13944353880473
687.7083204999981,0.13649359999908484,20,161.1081585925453
687.8463088999997,0.13789560000077472,20,159.47015390916357
687.9845213999979,0.13812419999885606,20,159.20622567010068
688.1227336999982,0.13811509999868576,20,159.21671530288324
688.2606990999993,0.13786030000119354,20,159.51098724817527
688.3977216999992,0.13692559999981313,20,160.59986266665993
688.534291699998,0.13647510000009788,20,161.12999774687273
688.6707906999982,0.13640699999814387,20,161.2104404892654
688.8088110999997,0.1379250999998476,20,159.43604576356515
688.9472767999978,0.1383840999988024,20,158.9072195122872
689.0850556000005,0.1377018000021053,20,159.69459044968033
689.2228766999979,0.13774049999847193,20,159.64972216424331
689.3602439999995,0.13728760000230977,20,160.17639287998352
689.4967894999972,0.13646159999916563,20,161.14593816615414
689.6333696000002,0.1365034000009473,20,161.09659213885803
689.7714113999973,0.1379516999986663,20,159.40530312951998
689.9096245999972,0.13811969999733265,20,159.2114126800498
690.0478298999988,0.13812340000004042,20,159.2071477788236
690.185687899997,0.13776099999813596,20,159.6259649379545
690.3230285999998,0.1372537999995984,20,160.21583778069783
690.4595598999986,0.13643360000060056,20,161.17900982912715
690.5961280999982,0.13648749999993015,20,161.11535895617735
690.7341481000003,0.137929600001371,20,159.430844106714
690.8726473999996,0.138402299999143,20,158.88632310052773
691.0103681999972,0.13762940000015078,20,159.7785978540625
691.1484420999986,0.1379850000012084,20,159.3668337524182
691.285532599999,0.13699999999880674,20,160.51264639205496
691.4214677999989,0.135848599999008,20,161.87308927497654
691.5577954999972,0.13621969999803696,20,161.43210237459706
691.6949768999984,0.13707269999940763,20,160.42751441837095
691.8330963999979,0.13801059999968857,20,159.33727232234062
691.9713792000002,0.1381787999998778,20,159.14331688753592
692.1095671000003,0.1380812000024889,20,159.25580423058048
692.2462226999996,0.13655460000154562,20,161.03619032439113
692.3827961999996,0.13648150000153692,20,161.12244190804154
692.5199178999974,0.1370333999984723,20,160.4735236501842
692.6577341999982,0.13772999999855529,20,159.66189323858757
692.7958104999998,0.137990200000786,20,159.36082819935578
692.934072,0.138164300002245,20,159.1600185805066
693.0723800999986,0.13821939999979804,20,159.09657078204748
693.2092765999987,0.13682169999810867,20,160.72181938847402
693.3456774000006,0.1363195000012638,20,161.31391734356515
693.4821892999971,0.1364378999969631,20,161.17393008840997
693.6199030999996,0.13762370000040391,20,159.78521544948626
693.7580189999971,0.13802279999799794,20,159.32318831264814
693.8962277999999,0.138119999999617,20,159.2110668663552
694.0344355999987,0.13811669999995502,20,159.21487087026523
694.1718708999979,0.13731769999867538,20,160.1412822653753
694.3091095999989,0.13714410000102362,20,160.34399259870364
694.4457676999991,0.13656710000213934,20,161.02145066546422
694.583507899999,0.13765039999998407,20,159.75422196755363
694.7216389999994,0.13803720000214525,20,159.30656775983752
694.8600826000002,0.13834420000057435,20,158.95305011289744
694.9979056999982,0.137730599999486,20,159.66119769754917
695.1344753999983,0.1364882999987458,20,161.11441461079136
695.2710019000006,0.1364441000005172,20,161.16660636434
695.4075209000002,0.13644070000009378,20,161.170622515898
695.545256999998,0.13765259999854607,20,159.75166873529645
695.6833210999976,0.13798079999833135,20,159.37168472559904
695.8221231999996,0.13871170000129496,20,158.53192308446012
695.961034099997,0.138824099998601,20,158.4035664970391
696.0977607999994,0.13663160000214702,20,160.94543689142515
696.2343266999997,0.1364763999990828,20,161.12846291130035
696.3709077999993,0.13648250000187545,20,161.12126137210137
696.508374699999,0.13737530000071274,20,160.07413672913478
696.6464617999991,0.13799659999858704,20,159.35343737269727
696.7848416999987,0.1382899999989604,20,159.01534858402857
696.9238583999977,0.13892479999776697,20,158.2887472637964
697.0607568999985,0.1368070999997144,20,160.73897155605158
697.1972754999988,0.13644040000144741,20,161.17097689017857
697.3337802999995,0.13643339999907766,20,161.17924610592905
697.4713529999972,0.1374918000001344,20,159.93850219066522
697.609403399998,0.13796870000078343,20,159.38566178702223
697.747601199997,0.13810289999673842,20,159.2307804980152
697.8857776999976,0.13809009999749833,20,159.24554009243516
698.0231940999984,0.13733009999850765,20,160.12682256664027
698.1598118999973,0.13652799999908893,20,161.06756530284443
698.2963065000004,0.13642230000186828,20,161.192360451472
698.4335752999978,0.13718420000077458,20,160.29712281294667
698.5716594000005,0.137999900001887,20,159.34962674044917
698.7098555999983,0.1381136999989394,20,159.21832921490676
698.8480320999988,0.1380968000012217,20,159.23781402121887
698.9852155999979,0.1371039000005112,20,160.39100678710093
699.1216327000002,0.13632450000295648,20,161.30800079987893
699.2580306999989,0.1363205999987258,20,161.31261567015946
699.3950932999978,0.13698369999838178,20,160.53174615505185
699.533330299997,0.13815889999750652,20,159.1662394237134
699.6715578999974,0.13814110000021174,20,159.18674858884353
699.8096662999997,0.13801220000095782,20,159.3354250955161
699.9471011999995,0.13733820000197738,20,160.1173785239896
700.0837467999991,0.1365497000006144,20,161.0419690077756
700.2203082999986,0.1364566999982344,20,161.15172472882995
700.3569824999977,0.13658729999951902,20,160.9976370833704
700.4950581999983,0.13798809999934747,20,159.3632534662336
700.6332573999971,0.1381167999970785,20,159.21475559805288
700.7712986999977,0.1379583999987517,20,159.3975615527505
700.9093080999992,0.13791130000026897,20,159.451999622055
701.0459636999985,0.13655699999799253,20,161.03336010488857
701.1825027999985,0.1364553999992495,20,161.15326000759916
701.319392999998,0.13679269999920507,20,160.75589235133006
701.457438999998,0.13796480000019073,20,159.39016731434103
701.595685799999,0.1381528999991133,20,159.1731520341675
701.7336178000005,0.1378502000006847,20,159.52267428999576
701.8717647999983,0.13806149999800255,20,159.2785284517273
702.0085273999975,0.13668019999749959,20,160.8882087963164
702.1450664000004,0.13645530000212602,20,161.1533781038727
702.2821339000002,0.13696060000074795,20,160.55882170054682
702.4202346999991,0.13799759999892558,20,159.35228261717026
702.5584393999998,0.13810990000274614,20,159.22270999459673
702.696705899998,0.1381720999997924,20,159.15103378723376
702.8342054999994,0.1374041999988549,20,160.04046860069244
702.9714677999982,0.13716419999764184,20,160.32049584292446
703.1081097999995,0.1365168000011181,20,161.08077947432034
703.2451523999989,0.1369660999989719,20,160.5523743151412
703.3830701999977,0.13782910000008997,20,159.54709531953446
703.5211750999988,0.13801619999867398,20,159.33080722213245
703.6595272999984,0.13825379999980214,20,159.05698473062924
703.7971034999973,0.13748179999674903,20,159.95013562551546
703.9333086000006,0.1361181000029319,20,161.55259700984914
704.0698515999975,0.1364527999976417,20,161.1563306571947
704.2069300000003,0.136989700000413,20,160.52471503663196
704.344961499999,0.13793140000052517,20,159.4287635406896
704.4830497000003,0.13798900000256253,20,159.36221405410305
704.6214760000003,0.13832000000184053,20,158.98086000019802
704.7596868,0.1381031000018993,20,159.23054989509703
704.8959544999998,0.13616750000073807,20,161.49398759175872
705.0324116999982,0.13635539999813773,20,161.27144620469988
705.1689929999993,0.13648130000001402,20,161.12267801902343
705.3067109000003,0.13763140000082785,20,159.77627601977258
705.4449616999991,0.13815249999970547,20,159.17361289565432
705.5830709000002,0.13800869999977294,20,159.339465957988
705.7210398999996,0.1378273000009358,20,159.5491789752153
705.8575017000003,0.1363584000027913,20,161.26789809113228
705.9940552999979,0.13645639999958803,20,161.1520790200122
706.1306229999973,0.136473799997475,20,161.13153261598094
706.268506299999,0.13778800000000047,20,159.5946857166076
706.4067369999975,0.13813349999691127,20,159.19550692635536
706.5449623999993,0.13812740000139456,20,159.20253733363535
706.6830596999971,0.13796179999917513,20,159.39363327857043
706.8197287000003,0.13656350000019302,20,161.02569541267556
706.9558327999985,0.13600270000097225,20,161.6896764208563
707.0924795999999,0.1365473000005295,20,161.0447995341887
707.230595099998,0.13801369999782764,20,159.33369336425392
707.3688908999975,0.13819990000047255,20,159.11901930062763
707.5065824999983,0.13759959999879356,20,159.81320117000925
707.6443545999973,0.13768290000007255,20,159.71651203968258
707.7815378999985,0.13713279999865335,20,160.3572052472927
707.9181609999978,0.136541899999429,20,161.0511685835041
708.0547817000006,0.136540800001967,20,161.05246604094316
708.1928797999972,0.13798319999841624,20,159.3689127065643
708.3316420999981,0.13866820000112057,20,158.58165430388726
708.4699927999973,0.13825839999844902,20,159.05169274175518
708.6073737000006,0.13729440000315662,20,160.1684595658265
708.7446595000001,0.13720870000179275,20,160.2685001405354
708.8818200999995,0.13707820000126958,20,160.4210775697108
709.0189012999981,0.13699219999762136,20,160.5217855899958
709.1569253999987,0.13795140000001993,20,159.40564978330647
709.2951251999984,0.13809019999825978,20,159.24542477161393
709.4330835999972,0.13787339999908,20,159.49583136171833
709.5704026999992,0.13723039999968023,20,160.24315716904738
709.7076514,0.13717360000009649,20,160.30950966880312
709.8448313999979,0.13708969999788678,20,160.40762038183013
709.9820770999977,0.13716099999874132,20,160.3242361583963
710.1202166999974,0.13804529999833903,20,159.2972202297694
710.2586292999986,0.13832019999972545,20,158.9806301289591
710.3960967999992,0.1373810000004596,20,160.06749518089424
710.533346799999,0.13716159999967203,20,160.32353483462265
710.6705873999999,0.1371435000000929,20,160.34469410147113
710.8078217999973,0.13714160000017728,20,160.34691556385206
710.9452735999985,0.13731969999935245,20,160.13894987844932
711.0835325999979,0.1381608999981836,20,159.1639353522531
711.2225399999988,0.13891059999878053,20,158.3049281747617
711.3601476999975,0.13752159999785363,20,159.90384460232585
711.4972213000001,0.13698520000252756,20,160.52998831344007
711.6338590999985,0.13655300000027637,20,161.03807719695277
711.7710871999989,0.13713469999856898,20,160.35498349979596
711.9085171000006,0.13734440000189352,20,160.11015050644093
712.0470091999996,0.13835540000218316,20,158.94018271186386
712.1853228,0.13822190000064438,20,159.09369322384862
712.3227713999986,0.13735610000003362,20,160.09651231736063
712.459430699997,0.1365596999967238,20,161.03017622364115
712.5965729999989,0.13704470000084257,20,160.46029182730015
712.7340299999996,0.13736749999952735,20,160.08322605853394
712.8717299999989,0.13760589999947115,20,159.80588445411507
713.0102721000003,0.13844710000194027,20,158.83490918344853
713.1492880000005,0.13892300000225077,20,158.2907981771465
713.2866986999979,0.13732289999825298,20,160.1352182032258
713.4232258999982,0.13644840000051772,20,161.1615274011023
713.5596853999996,0.13636720000067726,20,161.25749121057547
713.6962447999977,0.13648529999773018,20,161.11795596951254
713.8335982999997,0.13725759999942966,20,160.21140217817722
713.9717113000006,0.13801370000146562,20,159.33369336005393
714.1099568999998,0.13813970000046538,20,159.1883618934015
714.2474935999999,0.1374443999993673,20,159.99365965889643
714.3841336000005,0.13653590000103577,20,161.05824589249553
714.5213121999986,0.1370917999993253,20,160.40516322368097
714.6587946,0.1373925000007148,20,160.0540972426122
714.796639799999,0.1377561000008427,20,159.63164284837825
714.934873299997,0.13814589999674354,20,159.18121751017125
715.0731142999975,0.1381495999994513,20,159.17695422648592
715.210642099999,0.13743729999987409,20,160.00192491805458
715.3473666999998,0.1366388000024017,20,160.93695608519306
715.4845607999996,0.13710290000017267,20,160.39217664609797
715.6214645999971,0.13682319999861647,20,160.72005738604534
715.7594589,0.1379032000004372,20,159.46136533053826
715.8978561000004,0.13830070000039996,20,159.00304593871476
716.0359389999976,0.138003199997911,20,159.3458162988458
716.1726720999977,0.13664169999901787,20,160.93354046149938
716.3092309999993,0.13646580000204267,20,161.14097858357803
716.4457851999978,0.13646449999941979,20,161.14251366189373
716.5825115999978,0.13664019999851007,20,160.93530714796802
716.7207025999996,0.13809590000164462,20,159.23885180702766
716.8589777999987,0.13817809999818564,20,159.14412309771768
716.9971497999977,0.13809219999893685,20,159.2431184070447
717.1338667999989,0.13662059999842313,20,160.95839540869977
717.2703399999991,0.13637300000118557,20,161.2506328622882
717.4067603000003,0.13633620000109659,20,161.29415779039704
717.5433223,0.13647839999975986,20,161.1261016802563
717.6813111999982,0.1379142999976466,20,159.44853112327905
717.8200861999976,0.138686799997231,20,158.56038610710647
717.9582903999981,0.138119999999617,20,159.2110668663552
718.095507799997,0.1371356999989075,20,160.3538141832884
718.2314699999988,0.1358728000013798,20,161.84425841887918
718.3678129999971,0.13624659999914002,20,161.40022984543322
718.5043551999988,0.13645360000009532,20,161.15538582715766
718.6422055000003,0.13775750000058906,20,159.63002054643826
718.7804436000006,0.1381446000013966,20,159.18271546841268
718.9186889999983,0.13815149999936693,20,159.1747650631428
719.0561191999986,0.13734939999994822,20,160.10432193754244
719.1927926999997,0.136578699999518,20,161.00777467934316
719.3293243999979,0.13644619999831775,20,161.1641259030381
719.4659092999973,0.13650330000018585,20,161.09671015638494
719.6039337000002,0.13793640000221785,20,159.42298447086065
719.7421605999989,0.1381428999993659,20,159.18467438877377
719.8803810999998,0.13813239999944926,20,159.19677465683412
720.0178104999977,0.13734669999757898,20,160.10746931602742
720.1544536000001,0.1365482000001066,20,161.04373807565997
720.2908884999997,0.1363359999995737,20,161.29439440491697
720.4275046000002,0.13652379999984987,20,161.07252036307355
720.5655551999989,0.1379570999997668,20,159.3990635897476
720.7038149,0.1381498000009742,20,159.1767237836387
720.8420622999984,0.13814519999868935,20,159.18202410021217
720.9792433000002,0.13707660000000033,20,160.4229500550783
721.1156641999987,0.13631760000134818,20,161.31616574310667
721.2516404999988,0.1358747999984189,20,161.8418761667056
721.387874,0.13613480000276468,20,161.5327789446447
721.5254838000001,0.13752240000030724,20,159.90291440136932
721.6636760000001,0.1380864000020665,20,159.24980704248145
721.8019000999993,0.1381266999997024,20,159.2033441439445
721.939347399999,0.1373420999989321,20,160.1128317951377
722.0768400999987,0.13738720000037574,20,160.0602716662095
722.2134872999995,0.13655970000036177,20,161.0301762193513
722.3501268999971,0.13655559999824618,20,161.03501105632012
722.4880768000003,0.13786330000220914,20,159.50751617847263
722.6264907000004,0.13832220000040252,20,158.9783314280427
722.7643802999992,0.13779780000186292,20,159.58333554833757
722.9016890999992,0.1371581999992486,20,160.32750907813363
723.039058899998,0.13727529999960097,20,160.19074484327422
723.1757137999994,0.13656450000053155,20,161.0245162940179
723.3123895999997,0.13658489999943413,20,161.00046605159943
723.4504514,0.1379746000020532,20,159.37884621657003
723.588633899999,0.1381044000008842,20,159.22905103225685
723.7267189999984,0.13799569999900996,20,159.3544766661408
723.8640814999999,0.13727140000264626,20,160.19529599826387
724.0016660000001,0.13749559999996563,20,159.93408193080722
724.1383171999987,0.13656619999892428,20,161.0225118345038
724.2749091999976,0.13650359999883221,20,161.09635610861636
724.4130076000001,0.13801869999952032,20,159.32792118456723
724.5510882999988,0.13799139999900945,20,159.35944236871177
724.6885790999986,0.13740020000113873,20,160.04512770241783
724.8253611,0.13669710000249324,20,160.86831801932092
724.9620207999978,0.1365643999997701,20,161.0246342059645
725.0986257999975,0.1365243999971426,20,161.07181248172668
725.2351278999995,0.1364106000000902,20,161.2061859965828
725.3728912999977,0.13767379999990226,20,159.7270690250114
725.5111735999999,0.13811730000088573,20,159.2141792185264
725.6492300999998,0.13797470000281464,20,159.37873070259553
725.7860830999998,0.13677240000106394,20,160.77975202123338
725.9232109000004,0.1370206000028702,20,160.48851453766343
726.060424299998,0.13712979999763775,20,160.36071339635012
726.1977499999994,0.13724720000027446,20,160.22354230524212
726.3360140999976,0.13820209999903454,20,159.11648633178237
726.4734449999996,0.1373583000022336,20,160.09394812808847
726.611329899999,0.1377981000005093,20,159.58298812130738
726.7483947999972,0.13698680000015884,20,160.52811333277734
726.884957899998,0.13647189999755938,20,161.1337759341906
727.0215242999984,0.13647489999857498,20,161.13023388
727.1588741999985,0.13725870000052964,20,160.21011823247014
727.2970915999977,0.13811949999944773,20,159.2116432191539
727.4352326999979,0.13806349999867962,20,159.27622112817875
727.5732791999981,0.13796589999765274,20,159.38889650191916
727.7107235999974,0.13736559999961173,20,160.0854402818621
727.8479668,0.13716000000204076,20,160.3254050393177
727.9846593000002,0.13660150000214344,20,160.98090105287972
728.1220453999995,0.1372929999997723,20,160.17009283471458
728.2601015999971,0.1379776999965543,20,159.37526539483673
728.3978337999979,0.1376429999982065,20,159.7628107190815
728.5360251999991,0.13811580000037793,20,159.21590835704407
728.6732446999995,0.1371328999994148,20,160.35708831078347
728.8096914999987,0.13635799999974552,20,161.2683711667892
728.9462151999978,0.13644519999797922,20,161.16530706720118
729.0835077999982,0.13719610000043758,20,160.28321909624154
729.2215720999993,0.13798360000146204,20,159.36845070926543
729.3592749999989,0.13762080000014976,20,159.78858250712153
729.4974909999983,0.13811359999817796,20,159.21844449648768
729.6348851000002,0.137317400000029,20,160.14163212757708
729.7715193999975,0.13654680000036024,20,161.04538923989418
729.9085928999993,0.13699470000210567,20,160.51885624175242
730.0464331000003,0.13774230000126408,20,159.64763587741888
730.1846627999985,0.13813369999843417,20,159.19527642978704
730.3229563999994,0.13820730000225012,20,159.11049962745804
730.4608730999971,0.13783009999679052,20,159.54593775983662
730.5983567000003,0.13739590000113822,20,160.05013654219545
730.7350019999976,0.13655519999883836,20,161.03548276233394
730.8721411000006,0.13705320000008214,20,160.4503401270953
731.0100391999986,0.13780469999983325,20,159.57534507565134
731.1475307999972,0.13740580000012415,20,160.03860503341295
731.2856298000006,0.13800840000112657,20,159.33981232548518
731.4231338999998,0.1374232000016491,20,160.01834155554604
731.560588999997,0.1373712999993586,20,160.07879779562887
731.6972155000003,0.1365497000006144,20,161.0419690077756
731.8344665999975,0.1371724999989965,20,160.3107952080838
731.9724765999999,0.13791700000001583,20,159.4454095979283
732.1104400000004,0.1378768000031414,20,159.49189823827484
732.248665199997,0.13813929999741958,20,159.1888228471606
732.3861741999972,0.13741799999843352,20,160.02439677313507
732.5236342999997,0.13737440000113565,20,160.0751854445822
732.6603472999996,0.13662640000256943,20,160.951562473332
732.797682299999,0.1372497000011208,20,160.2206238362665
732.9358570000004,0.1380858000011358,20,159.25049900380145
733.0740931999972,0.13814739999725134,20,159.17948912507603
733.2115855999982,0.13739239999995334,20,160.054213737641
733.3489464999984,0.13726989999850048,20,160.1970465175557
733.4862987999986,0.1372570999992604,20,160.21198579627935
733.6235097999997,0.13713130000178353,20,160.3589592983804
733.7610294000006,0.13743620000241208,20,160.00320552470205
733.8990742999995,0.13796690000162926,20,159.38774122822443
734.0378369999999,0.1386640000018815,20,158.58645758972494
734.175480599999,0.1375517000014952,20,159.8688533495476
734.3121939999983,0.1366267000012158,20,160.9512090632674
734.4487432999995,0.13646040000094217,20,161.147355242753
734.5852978000003,0.13646979999975883,20,161.13625546134648
734.7229408999992,0.13755740000124206,20,159.86222882463207
734.8612691999988,0.13824290000047768,20,159.06952585227896
734.9990948999985,0.13773619999847142,20,159.65470628465172
735.1366543999975,0.13746030000038445,20,159.9751532293942
735.2745445999972,0.13778049999746145,20,159.60337316184194
735.4120210000001,0.13736659999995027,20,160.08427489308144
735.5492133999978,0.1371151999992435,20,160.37778857224674
735.6870509999972,0.13777479999771458,20,159.60997625026332
735.8252433999987,0.13811160000113887,20,159.2207501421942
735.9633123999993,0.13797630000044592,20,159.3768825185842
736.1002689999987,0.13684619999912684,20,160.69304486102143
736.2377213999971,0.1373546999966493,20,160.0981441192507
736.3749366999982,0.1371341999983997,20,160.35556816444486
736.5123322,0.13730470000155037,20,160.15644442813462
736.6504346000002,0.13800090000222553,20,159.34847204014875
736.7886287000001,0.13811470000291592,20,159.2171764124726
736.9268118999971,0.13808879999851342,20,159.2470392657242
737.0640277999992,0.1371389999985695,20,160.3499555615061
737.2013621000006,0.1372538000032364,20,160.21583777645122
737.3385696000005,0.13712870000017574,20,160.36199975272731
737.4764697999999,0.1378078000016103,20,159.5717554105286
737.6147511999989,0.13818430000173976,20,159.13698267634703
737.752984499999,0.13815560000148253,20,159.17004128159863
737.8910270999986,0.13796530000036,20,159.38958966829065
738.0285014000001,0.1373827000024903,20,160.06551447250192
738.1651595000003,0.13657010000315495,20,161.0179135477824
738.302264599999,0.13701360000050045,20,160.49671386956976
738.4398349000003,0.13747650000004796,20,159.95630202625415
738.5781113999983,0.13818710000123247,20,159.13375818237643
738.717134999999,0.13892480000140495,20,158.28874725965133
738.8552017000002,0.13798270000188495,20,159.36949019855095
738.9923049999998,0.13702440000270144,20,160.48406382430034
739.1295551000003,0.13716410000051837,20,160.3206127218193
739.2663605999987,0.1367093000008026,20,160.85396205957383
739.404198799999,0.13776009999855887,20,159.62700778926583
739.5421710999981,0.13789389999874402,20,159.47211991045504
739.6803629999995,0.13810509999893839,20,159.2282439655671
739.8177483,0.13730710000163526,20,160.15364504281357
739.9556348000006,0.13779840000279364,20,159.58264069157684
740.0923497999975,0.13662660000045435,20,160.95132686787838
740.2288687999971,0.13641079999797512,20,161.20594964508985
740.3660310999985,0.13707399999839254,20,160.42599293650056
740.5041132000006,0.1380025000034948,20,159.34662455363576
740.6416234999997,0.13741920000029495,20,160.02299937325205
740.7789456999999,0.13724160000128904,20,160.2300800581854
740.9166291000001,0.1376051000006555,20,159.80681352228405
741.0539944999982,0.13727730000027805,20,160.1884110153351
741.1915826000004,0.13750050000089686,20,159.92838248134782
741.3291274000003,0.13745730000300682,20,159.97864467757603
741.4673997999998,0.13817489999928512,20,159.1478087238259
741.6048873,0.1374009000028309,20,160.044312337597
741.742102799999,0.13712149999992107,20,160.370420069301
741.8795561999978,0.1373710999978357,20,160.07903085777474
742.0168816999976,0.1372230999986641,20,160.25168179216237
742.154574199998,0.13761149999845657,20,159.79938127094493
742.2925995000005,0.13793040000018664,20,159.42991940493354
742.4307472999972,0.1380522999970708,20,159.28914299860696
742.567413599998,0.13657400000010966,20,161.0133155322561
742.7045510999997,0.1370442000006733,20,160.46087726012456
742.8418983999982,0.13726609999866923,20,160.20148132520112
742.9795252000004,0.13753240000005462,20,159.89128783843856
743.1174562999986,0.13783690000127535,20,159.53806676816248
743.2559526999976,0.13840849999905913,20,158.87920579783383
743.3935003000006,0.1374673000027542,20,159.9670070997206
743.5305814999992,0.13699579999956768,20,160.51756736768132
743.6677869999985,0.13712179999856744,20,160.37006920671797
743.8049948999978,0.1371307000008528,20,160.35966093211252
743.9425913999985,0.1375043000007281,20,159.9239627808262
744.0806441999994,0.13797150000027614,20,159.3824272076189
744.2193840999971,0.13864509999984875,20,158.6080759835291
744.3571692000005,0.13769690000117407,20,159.7002732474914
744.4946006999999,0.13727730000027805,20,160.1884110153351
744.6312491999997,0.1365579000012076,20,161.0322987928603
744.7685218999977,0.13718019999942044,20,160.30179687457013
744.9064264999979,0.1378164999987348,20,159.5616820607248
745.0443796,0.1378605999998399,20,159.51064013609061
745.1825838999976,0.13811489999716287,20,159.2169458615379
745.319333899999,0.13666169999851263,20,160.90998835635247
745.4559044999987,0.1364800000010291,20,161.1242127443888
745.5930793999978,0.13709219999873312,20,160.40469520310575
745.7305465999998,0.1373782000009669,20,160.07075762650283
745.8686192999994,0.13798959999985527,20,159.36152112581718
746.0069244999977,0.13822779999827617,20,159.08690260421017
746.1450098999994,0.1379875999991782,20,159.36383092140863
746.2817163,0.13660970000273664,20,160.9712381703457
746.4182564000002,0.13646050000170362,20,161.14723715101047
746.5554201999985,0.13708090000000084,20,160.41791785376276
746.6929517999997,0.13744130000122823,20,159.99726832708572
746.8310110999992,0.13797770000019227,20,159.37526539063455
746.9696330000006,0.13852690000203438,20,158.74341052313343
747.1082925999981,0.13856730000043171,20,158.69712807748644
747.2449405999978,0.13656409999748576,20,161.02498794284043
747.3814734999978,0.13645360000009532,20,161.15538582715766
747.518672299997,0.13711419999890495,20,160.37895823842916
747.6561913999976,0.13743699999758974,20,160.0022741758453
747.7943692999979,0.138097299997753,20,159.237237483121
747.9325468999996,0.13809799999944516,20,159.23643032924696
748.0709099999985,0.1382779000014125,20,159.02926321050126
748.2075654,0.13657580000290181,20,161.01119345486373
748.3441117000002,0.1364571000012802,20,161.1512523372818
748.4810935999994,0.13690040000074077,20,160.62942515435316
748.6189307999994,0.1377429000021948,20,159.64694046059438
748.7571905999976,0.1381547999990289,20,159.17096297540562
748.8951804999997,0.13788810000187368,20,159.47882779747627
749.0328259999987,0.1375383000013244,20,159.88442895766673
749.1694327999976,0.13650639999832492,20,161.09305172350778
749.3060114,0.1364850000027218,20,161.11831010793472
749.4426294999976,0.13652189999993425,20,161.07476203840255
749.5806522999992,0.1378848000022117,20,159.48264460743513
749.7188685000001,0.13812590000088676,20,159.20426621928854
749.857060899998,0.1381078999984311,20,159.22501577223179
749.9949602999986,0.1378192999982275,20,159.5584403331233
750.1315976000005,0.13655280000239145,20,161.0383130564506
750.2679500999984,0.13624409999829368,20,161.40319144678855
750.4044321999972,0.13638519999949494,20,161.2362085886257
750.5421341999972,0.1376079999972717,20,159.80344570051156
750.6802609000006,0.13802040000155102,20,159.32595873706265
750.8185309999972,0.13815469999826746,20,159.17107818840597
750.9567768999987,0.1381364000008034,20,159.19216481240358
751.093733499998,0.13685350000014296,20,160.68447321768917
751.2302205999986,0.13638089999949443,20,161.24129226014435
751.3668352999994,0.13650310000230093,20,161.09694618766406
751.5047814999998,0.1378392000005988,20,159.5354046992762
751.6423065999988,0.13741270000173245,20,160.0305689011478
751.7800299999981,0.1376218000004883,20,159.7874214364438
751.9182579999979,0.1381333999997878,20,159.1956221706972
752.0556169999982,0.13725849999900674,20,160.21035167715758
752.1920227999981,0.13632280000092578,20,161.31001237775826
752.3285780000006,0.13646760000119684,20,161.13885314409532
752.4666421000002,0.13798180000230786,20,159.3705297013968
752.604074699997,0.1373502999995253,20,160.1032728402923
752.7419616999978,0.13778779999847757,20,159.59491737122568
752.8801725999983,0.13812219999817898,20,159.20853096612942
753.0176931999995,0.1374275000016496,20,160.013334705616
753.1544173999973,0.13663660000020172,20,160.93954735032588
753.2911781000003,0.13667410000198288,20,160.89538950833378
753.4293485999988,0.1380767000009655,20,159.26099447166854
753.5668651999986,0.13742490000004182,20,160.01636206766975
753.7046850000006,0.13773700000092504,20,159.65377898002944
753.8424933999995,0.13771790000100737,20,159.6759212517701
753.9799525999988,0.1373773000013898,20,160.07180629767458
754.1173339999987,0.13728750000154832,20,160.17650955310566
754.2546129000002,0.13719610000043758,20,160.28321909624154
754.3927011999986,0.1379997000003641,20,159.34985768419773
754.5307929999981,0.1380146000010427,20,159.33265433768503
754.6689521999979,0.13807099999758066,20,159.26756926440254
754.8064197999993,0.13737870000113617,20,160.0701750368735
754.9432034999991,0.13659779999943567,20,160.98526151673633
755.0803343999978,0.1370385999980499,20,160.46743440047496
755.2181390000005,0.13771550000092248,20,159.6787039612295
755.3562172999991,0.13798429999951622,20,159.36764222884125
755.4942902000003,0.13799199999994016,20,159.35874946032766
755.6325010999972,0.13812469999902532,20,159.20564935652476
755.7696271999994,0.13704589999906602,20,160.45888680850624
755.9061755999974,0.1364661999978125,20,161.14050626362052
756.0426215999978,0.13636349999796948,20,161.2618666714146
756.1792483999998,0.13654030000179773,20,161.0530558027957
756.3163795,0.13703540000278736,20,160.47118157113206
756.4544145,0.13795250000111992,20,159.40437871978747
756.5926325,0.13813430000300286,20,159.19458494408676
756.7300732000003,0.1373477000015555,20,160.10630360225147
756.8667534999986,0.13657769999917946,20,161.00895355282827
757.0038853000005,0.13704620000135037,20,160.4585355544577
757.1415073999997,0.13753010000073118,20,159.89396179747624
757.279306299999,0.13771469999846886,20,159.6796315554149
757.4176210000005,0.13823190000039176,20,159.08218403608484
757.5557685999993,0.13806470000054105,20,159.27483676445772
757.6931521999977,0.1372914999992645,20,160.171842798992
757.8303672999973,0.13713559999814606,20,160.35393111502256
757.9670121999989,0.13655600000129198,20,161.0345393487796
758.1040319999993,0.13693870000133757,20,160.5844991613416
758.2420151999977,0.13789139999789768,20,159.47501117441166
758.3803975999981,0.13829659999828436,20,159.0077598132767
758.5180156999995,0.13753160000123898,20,159.89221789990006
758.6552520999976,0.13715400000000955,20,160.33241870830213
758.7926198999994,0.1372762999999395,20,160.1895779208042
758.9298626999989,0.13714310000068508,20,160.34516177197503
759.067143799999,0.13718940000035218,20,160.29104694286548
759.2053051000003,0.1380778000020655,20,159.25972571398916
759.343422599999,0.13802560000112862,20,159.31995626420164
759.4811568999976,0.13764129999981378,20,159.76478393875783
759.6179198999998,0.1366648000002897,20,160.90633839491505
759.7544916999977,0.13648819999798434,20,161.1145326544328
759.8910692999998,0.13648359999933746,20,161.11996280598365
760.0286280999971,0.13747519999742508,20,159.95781461624992
760.1668301999998,0.13811600000190083,20,159.21567780139418
760.3050540000004,0.13813400000071852,20,159.194930686186
760.442521099998,0.13737570000012056,20,160.0736706382621
760.5797622999999,0.13714790000085486,20,160.33954989746783
760.717115899999,0.13726600000154576,20,160.20159803062936
760.8538427999993,0.13663309999901685,20,160.94366998683506
760.9917255999972,0.13779189999695518,20,159.59016862388808
761.1298196999996,0.13799880000078701,20,159.3508969309486
761.2680360999984,0.13812500000130967,20,159.205303567866
761.4055425999977,0.1374173999975028,20,160.02509548222872
761.5422693,0.13663600000290899,20,160.94025406958508
761.6787917999973,0.13642639999670791,20,161.18751617026209
761.8153198,0.136447799999587,20,161.16223607552894
761.9530264999994,0.1376287000020966,20,159.77941050947229
762.0909904999971,0.1378835999967123,20,159.48403259012917
762.2278852999989,0.13680419999946025,20,160.74237892993605
762.3657430999992,0.13776470000084373,20,159.62167779834257
762.5031896999972,0.13735819999783416,20,160.09406468537543
762.6405692999979,0.1372869000006176,20,160.1772095911633
762.7778032999995,0.13714669999899343,20,160.34095283139436
762.9157397999988,0.13784749999831547,20,159.5257988413916
763.0539566999978,0.1381266999997024,20,159.2033441439445
763.1913440999997,0.13730500000019674,20,160.1560945012089
763.3312078999988,0.13976840000032098,20,157.33336401840117
763.4681248999987,0.1368222999990394,20,160.72111458201178
763.6056310999993,0.137414799999533,20,160.0281232850809
763.7430585999973,0.13732399999935296,20,160.13393547831126
763.8811905999974,0.13804919999893173,20,159.29271995556778
764.0193871999982,0.13811509999868576,20,159.21671530288324
764.1568919999991,0.1374169000009715,20,160.025677739525
764.2936816999973,0.13669469999877037,20,160.8711424489597
764.4302733999975,0.13650069999857806,20,161.0997786513115
764.5668540999977,0.13648539999849163,20,161.11783792085473
764.7045429999998,0.13759700000082375,20,159.81622095967464
764.8426607000001,0.1380250000001979,20,159.32064883527238
764.9808811999974,0.13813719999961904,20,159.1912428772311
765.1184055999984,0.13742079999792622,20,160.02113621701992
765.2557673999981,0.1372702999979083,20,160.19657971065178
765.392988399999,0.1371356999989075,20,160.3538141832884
765.5295762999995,0.1364982000013697,20,161.10272923232202
765.667154499999,0.13748670000131824,20,159.94443502760015
765.8052462999985,0.13800199999968754,20,159.3472018925073
765.9434589999983,0.1381240999980946,20,159.2063409341552
766.081016199998,0.13747420000072452,20,159.95897816029557
766.2183733999991,0.13727640000070096,20,160.18946122864318
766.355115899998,0.13665279999986524,20,160.92046819049216
766.491559099999,0.13635599999906844,20,161.27073656949625
766.6294336999999,0.13777979999940726,20,159.60418403579192
766.7675205999985,0.13798559999850113,20,159.36614078395766
766.905046099997,0.13743929999691318,20,159.9995965929242
767.0416968999998,0.1365674000007857,20,161.02109694841874
767.1794614999999,0.13766430000032415,20,159.73809154202084
767.3167063000001,0.13716109999950277,20,160.32411926996588
767.4532902999999,0.13648210000246763,20,161.12173358354252
767.5912549999994,0.13787719999891124,20,159.49143553606868
767.7292826999983,0.13794549999875017,20,159.41246764642005
767.8671080999993,0.13773710000168649,20,159.65366306718192
768.0037957999994,0.13660449999952107,20,160.97736572072733
768.1409721999989,0.13708390000101645,20,160.41440720140693
768.2777289000005,0.1366682000007131,20,160.90233540359247
768.4143867999992,0.1364199000017834,20,161.19519626705875
768.5521322999994,0.1376440999993065,20,159.76153395336812
768.6902788999978,0.13806119999935618,20,159.27887455434654
768.8281777999982,0.1378103999995801,20,159.56874485225353
768.9656772999988,0.13741579999987152,20,160.0269587306595
769.1034991999986,0.13772919999973965,20,159.662820633254
769.2408041999988,0.13719700000001467,20,160.28216765321145
769.3781629000005,0.13726020000103745,20,160.20836743173763
769.5162627999998,0.13800260000061826,20,159.34650909056413
769.6541765999973,0.13781549999839626,20,159.56283985310722
769.7909825999996,0.13670470000215573,20,160.85937466066076
769.9282683999991,0.1372053999984928,20,160.27235484726958
770.0657212999977,0.13736909999715863,20,160.0813614996011
770.2030516999985,0.13724759999968228,20,160.22307534391064
770.3408748999973,0.1377318999984709,20,159.65969071626932
770.4789203999972,0.13796849999926053,20,159.38589283523314
770.6170794999998,0.13807960000121966,20,159.25764961171498
770.753751799999,0.13658289999875706,20,161.0028236017841
770.8909198999972,0.13708799999949406,20,160.40960956174982
771.0282281999971,0.13722799999959534,20,160.24595968450203
771.165707199998,0.1374041999988549,20,160.04046860069244
771.3036733999979,0.13787509999747272,20,159.49386477995728
771.4418791999997,0.13811320000240812,20,159.21890561609302
771.5802468000002,0.1382779000014125,20,159.02926321050126
771.7172756,0.13693849999981467,20,160.5847336983373
771.8538556999993,0.13650580000103218,20,161.0937597915526
771.9903780999994,0.1364389000009396,20,161.172748793552
772.1274277999983,0.13696499999787193,20,160.55366375250372
772.2654476999996,0.13792359999933979,20,159.43777972461032
772.4033099999979,0.13775840000016615,20,159.62897765576164
772.5415180999989,0.13811010000063106,20,159.22247942344202
772.6790025999981,0.13738999999986845,20,160.057009648017
772.8163735999988,0.1372756999990088,20,160.1902780730951
772.9536131999994,0.13714679999975488,20,160.34083591858726
773.0905817999992,0.13687600000048405,20,160.65805952425723
773.2287857999981,0.13811359999817796,20,159.21844449648768
773.3664180999986,0.13754079999853275,20,159.88152283362163
773.5045124999997,0.13800370000171824,20,159.34523897001463
773.6419515999987,0.1373533000005409,20,160.09977594592485
773.7792014999977,0.13715469999806373,20,160.33160041785257
773.9164203,0.13713230000212207,20,160.3577899238889
774.0538412999995,0.1373414000008779,20,160.1136478540297
774.1920403999975,0.13811379999970086,20,159.2182139334927
774.329875899999,0.1377452999986417,20,159.64415886231214
774.4681801000006,0.13821700000335113,20,159.09933333082643
774.6056188000002,0.13734710000062478,20,160.10700302678376
774.742253999997,0.1365366999998514,20,161.05730221650248
774.8794110999988,0.1370625999988988,20,160.43933615513404
775.0172514999977,0.13774499999999534,20,159.64450655574242
775.1554527999979,0.1381120000005467,20,159.22028900771082
775.2931847,0.13763599999947473,20,159.77093606036155
775.4313938999985,0.13812830000097165,20,159.2015000211058
775.5686420999991,0.13715400000000955,20,160.33241870830213
775.7045703000003,0.1358477000030689,20,161.8741616900634
775.8410387999975,0.13638429999991786,20,161.2372725858713
775.9783190999988,0.1371889000001829,20,160.29163114137282
776.1165180999997,0.1381165000020701,20,159.21510141938444
776.2539932999971,0.13739349999741535,20,160.05293231436482
776.3920809999981,0.13799049999943236,20,159.36048174048548
776.5295594999989,0.13739949999944656,20,160.0459430755467
776.666134799998,0.1364916999991692,20,161.11040125995828
776.8032835999984,0.1370619999979681,20,160.4400384924049
776.9406555999994,0.13728619999892544,20,160.17802631067158
777.0787724000002,0.1380124999996042,20,159.3350787470922
777.2169267999998,0.13807060000181082,20,159.26803066859702
777.3550388999975,0.13803029999689898,20,159.31453134575554
777.4926042999978,0.13738309999826015,20,160.06504843607757
777.6297943999998,0.13711280000279658,20,160.3805957946412
777.7671226999992,0.1372332999999344,20,160.23977092681233
777.9047434999993,0.13753060000090045,20,159.8933804940575
778.0428147999992,0.13798809999934747,20,159.3632534662336
778.1809770999971,0.13808129999961238,20,159.25568889908865
778.319093099999,0.1380314999987604,20,159.31314631600384
778.4562608999986,0.13706480000109877,20,160.43676097250145
778.5928075999982,0.13646220000009635,20,161.1452296350526
778.7293840999992,0.13647910000145203,20,161.1252752640224
778.867001999999,0.13753450000149314,20,159.88884647329405
779.0050824999998,0.13799830000061775,20,159.35147429657874
779.1431071999978,0.13790479999806848,20,159.45951522954965
779.2812110999985,0.13801429999875836,20,159.33300067976893
779.4186850999977,0.1373834000005445,20,160.06469890418234
779.5554220999984,0.13664649999918765,20,160.9278873271597
779.6919845999982,0.13646499999958905,20,161.14192324468706
779.8291793999997,0.13709910000034142,20,160.3966222642252
779.967385099997,0.13811779999741702,20,159.21360285156038
780.1052320999988,0.13776549999965937,20,159.62075088156593
780.2437218999985,0.13825880000149482,20,159.05123258181212
780.3804185999979,0.1365896999996039,20,160.99480821455623
780.5176226999974,0.13709199999721022,20,160.4049292151803
780.6548680999986,0.13714679999975488,20,160.34083591858726
780.7927187999994,0.13774499999999534,20,159.64450655574242
780.9308545999993,0.13802790000045206,20,159.31730146910863
781.0689034999996,0.137955599999259,20,159.4007967464758
781.2071585999984,0.1381450999979279,20,159.18213932922586
781.3444482999985,0.13718019999942044,20,160.30179687457013
781.481009799998,0.13646399999925052,20,161.14310408342695
781.6183333999979,0.13721480000094743,20,160.2613752697826
781.7561066999988,0.13766250000116997,20,159.7401801894714
781.8942257999988,0.13801519999833545,20,159.33196166643395
782.0324006999981,0.13808119999885093,20,159.25580423477632
782.1706639000004,0.1381775000008929,20,159.1448141367292
782.307457699997,0.13668239999969956,20,160.8856191840964
782.4440066999996,0.13646019999941927,20,161.1475914267573
782.581049999997,0.13695430000007036,20,160.56620752695392
782.718901799999,0.137766299998475,20,159.6198239755544
782.8567758999998,0.13779120000253897,20,159.59097935945692
782.9945646999986,0.13769269999829703,20,159.70514454137347
783.1324337999977,0.1377744999990682,20,159.6103237948149
783.2691454999986,0.13661670000146842,20,160.96299028803682
783.4063829999977,0.13714079999772366,20,160.3478509377589
783.5432623999986,0.13678109999818844,20,160.76952558366062
783.6813575999986,0.13800410000112606,20,159.34477711416233
783.8194077999979,0.1379659999984142,20,159.38878097337576
783.9575361999996,0.1380353999993531,20,159.30864514192052
784.0950008999971,0.13739029999851482,20,160.0566601554674
784.2322411999994,0.1371437000016158,20,160.34446026511546
784.3695748999999,0.13724659999934374,20,160.22424275446642
784.5070338000005,0.13735700000324869,20,160.09546331821383
784.6451215999987,0.13799139999900945,20,159.35944236871177
784.7833245999973,0.13809979999859934,20,159.2343548342795
784.9213660999994,0.13795830000162823,20,159.39767708981964
785.0588009999992,0.1373492000020633,20,160.10455506977584
785.1955491999979,0.13664989999961108,20,160.9238832635998
785.3321192000003,0.13647860000128276,20,161.12586555924017
785.4687655999987,0.1365576999996847,20,161.03253463972206
785.6067311999977,0.13786179999806336,20,159.50925169864976
785.7448893000001,0.1380726000024879,20,159.26572364917996
785.8829695999993,0.13799610000205575,20,159.35401475253582
786.020662699997,0.13759859999845503,20,159.8143626153675
786.1580920999986,0.1373371000008774,20,160.11866098366366
786.2954476999985,0.13726099999985308,20,160.20743368869188
786.4327816999976,0.1372467000001052,20,160.22412601179587
786.5708543999972,0.13798789999782457,20,159.36348444948206
786.7085332999995,0.13759679999930086,20,159.81645325786454
786.8464036999976,0.13778520000050776,20,159.59792891717663
786.9838774999989,0.13738670000020647,20,160.0608541837525
787.121247199997,0.1372769999979937,20,160.18876108773784
787.2587036000004,0.13737440000113565,20,160.0751854445822
787.3965411999998,0.1377572000019427,20,159.63036817828677
787.5346131999977,0.13799169999765581,20,159.35909591586716
787.6723375000001,0.1376337000001513,20,159.773605995449
787.8100549999981,0.1376377999986289,20,159.76884660855563
787.9474211999986,0.13727830000061658,20,160.1872441268666
788.0847718000005,0.13725040000281297,20,160.219806682307
788.2221562999985,0.1373037999983353,20,160.15749422657356
788.3600106999984,0.13777219999974477,20,159.61298836456658
788.4980663999995,0.13796720000027562,20,159.38739465232365
788.636237499999,0.13808480000079726,20,159.2516522846326
788.7736741999979,0.13735559999986435,20,160.0970950987198
788.9103531999972,0.13658579999901121,20,160.99940517739907
789.0477022999985,0.1372546999991755,20,160.21478722150934
789.185079699997,0.13728549999723327,20,160.1788430385086
789.3230784999978,0.13792040000043926,20,159.44147896504043
789.4609163999994,0.13774190000185627,20,159.64809949059546
789.5997529999986,0.13874479999867617,20,158.49410252297614
789.7368220999997,0.1369847000023583,20,160.5305742549454
789.8734035999987,0.13647610000043642,20,161.12881710020787
790.0099383999986,0.1364523999982339,20,161.15680307421943
790.1472393000004,0.13720260000263806,20,160.27562564482875
790.2854025999986,0.13806750000003376,20,159.27160668162037
790.4230712999997,0.1375642000020889,20,159.85432659940653
790.5611204999987,0.13794760000018869,20,159.41004088139206
790.6985964999985,0.13737870000113617,20,160.0701750368735
790.835892199997,0.13718689999950584,20,160.2939679779863
790.9725680999982,0.1365741000008711,20,161.0131976368853
791.1102957000003,0.13762230000065756,20,159.78684090743238
791.2483955999996,0.13800460000129533,20,159.3441997970618
791.3865428999998,0.1380262999991828,20,159.31914827572857
791.5246647999993,0.1380191999996896,20,159.3273439896004
791.6624305000005,0.13766620000023977,20,159.73588691691717
791.7986149999997,0.1360872000004747,20,161.58927919336494
791.935218999999,0.13649549999900046,20,161.10591598756758
792.0725745999989,0.137269800001377,20,160.19716321652257
792.2106203999974,0.1379724999969767,20,159.38127203610762
792.3488889999971,0.1381889999975101,20,159.1315702112051
792.4865585999978,0.1375793999977759,20,159.83666563363042
792.6243469999972,0.13769739999770536,20,159.69969335576744
792.7610038999992,0.1365661000018008,20,161.0226297392254
792.8976333999999,0.13652709999951185,20,161.06862707549362
793.0343532999977,0.1366307999996934,20,160.94637926125986
793.1722441999991,0.13780029999907129,20,159.58044035947822
793.310596299998,0.13825659999929485,20,159.05376347770854
793.4483158000003,0.13762960000167368,20,159.7783656659075
793.5858109999972,0.13741529999970226,20,160.02754100575154
793.7230653000006,0.13716060000297148,20,160.3247037053177
793.8604014999983,0.13725369999883696,20,160.21595451129068
793.997531099998,0.13703589999931864,20,160.47059606737605
794.1355253000002,0.13790690000314498,20,159.45708702768687
794.2745061999995,0.1389015000022482,20,158.3152993679987
794.4121579999992,0.13756199999988894,20,159.85688311843208
794.5494708999977,0.13723679999748128,20,160.23568427654672
794.6866697999976,0.13711509999848204,20,160.37790553894828
794.8239928000003,0.13724090000323486,20,160.23089731269377
794.9612563999981,0.13718359999984386,20,160.29782390566385
795.0993434999982,0.13799490000019432,20,159.35540049298223
795.237588699998,0.13814730000012787,20,159.17960434622788
795.3755464999995,0.13786489999984042,20,159.5056650064335
795.5130437999978,0.1373886000001221,20,160.05864064049317
795.6497380999972,0.13660859999799868,20,160.97253434880497
795.7862026999974,0.1363670999999158,20,161.25760946396585
795.9233566000003,0.13705960000152118,20,160.44284789446297
796.0614671999974,0.13801880000028177,20,159.32780574439934
796.1997335999986,0.1381294999991951,20,159.20011696015797
796.3371349999979,0.13731919999918318,20,160.13953296881138
796.4746148999984,0.13739469999927678,20,160.051534416071
796.6120991999996,0.1373955000017304,20,160.05060249602826
796.7487627999981,0.13657139999850187,20,161.01638085105097
796.8864259000002,0.13758030000099097,20,159.83562003689198
797.0247267999985,0.1382180000000517,20,159.09818225926998
797.1628493999997,0.13802530000248225,20,159.32030254688473
797.2994622000006,0.13652240000010352,20,161.07417211756697
797.4366282999981,0.13707939999949303,20,160.41967323756396
797.5739826999998,0.13726669999959995,20,160.20078107497366
797.7113344999998,0.13726540000061505,20,160.2022982879988
797.8491656000006,0.13774310000007972,20,159.64670865914354
797.9873894999982,0.13813129999834928,20,159.19804241169663
798.1256141999984,0.13812870000037947,20,159.20103899811977
798.2623899999999,0.1366888000011386,20,160.87808624654562
798.3989903999973,0.1365014999973937,20,161.0988344885578
798.5355743999971,0.13648409999950672,20,161.11937255401529
798.6727891999981,0.13711379999949713,20,160.37942610882823
798.8111986000004,0.13829970000006142,20,159.0041956382424
798.9492535999998,0.13795030000255792,20,159.4069208628923
799.0874760999977,0.13813160000063363,20,159.19769665608106
799.2245088999989,0.13694160000159172,20,160.58109847748528
799.3610750999978,0.13647610000043642,20,161.12881710020787
799.4975377999981,0.13636469999983092,20,161.26044757585552
799.6342718999986,0.13664109999808716,20,160.9342471322892
799.7726432999989,0.13827350000065053,20,159.03432368036206
799.9112112999974,0.138484499999322,20,158.79201322622865
800.0489753000002,0.1376696000006632,20,159.7319419495231
800.1864478999996,0.13738379999995232,20,160.06423286826856
800.3236585999985,0.13713300000017625,20,160.35697137444478
800.460347799999,0.13660520000121323,20,160.97654082951965
800.5970871999998,0.13665540000147303,20,160.91740652241307
800.7351858999973,0.13801189999867347,20,159.33577144964576
800.8736609999978,0.1383824000004097,20,158.90917165372835
801.0116949000003,0.13794310000230325,20,159.41524117663607
801.1489313999991,0.13715049999882467,20,160.33651029860226
801.2864122999999,0.13739300000088406,20,160.0535147742498
801.423116599999,0.1366152000009606,20,160.96475762115324
801.5602011999981,0.13699579999956768,20,160.51756736768132
801.6984541999991,0.1381580999986909,20,159.16716106929937
801.8365644000005,0.13802170000053593,20,159.32445807749517
801.9740087999999,0.13735530000121798,20,160.09744476787574
802.1114732999995,0.13737989999935962,20,160.06877684160858
802.2487810999992,0.13723519999985,20,160.2375524322042
802.3861365999983,0.13725939999858383,20,160.209301189914
802.5234343999982,0.13721919999807142,20,160.25623641464946
802.6618191999987,0.13829619999887655,20,159.00821971752396
802.8007633999987,0.1388474999985192,20,158.37687070890385
802.9382017999997,0.1373447000005399,20,160.1098007817816
803.0755637999973,0.13727119999748538,20,160.1955294040034
803.2130155999985,0.1373740999988513,20,160.07553502227768
803.3503378999994,0.13723939999908907,20,160.23264861013644
803.4881425999993,0.13772400000016205,20,159.66884896963583
803.6265920999977,0.13835619999736082,20,158.93926369717778
803.7643704000002,0.1376884000019345,20,159.71013211869004
803.9015928999979,0.13712419999865233,20,160.36726234855792
804.0388418000002,0.1371532000011939,20,160.33335390883025
804.1763014999997,0.13737380000020494,20,160.07588459726088
804.3136311999988,0.1372494999995979,20,160.2208573115707
804.4514535999988,0.13773940000100993,20,159.65099713922643
804.5898916000006,0.1383540000024368,20,158.94179102254137
804.7283007999977,0.1382960999981151,20,159.00833469504718
804.865230899999,0.13684180000200286,20,160.69821176861268
805.0023363,0.1370177999997395,20,160.49179417244918
805.1398317999992,0.13740010000037728,20,160.0452441843901
805.2773345999994,0.13741070000105537,20,160.03289813203125
805.4151932999994,0.13777330000084476,20,159.61171399237128
805.5534127999999,0.13812640000105603,20,159.20368991989855
805.691603299998,0.13811659999919357,20,159.2149861468382
805.8287909999999,0.13710920000085025,20,160.38480682101297
805.9653297999976,0.1364529999991646,20,161.15609444757263
806.102509999997,0.13709909999670344,20,160.39662226848137
806.239841999999,0.13725020000129007,20,160.2200401552297
806.3777456999997,0.13780880000194884,20,159.57059748875994
806.5160236999982,0.13819359999979497,20,159.12627325399026
806.6541773999998,0.13807029999952647,20,159.26837672979212
806.7908472999989,0.1365665999983321,20,161.02204020447584
806.9273766000006,0.1364493000000948,20,161.16046440329646
807.0644536999971,0.13699929999711458,20,160.5134665358374
807.2017799999994,0.13724390000061248,20,160.22739484539468
807.3398326999995,0.1379622999993444,20,159.39305560739783
807.4780662999983,0.13815009999962058,20,159.17637812481058
807.6164164000002,0.13820560000021942,20,159.1124567708189
807.7532011999974,0.13669539999682456,20,160.8703186503045
807.8897612000001,0.13646560000051977,20,161.1412147488909
808.0263192999992,0.1364629000017885,20,161.14440302259288
808.1635324999988,0.1371343999999226,20,160.3553342963721
808.301593799999,0.13798450000103912,20,159.36741123353997
808.4399838999998,0.13831080000090878,20,158.99143490873823
808.5779325999974,0.13784759999907692,20,159.52568311430343
808.7145879999989,0.13655540000036126,20,161.03524690683653
808.8511737999979,0.13648939999984577,20,161.11311615074024
808.9883176999974,0.13705339999796706,20,160.4501059867627
809.1257928999985,0.13738350000130595,20,160.06458239388985
809.2638963999998,0.1380103000010422,20,159.33761868030098
809.4026836999983,0.13869630000044708,20,158.54952551329137
809.5407708999992,0.1379945000007865,20,159.35586241041975
809.6775615999977,0.13669300000037765,20,160.87314314163302
809.8141479000005,0.13648900000043795,20,161.1135883144388
809.950729799999,0.13648870000179159,20,161.1139424379553
810.0885089999974,0.13768159999744967,20,159.71802009801843
810.2265578999977,0.13796219999858295,20,159.39317114213796
810.3652213999994,0.13856880000093952,20,158.69541018880804
810.5041194999976,0.13880149999749847,20,158.42935815474843
810.6409196999994,0.13666730000113603,20,160.9033949989296
810.7769205000004,0.13589649999994435,20,161.81603319827224
810.9133142999999,0.13628670000252896,20,161.3527406204123
811.0506461999976,0.13723119999849587,20,160.2422230204285
811.1889383999987,0.13818520000131684,20,159.13594621790497
811.3274734999977,0.13843119999728515,20,158.85315272822356
811.4651193999998,0.13753400000132388,20,159.88942774374576
811.6023786999976,0.13716019999992568,20,160.32517126347085
811.7391032999985,0.1366237000002002,20,160.95474325089847
811.875673999999,0.1364657999984047,20,161.1409785878738
812.0124385999989,0.13666190000003553,20,160.9097528683143
812.150707599998,0.13816679999945336,20,159.157138730918
812.2897032999972,0.1389136999969196,20,158.3013954419732
812.4277078999985,0.1379224999982398,20,159.43905132085516
812.5651426999975,0.13735129999986384,20,160.1021071918635
812.7018404999981,0.1366009999983362,20,160.981490295004
812.8383880000001,0.13645910000195727,20,161.1488904382675
812.9752824999996,0.13680749999912223,20,160.73850158552048
813.1135505999991,0.13817140000173822,20,159.15184007141391
813.2525849999984,0.13893679999819142,20,158.27507583164612
813.3906853999979,0.13801889999740524,20,159.32769030859845
813.5281560999974,0.13738889999876847,20,160.0582911408208
813.6654118999977,0.13716569999814965,20,160.31874262892725
813.8020818000005,0.13658120000036433,20,161.00482757115432
813.9394171999993,0.13723880000179633,20,160.23334913473573
814.0775472999994,0.13803620000180672,20,159.30772185290652
814.2158734999975,0.1382406999982777,20,159.07205733039524
814.3535996999999,0.1376436000027752,20,159.7621142942834
814.4901390999985,0.13645900000119582,20,161.14900853243316
814.6266715999991,0.13645000000178698,20,161.15963763453288
814.7632142999973,0.13645729999916512,20,161.1510161468426
814.9004185999984,0.13712350000059814,20,160.36808100306715
815.0386240999978,0.13805709999724058,20,159.2836047980113
815.1768563999976,0.1381440000004659,20,159.18340684681084
815.315084599999,0.13814469999852008,20,159.18260024275688
815.4516662999995,0.13649720000103116,20,161.1039094967067
815.5881071999975,0.13635269999940647,20,161.2746396339473
815.7246462000003,0.13645810000161873,20,161.15007137912033
815.8619025999978,0.1371627999978955,20,160.32213220973472
816.0000550999976,0.1380591999986791,20,159.28118195477296
816.1384488000003,0.13831260000006296,20,158.98936579537937
816.2759971999985,0.1374666999981855,20,159.96770531197927
816.4130946000005,0.13701470000160043,20,160.49542534679225
816.5497011999978,0.13652279999951134,20,161.0737001848681
816.6862237999994,0.13644080000085523,20,161.17050439005166
816.8233146999992,0.13701009999931557,20,160.5008138497078
816.9615322999998,0.13812250000046333,20,159.2081851649531
817.1001808000001,0.13856070000110776,20,158.70468722620623
817.237990499998,0.13771219999762252,20,159.6825303487973
817.3746479999973,0.1365572999966389,20,161.03300633551814
817.5110859999986,0.13634369999999763,20,161.28528531586267
817.6476874999971,0.13650869999764836,20,161.09033750888278
817.7852196999993,0.13743330000215792,20,160.0065817758485
817.9233091999995,0.13800239999909536,20,159.34674002527603
818.0615488999974,0.13814780000029714,20,159.1790282253695
818.199738299998,0.13809760000003735,20,159.23689155723238
818.3372046999975,0.13738459999876795,20,160.0633008045822
818.4738821999999,0.13659740000002785,20,160.9857329313407
818.6104116999995,0.13645069999984116,20,161.1588108785488
818.748219699999,0.13771529999939958,20,159.67893585982003
818.886203799997,0.13788619999832008,20,159.4810253367481
819.0244526999995,0.13815360000080545,20,159.17234552984357
819.1619452999985,0.13739210000130697,20,160.05456321950692
819.2992950999978,0.13726279999900726,20,160.20533280451107
819.4366579999987,0.13726949999909266,20,160.19751332718013
819.5734362999974,0.1366877000000386,20,160.87938092098844
819.7114570999984,0.1379302999994252,20,159.43003499312076
819.8495447999994,0.1379947000023094,20,159.3556314492657
819.9878003999984,0.13816640000004554,20,159.1575994996812
820.1252477999988,0.1373569999996107,20,160.09546332245407
820.2624800999984,0.13713769999958458,20,160.3514756014328
820.3999250999987,0.13736229999994976,20,160.08928618353104
820.5371248999982,0.13711780000085128,20,160.37474751916585
820.6751382000002,0.13793280000027153,20,159.42714535974557
820.8129752999994,0.137742499999149,20,159.64740407394856
820.9511991999971,0.1381301999972493,20,159.1993101867507
821.0886369999971,0.13734499999918626,20,160.10945105865002
821.225292199997,0.1365635999973165,20,161.02557750346443
821.3624201999992,0.13703829999940353,20,160.46778568922494
821.4996662999984,0.1371527999981481,20,160.33382151743837
821.6377460999975,0.13798209999731625,20,159.370183204544
821.7756133999974,0.13776959999813698,20,159.61600059677437
821.9138418999974,0.13813029999801074,20,159.19919493287634
822.0511377999974,0.1372051999969699,20,160.2725884733643
822.1877074999975,0.13647649999984424,20,161.12834484724547
822.3242423999982,0.13645329999781097,20,161.15574013873447
822.4611824999993,0.13687080000090646,20,160.66416325011883
822.5992469999983,0.13798429999951622,20,159.36764222884125
822.7375431999972,0.1382047999977658,20,159.11337779784415
822.8750913999975,0.13745339999877615,20,159.98318379695078
823.012584199998,0.13740340000003926,20,160.0414003984888
823.1498997999988,0.1372297999987495,20,160.24385778978316
823.2864814999994,0.13650570000027074,20,161.09387780492966
823.4236270000001,0.13707430000067689,20,160.4256418264504
823.5617633000002,0.13806980000299518,20,159.26895349339944
823.6999503999978,0.13810609999927692,20,159.2270910237501
823.8376610999985,0.13763290000133566,20,159.77453468833832
823.9751402000002,0.13739890000215382,20,160.04664196856953
824.112469599997,0.1372410999974818,20,160.23066381662267
824.2497650999976,0.13721280000027036,20,160.263711224293
824.387090199998,0.13725239999985206,20,160.2174720117368
824.5254376999983,0.138237899998785,20,159.0752793243624
824.6636337999989,0.13810500000181491,20,159.22835925731155
824.8002992000002,0.1365710999998555,20,161.0167345473769
824.937364399997,0.13698609999846667,20,160.52893363462528
825.0747381999972,0.13728489999994054,20,160.17954309271832
825.212087099997,0.13726429999951506,20,160.2035821083682
825.3499694999991,0.1377978999989864,20,159.58321974196815
825.4880771999997,0.1380183000001125,20,159.32838294271176
825.626277899999,0.13811799999893992,20,159.2133723025875
825.7637269999977,0.13736109999808832,20,160.09068474135722
825.900363599998,0.13655709999875398,20,161.03324218016238
826.0375786999975,0.13712939999822993,20,160.36118116030443
826.1748315999976,0.1371791999990819,20,160.30296543256685
826.3130033999987,0.13808140000037383,20,159.25557356356805
826.4511827999995,0.1380998999993608,20,159.23423952965777
826.5892929000001,0.13802810000197496,20,159.31707061971696
826.7266595000001,0.13727480000306969,20,160.1913283066394
826.8638710999985,0.13712669999949867,20,160.36433864156575
827.0012174999974,0.1372570999992604,20,160.21198579627935
827.1387006000004,0.13738950000333716,20,160.05759213757867
827.2767750999992,0.1379835000007006,20,159.36856620833902
827.4149400999995,0.13806960000147228,20,159.26918420336926
827.553055299999,0.13801999999850523,20,159.32642048803186
827.6902867999997,0.1371513000012783,20,160.33557505699943
827.8277204000005,0.13734880000265548,20,160.1050213405202
827.9654086999981,0.1376135999998951,20,159.79694271159804
828.1025436999989,0.13705249999838998,20,160.45115963428853
828.2399537999991,0.1373122000004514,20,160.14769667551542
828.3780178999987,0.13798010000027716,20,159.37249324703944
828.5157037999998,0.13761330000124872,20,159.79729107085188
828.6524327999978,0.1366476999974111,20,160.92647410777218
828.7888069,0.13628980000066804,20,161.34907054975656
828.9258467999971,0.13694919999761623,20,160.57218702922518
829.0636376999973,0.13774559999728808,20,159.6438111703963
829.2016739999999,0.13794939999934286,20,159.40796085829118
829.3398235999994,0.13807019999876502,20,159.26849208385804
829.4779065000002,0.13800990000163438,20,159.33808049465713
829.6153167999983,0.1373353999988467,20,160.12064300759064
829.7526150999984,0.1372129000010318,20,160.26359442410035
829.8891861999982,0.13649589999840828,20,161.10544386883734
830.0271121000005,0.13785100000313832,20,159.52174851846829
830.1651435999993,0.13794789999883506,20,159.409694208507
830.303262399997,0.13804469999740832,20,159.2979126031847
830.4406638,0.1373280000007071,20,160.1292712003872
830.5773697999975,0.13662489999842364,20,160.95332955979268
830.7139548999985,0.13650259999849368,20,161.09753627962152
830.8504673999996,0.13643550000051619,20,161.17676525124915
830.9880064999998,0.13745879999987665,20,159.97689893655215
831.1260526000005,0.13796580000052927,20,159.38901202642714
831.2642276999977,0.13808419999986654,20,159.25234426198838
831.4022664999975,0.13797079999858397,20,159.38323584226293
831.5395428999982,0.1372057999979006,20,160.27188760137307
831.6768644000003,0.1372393000019656,20,160.2327653609793
831.8141644999996,0.1372259000017948,20,160.24841196328381
831.9517555999992,0.13751609999962966,20,159.910240005201
832.0899322000005,0.13809970000147587,20,159.2344701348735
832.2281063999981,0.1380959999987681,20,159.2387365000881
832.365710099999,0.1375307000016619,20,159.89326423303507
832.5030211999983,0.13724319999892032,20,160.22821207675858
832.6397192999975,0.136616599997069,20,160.96310811418076
832.7759391,0.13613550000081887,20,161.53194835577588
832.9133817000002,0.13734970000223257,20,160.1039722341043
833.0514466999994,0.13798210000095423,20,159.3701832003421
833.1896519000002,0.13811320000240812,20,159.21890561609302
833.3270869999978,0.1373448999984248,20,160.10956763427112
833.4645643000003,0.13739630000054603,20,160.04967059107565
833.6020209999988,0.13736770000105025,20,160.08299298417222
833.739262199997,0.1371475999985705,20,160.33990063077448
833.8770482999971,0.13770219999787514,20,159.69412657066718
834.0151420000002,0.1379914999997709,20,159.35932688286243
834.1533170999974,0.13809939999919152,20,159.23481605024162
834.2908640999995,0.13744790000055218,20,159.98958554791784
834.4284248999975,0.13747999999759486,20,159.9522298218265
834.5657242999987,0.13722609999967972,20,160.24817841191526
834.7031551,0.13735240000096383,20,160.10082499734762
834.841000999997,0.13776139999754378,20,159.62550145332494
834.9793136999979,0.13823629999751574,20,159.07712052416903
835.1174548999988,0.13805860000138637,20,159.28187418457944
835.2547586999972,0.1372187999986636,20,160.25670356929348
835.3920379999981,0.13720029999967664,20,160.2783124787032
835.5291856999975,0.13707520000025397,20,160.4245885140365
835.6663468999977,0.13708369999949355,20,160.4146412418197
835.8043723999981,0.13792589999866323,20,159.43512100144446
835.9427017999988,0.13824039999963134,20,159.0724025362965
836.0802666999989,0.13746959999843966,20,159.96433070125755
836.2176460999981,0.13728070000070147,20,160.18444366475137
836.3551038000005,0.13736250000147265,20,160.08905309152237
836.4923062999987,0.13711530000000494,20,160.37767160571585
836.6295823999972,0.1371940999997605,20,160.28555568758705
836.7677069999991,0.1380207000001974,20,159.32561242979168
836.9058995999985,0.1381065999994462,20,159.22651455910275
837.0433692000006,0.1373784000024898,20,160.07052458844663
837.1800857999988,0.1366295000007085,20,160.94791062988568
837.3166807999987,0.13650540000162437,20,161.09423184180497
837.4531997999984,0.13644080000085523,20,161.17050439005166
837.5899871999973,0.13670169999750215,20,160.86290482065556
837.7283360999973,0.13826609999887296,20,159.04283519748694
837.8667392999996,0.13831310000023223,20,158.9887910507615
838.0041659999988,0.13733649999994668,20,160.11936051616678
838.1415132999973,0.13725359999807552,20,160.21607124205363
838.2789840000005,0.13738000000012107,20,160.06866032537937
838.4162268,0.13714360000085435,20,160.34457718320803
838.5536716999995,0.1373568000017258,20,160.09569642888965
838.6917871999976,0.13800789999731933,20,159.34038961499405
838.8299740999973,0.13810199999716133,20,159.23181819214787
838.9674302999993,0.13735620000079507,20,160.09639576074989
839.1049778999986,0.13742899999851943,20,160.01158820741554
839.2424715999987,0.13739619999978459,20,160.0497870796607
839.379834299998,0.13727119999748538,20,160.1955294040034
839.5176754999993,0.13774740000008023,20,159.64172503805656
839.6557689999972,0.13799680000010994,20,159.3532064185726
839.7940075999977,0.1381368999973347,20,159.19158860481372
839.9315482999991,0.13744280000173603,20,159.99552217535035
840.0683547999979,0.13670920000004116,20,160.85407972187224
840.2050027999976,0.13654639999731444,20,161.04586101100065
840.3416173000005,0.13652100000035716,20,161.0758239059373
840.4786791000006,0.1369611000009172,20,160.5582355528156
840.6167537000001,0.13798010000027716,20,159.37249324703944
840.7549435999972,0.13809819999733008,20,159.23619971835365
840.8924187999983,0.13738369999919087,20,160.0643493780522
841.0298194999996,0.13731130000087433,20,160.14874635503398
841.1672302999978,0.13730829999985872,20,160.15224538897232
841.3047055999996,0.13737140000012005,20,160.07868126481046
841.4420857999976,0.13728919999994105,20,160.1745261501228
841.5801938000004,0.1380053000029875,20,159.34339155846885
841.7184127,0.1381266999997024,20,159.2033441439445
841.8558717999986,0.13736929999868153,20,160.08112843066874
841.9930834000006,0.13712170000144397,20,160.3701861579052
842.1304428999974,0.13726829999723122,20,160.19891377662253
842.2678104999977,0.13727799999833223,20,160.18759419416915
842.4056595999973,0.13776510000025155,20,159.62121433860858
842.5437583999992,0.13800740000078804,20,159.3409669002853
842.6819474999975,0.13809810000020661,20,159.23631502161942
842.8193298000006,0.13730770000256598,20,160.15294521071326
842.955971899999,0.13656120000086958,20,161.0284074494071
843.0931754999983,0.13712029999805964,20,160.3718235434956
843.2304831999973,0.1372194999967178,20,160.25588605151597
843.3681053,0.13753970000107074,20,159.88280151366337
843.5062665000005,0.1380754000019806,20,159.26249393595504
843.6444641999988,0.1381093999989389,20,159.22328643589034
843.7818877999998,0.13733230000070762,20,160.12425740635447
843.9185472999998,0.13656690000061644,20,161.02168648055084
844.0556911999993,0.13705029999982798,20,160.4537352749144
844.1931583000005,0.13738030000240542,20,160.06831077770954
844.3311944999987,0.13795380000010482,20,159.40287658261892
844.4693526999981,0.13807660000020405,20,159.2611098150411
844.6075072999993,0.13806860000113375,20,159.27033775485106
844.7451851999976,0.1375965000006545,20,159.81680170219013
844.8817718999999,0.13651210000170977,20,161.08632535317076
845.0183023999998,0.13644990000102553,20,161.1597557444507
845.1559923999994,0.13760919999913312,20,159.80205215682184
845.2940065999974,0.1379385000000184,20,159.42055738983004
845.4321700999972,0.13809069999842905,20,159.24484817420844
845.5701205000005,0.13786720000280184,20,159.5030040145379
845.7074987999986,0.13729329999841866,20,160.1697428481454
845.8447124999984,0.13713279999865335,20,160.3572052472927
845.9813340999972,0.13653299999714363,20,161.06166682032952
846.1185998999972,0.13718479999806732,20,160.29642173061302
846.2567144999994,0.1380161000015505,20,159.33092266244995
846.3949040999978,0.13810609999927692,20,159.2270910237501
846.5329251999974,0.13793839999925694,20,159.42067296444253
846.670371799999,0.13737029999902006,20,160.07996310466578
846.8078399000005,0.1373814000035054,20,160.06702912445863
846.9450990000005,0.13716160000331,20,160.32353483037033
847.0825642999989,0.13734290000138571,20,160.11189916113707
847.2206555999983,0.13800310000078753,20,159.3459317609134
847.3588988999982,0.13814490000004298,20,159.18236978356174
847.4963508000001,0.13736510000308044,20,160.08602297837564
847.6337163999997,0.1372814999995171,20,160.18351020055397
847.7712496999993,0.1374309999991965,20,160.00925959680544
847.9086723999972,0.13730999999825144,20,160.1502625868475
848.046492999998,0.13772450000033132,20,159.66826930188236
848.1846917999974,0.1381106999979238,20,159.2217877097906
848.3228894999993,0.1381135000010545,20,159.2185597740417
848.4602916999975,0.13732099999833736,20,160.1374338650771
848.5976547999999,0.13728030000129365,20,160.1849104009299
848.7349073999976,0.13716679999924963,20,160.31745696218252
848.8716194999979,0.13662809999732417,20,160.94955983396295
849.0088415999999,0.13712890000169864,20,160.36176586589409
849.1470532999992,0.13812200000029407,20,159.20876149688812
849.2852810999975,0.13813399999708054,20,159.19493069037867
849.4227279999977,0.1373457999980019,20,160.10851846827435
849.5603354999985,0.13751330000013695,20,159.9134960436416
849.6977130999985,0.13728379999884055,20,160.18082654840353
849.8352106999992,0.13740260000122362,20,160.0423322071356
849.9729579999985,0.13765150000108406,20,159.7529453391123
850.1111695,0.1381208000020706,20,159.21014470804062
850.2493883999996,0.13811139999961597,20,159.22098071253455
850.3862004999974,0.13671590000012657,20,160.84619678837387
850.5228729999981,0.13658080000095651,20,161.0052991003567
850.6594224999972,0.13646539999899687,20,161.14145091489596
850.7966314999976,0.13709739999831072,20,160.3986111756383
850.9345902999994,0.13787260000026436,20,159.4967568282446
851.0728020999995,0.13812809999944875,20,159.20173053569667
851.2110202999975,0.1381239000002097,20,159.20657145857174
851.3484299999982,0.13732669999808422,20,160.13078706345362
851.4856069999987,0.13710100000025705,20,160.39439942435703
851.6221783000001,0.13649079999959213,20,161.11146359744183
851.7593233999978,0.13705389999813633,20,160.44952063253234
851.8972955999998,0.13789060000272002,20,159.47593639512934
852.0355057999986,0.13812759999927948,20,159.20230682090116
852.1737297,0.13812520000283257,20,159.205073042928
852.3112451999987,0.13742009999987204,20,160.0219513414739
852.4479064999978,0.13657139999850187,20,161.01638085105097
852.5843960999991,0.13642049999907613,20,161.19448730703175
852.7211567999984,0.13666680000096676,20,160.9039836695119
852.8592619999981,0.1380007999978261,20,159.34858751446663
852.9973862999977,0.13803220000045258,20,159.31233839240338
853.1355976999985,0.13813630000004196,20,159.1922800560991
853.2729561999986,0.13729389999934938,20,160.1690428753514
853.4095925999973,0.13654219999807538,20,161.05081473588356
853.5460366999978,0.1363801000006788,20,161.24223809346486
853.6832684000001,0.13715010000305483,20,160.33697791711563
853.8215782999978,0.1382166999974288,20,159.09967866349783
853.9598125999983,0.13815749999776017,20,159.16785231258896
854.0977467999983,0.13785429999916232,20,159.51792984080748
854.2342661999974,0.1364395999989938,20,161.17192190304112
854.3707985999972,0.13645329999781097,20,161.15574013873447
854.5073293999994,0.13644990000102553,20,161.1597557444507
854.6449696999989,0.1375499999994645,20,159.87082919378852
854.7831095000001,0.13803750000079162,20,159.30622153685692
854.9212874000004,0.13809980000223732,20,159.23435483008478
855.0593469999985,0.13796709999951418,20,159.38751017885738
855.196021599997,0.13658749999740394,20,160.99740134300694
855.3325798000005,0.13646320000043488,20,161.14404876516105
855.469151199999,0.13647219999984372,20,161.13342171918663
855.6063974999997,0.13716829999975744,20,160.31570381464877
855.7446128999982,0.13812880000114092,20,159.20092374174226
855.8828164000006,0.13811760000317008,20,159.21383339281365
856.0210762999995,0.13817510000080802,20,159.14757836535966
856.1579094999979,0.13673559999733698,20,160.82302308943883
856.2943618999998,0.13635860000067623,20,161.26766155864715
856.4309240999974,0.1364655999968818,20,161.1412147531867
856.5684942999978,0.137473200000386,20,159.9601417255018
856.7065129999974,0.13794789999883506,20,159.409694208507
856.8447167999984,0.13811680000071647,20,159.21475559385917
856.9828807999984,0.13807679999808897,20,159.26087913265917
857.119832999997,0.1368719999991299,20,160.66275465880378
857.2562863999992,0.13638480000008713,20,161.23668147407886
857.3927143999972,0.13636429999678512,20,161.26092060780155
857.5302226999993,0.1374351000013121,20,160.00448615608428
857.6681858999982,0.13790789999984554,20,159.45593077368758
857.8064319999976,0.1381650000002992,20,159.1592122134577
857.9446630999992,0.13815790000080597,20,159.167391480268
858.0817214999988,0.13698070000100415,20,160.53526194098
858.2182519999988,0.13643579999916255,20,161.17641085151388
858.3547856000005,0.13644879999992554,20,161.16105495637925
858.4923371999976,0.13747769999827142,20,159.95490581960925
858.6302375999985,0.13782350000110455,20,159.55357798447844
858.768623699998,0.1383017000007385,20,159.00189625581302
858.9075892000001,0.13888260000021546,20,158.33684389178978
859.0448017999988,0.13712390000000596,20,160.36761319885915
859.1812691999985,0.136377499999071,20,161.2453121348448
859.3177541999976,0.13639219999822672,20,161.2279335314329
859.4542578,0.13641120000102092,20,161.2054769355846
859.5914090999977,0.1370612999999139,20,160.4408578901106
859.7294483000005,0.13796800000272924,20,159.38647045028554
859.8682552999999,0.1387088000010408,20,158.5352375289455
860.0060097999994,0.1376631000021007,20,159.73948396617857
860.1432389999973,0.13714039999831584,20,160.34831862667784
860.2798351999991,0.13650259999849368,20,161.09753627962152
860.4171252999986,0.13720140000077663,20,160.27702746032855
860.5546617,0.13746620000165422,20,159.96828715171713
860.6927534999995,0.1380317000002833,20,159.31291547865357
860.830919,0.13808170000265818,20,159.25522755800856
860.9683721999972,0.1373695999973279,20,160.08077883278216
861.105589499999,0.1371361000019533,20,160.35334645805722
861.2422904999985,0.1366009999983362,20,160.981490295004
861.3794462999977,0.13705769999796757,20,160.44507208165678
861.5175559999989,0.13801450000028126,20,159.33276978487902
861.6555778000002,0.1379458000010345,20,159.41212095877574
861.7937703999996,0.13811070000156178,20,159.22178770559654
861.931197599999,0.13734520000070916,20,160.10921790791713
862.0677415999999,0.13646499999958905,20,161.14192324468706
862.2041939999981,0.1363695000000007,20,161.2547714519734
862.3407394999995,0.1364534000022104,20,161.15562203040585
862.4787716999999,0.13794870000128867,20,159.4087697478452
862.6170276999983,0.13816529999894556,20,159.1588666306795
862.7550804999992,0.13795129999925848,20,159.40576533630494
862.8925545999991,0.1373810000004596,20,160.06749518089424
863.0297921999991,0.1371523999987403,20,160.33428912452115
863.1664891,0.13661080000019865,20,160.9699420213338
863.3028673999979,0.13629939999736962,20,161.33770622573817
863.4411655999975,0.13822199999776785,20,159.0935781270356
863.5791589999972,0.13792069999908563,20,159.44113215540372
863.7165937999998,0.13734610000028624,20,160.10816874650368
863.8542507999991,0.13755590000073425,20,159.8639720681019
863.9908921999995,0.13654759999917587,20,161.04444571455463
864.1281581999974,0.13718539999899804,20,160.2957206501611
864.2650427999979,0.13679209999827435,20,160.75659746284626
864.4031928000004,0.1381074000018998,20,159.22559222183244
864.5413819999994,0.13810150000063004,20,159.23239469100392
864.6793438999994,0.13787560000127996,20,159.49328637783518
864.8173217000003,0.13787390000288724,20,159.49525294533265
864.9537885999998,0.1363567000007606,20,161.26990866893476
865.0909250000004,0.1370347000010952,20,160.47200129123684
865.2282651999994,0.13725110000086715,20,160.21898954092947
865.366464499999,0.13811300000088522,20,159.21913618109124
865.5044807999984,0.13790829999925336,20,159.45546827594174
865.6422529999982,0.13767530000041006,20,159.72532876597694
865.7797059000004,0.13735820000147214,20,160.0940646811353
865.9168587999993,0.13705580000168993,20,160.44729632200062
866.0541276000004,0.13717000000178814,20,160.31371695876166
866.1917579000001,0.13752110000132234,20,159.9044259776031
866.3298309999991,0.13798870000027819,20,159.36256052470722
866.4679112999984,0.13797970000086934,20,159.37295526357465
866.6060061999997,0.13800550000087242,20,159.34316063766292
866.7435012999995,0.13740780000080122,20,160.03627563640327
866.8807001999994,0.13711609999882057,20,160.37673588812075
867.0172877999976,0.13649639999857754,20,161.10485372324226
867.1549401999982,0.13757500000065193,20,159.84177761523384
867.2932918000006,0.13825760000327136,20,159.05261305707376
867.4310072999979,0.13762949999727425,20,159.77848176412408
867.5690061999994,0.13791290000153822,20,159.4501497341781
867.7065146999994,0.13741859999936423,20,160.0236980701429
867.8432463999998,0.13663930000257096,20,160.93636717332598
867.9797531000004,0.13641410000127507,20,161.20204990037288
868.1163887000002,0.13654350000069826,20,161.04928140414995
868.2544091999989,0.13792739999917103,20,159.43338709822825
868.3919060999979,0.1373980999997002,20,160.04757384249112
868.5293786000002,0.13737260000198148,20,160.07728291670105
868.6668524999986,0.13738549999834504,20,160.0622522448504
868.8041773999976,0.13724449999790522,20,160.2266943728575
868.9419237999973,0.13766109999778564,20,159.741804735497
869.079501799999,0.1374902999996266,20,159.94024709801144
869.2174907999979,0.13791249999849242,20,159.45061220527788
869.3555602999986,0.13797880000129226,20,159.3739948116236
869.4935737999986,0.13791910000145435,20,159.44298182984164
869.6302345999975,0.13655999999900814,20,161.02982246396982
869.7674955999973,0.13716719999865745,20,160.31698945327477
869.905382099998,0.13778959999763174,20,159.59283252072694
870.0430381000006,0.13756110000031185,20,159.8579289891557
870.1812281999992,0.1380828000001202,20,159.25395889640754
870.3188867999997,0.13757170000098995,20,159.8456118181411
870.4564261999985,0.13742780000029597,20,160.01298540377303
870.5936464999977,0.13710729999729665,20,160.38702939926307
870.730974099999,0.13722820000111824,20,160.2457261360333
870.8692553999972,0.13816679999945336,20,159.157138730918
871.0067641999995,0.1373916000011377,20,160.05514569550036
871.1446902999996,0.13781510000262642,20,159.5633029697103
871.2822319999977,0.13742869999987306,20,160.01193750315844
871.4196655999986,0.1372981999993499,20,160.1640265904733
871.5569079999987,0.1371322999984841,20,160.35778992814303
871.6944793999974,0.13749379999717348,20,159.9361757109925
871.8327133999992,0.13813030000164872,20,159.19919492868348
871.9703205999976,0.13749689999895054,20,159.93256979384876
872.108444999998,0.13804789999994682,20,159.29422001731626
872.2457390999989,0.1372488000015437,20,160.22167447200022
872.3829028999971,0.1371209999997518,20,160.37100484652098
872.5193718999981,0.13643600000068545,20,161.17617458302445
872.6568931000002,0.1374872000014875,20,159.94385335712767
872.794919699998,0.13799010000002454,20,159.36094368738114
872.9325209999988,0.13751219999903697,20,159.91477523938968
873.0705262999982,0.13792900000044028,20,159.4315376421913
873.2077759999993,0.1371921999998449,20,160.287775511617
873.3452141999987,0.13736040000003413,20,160.0915005745072
873.4818779999987,0.13657439999951748,20,161.01284395609787
873.6198508999987,0.1378965000003518,20,159.46911310630725
873.7578514999987,0.1379267999982403,20,159.43408065583014
873.8957561999996,0.13781720000042696,20,159.5608716143694
874.0338711999975,0.13802379999833647,20,159.32203399547785
874.170526599999,0.13657880000027944,20,161.00765679208638
874.3070074999996,0.13640980000127456,20,161.20713141808383
874.4436093999975,0.1365239999977348,20,161.07228440336397
874.5819043999982,0.13819990000047255,20,159.11901930062763
874.7192794000002,0.13729220000095665,20,160.17102614253957
874.8569654999992,0.1376100999987102,20,159.80100701711652
874.9949605999973,0.1379159999996773,20,159.4465657035547
875.1318766000004,0.13684550000107265,20,160.6938668450744
875.2684436999989,0.13647370000035153,20,161.1316506804121
875.4049854000004,0.13644660000136355,20,161.16365343878297
875.5432363,0.13816850000148406,20,159.1551804881996
875.6812132999985,0.13787909999882686,20,159.48923771410682
875.8193042999992,0.13799640000070212,20,159.3536683232904
875.9576094999975,0.13820439999835799,20,159.1138383132611
876.0949939999991,0.1372921000001952,20,160.17114280784352
876.2314656999988,0.13636350000160746,20,161.26186666711237
876.3680318999977,0.13646229999721982,20,161.14511155072142
876.506010699999,0.13789330000145128,20,159.47281380087762
876.6437220999978,0.1376152999982878,20,159.7949686974748
876.7816884999993,0.1378807000000961,20,159.487386962096
876.9198827999971,0.13811409999834723,20,159.21786809444617
877.0573807000001,0.13741579999987152,20,160.0269587306595
877.1939801999979,0.13651799999934155,20,161.07936356836507
877.3305244999974,0.1364395999989938,20,161.17192190304112
877.4688599999972,0.13817469999776222,20,159.14803908295903
877.6067280999996,0.1377664999999979,20,159.619592248626
877.7442453000003,0.13743450000038138,20,160.00518469131825
877.8822900999985,0.13796039999942877,20,159.39525077928923
878.0195447999977,0.13715849999789498,20,160.32715840328885
878.1562673999979,0.13663439999800175,20,160.94213869890453
878.2931456999977,0.13677869999810355,20,160.77234654098112
878.4312054000002,0.13796730000103707,20,159.3872791259574
878.5693040999977,0.13801089999833493,20,159.33692596588605
878.7075079999995,0.13810640000156127,20,159.2267451419442
878.8458619999983,0.13826889999836567,20,159.0396145176531
878.9831290000002,0.13717820000238135,20,160.30413400334936
879.1196511999988,0.13644360000034794,20,161.16719696243666
879.2561920999979,0.1364584000002651,20,161.14971709676558
879.3937736999978,0.13749399999869638,20,159.93594306463189
879.5318249999982,0.13797250000061467,20,159.38127203190516
879.6699638999999,0.13804960000197752,20,159.29225839991565
879.8080985999986,0.13806130000011763,20,159.27875918524066
879.9455613999999,0.13737570000012056,20,160.0736706382621
880.0822498999987,0.13660560000062105,20,160.9760694687482
880.219373099997,0.13702959999864106,20,160.47797377893593
880.3572249999997,0.13775960000202758,20,159.62758715324625
880.4951789000006,0.13787090000187163,20,159.49872348132547
880.6327057999988,0.1374400999993668,20,159.99866527761046
880.7709587999998,0.13814490000004298,20,159.18236978356174
880.9079276999983,0.13688439999896218,20,160.64820064000514
881.0444471999981,0.13643909999882453,20,161.1725125400963
881.1809820999988,0.13645380000161822,20,161.1551496203053
881.318886099998,0.13782240000000456,20,159.5548514284998
881.4570624999978,0.13808639999842853,20,159.24980704667698
881.5949538999994,0.1377966000000015,20,159.58472528001244
881.7330182000005,0.13797950000298442,20,159.37318627074575
881.8706669999992,0.13756690000082017,20,159.85118916969776
882.0073145999995,0.13655759999892325,20,161.032652563412
882.1440809999986,0.13668580000012298,20,160.88161722359027
882.2822703999991,0.13808879999851342,20,159.2470392657242
882.4202224000001,0.13786489999984042,20,159.5056650064335
882.5574880999993,0.13716180000119493,20,160.32330105997752
882.6952313999973,0.1376522999998997,20,159.75201689718241
882.8319080999972,0.13658609999765758,20,160.99905155720185
882.968346499998,0.1363469999996596,20,161.28138173612106
883.1049942999998,0.13655440000002272,20,161.03642618265204
883.2430550999998,0.1379826000011235,20,159.36960569913126
883.3813407999987,0.1381614999991143,20,159.16324414298464
883.5188527999999,0.13742289999936474,20,160.0186908850101
883.6570586999987,0.13811229999919306,20,159.21994315964966
883.7938539999996,0.13670560000173282,20,160.85831564501572
883.9303067000001,0.1363615000009304,20,161.2642318790125
884.067033299998,0.13662769999791635,20,160.95003103949904
884.2051322999978,0.13800450000053388,20,159.34431526098734
884.3433240999984,0.13810459999876912,20,159.2288204427368
884.4810508999981,0.13763140000082785,20,159.77627601977258
884.6192608999991,0.1381379000013112,20,159.19043618957048
884.7567562999975,0.1374163000000408,20,160.0263764598048
884.8934614999998,0.13662240000121528,20,160.95627477869215
885.0299132,0.1363719000000856,20,161.25193353987294
885.167572899998,0.13758410000082222,20,159.83120546188536
885.3052471999981,0.13759700000082375,20,159.81622095967464
885.4430092000002,0.13766320000286214,20,159.73936792884956
885.5811622000001,0.13805620000130148,20,159.28464317656648
885.7177601999974,0.13649439999790047,20,161.10721433156417
885.8543532000003,0.13648710000052233,20,161.1158311330217
885.9909590999996,0.13651410000238684,20,161.0839653569523
886.1289777999991,0.13794229999984964,20,159.41616571235923
886.2664170999997,0.13735839999935706,20,160.0938315794515
886.4045208999996,0.13801360000070417,20,159.33380880875362
886.5427560999997,0.1381440000004659,20,159.18340684681084
886.6801770999991,0.1373396999988472,20,160.11562975384817
886.8167829999984,0.13653250000061234,20,161.0622566452777
886.9535810999987,0.13669840000147815,20,160.8667881649106
887.091760299998,0.13807689999885042,20,159.2607637896207
887.2291998999972,0.13735799999994924,20,160.09429778773807
887.3673718999999,0.1380769000024884,20,159.26076378542461
887.5053793999978,0.13791569999739295,20,159.44691254103546
887.6424841999979,0.13702039999770932,20,160.4887487986287
887.7791609999986,0.13658660000146483,20,160.99846218651143
887.9163337999998,0.1370812000022852,20,160.41756677905806
888.0545805999973,0.13815169999725185,20,159.17453463082566
888.192188699999,0.13750250000157394,20,159.92605629183677
888.3303037999976,0.13801369999782764,20,159.33369336425392
888.4684854999978,0.13808699999935925,20,159.24911509137021
888.6051186000004,0.13653920000069775,20,161.0543532949338
888.7416642999997,0.1364599000007729,20,161.14794569976561
888.8791396999986,0.13737200000105076,20,160.07798208770197
889.0172050000001,0.1379785000026459,20,159.37434132925284
889.1547776999978,0.13748409999971045,20,159.94745978310448
889.2929502999978,0.1380801999985124,20,159.25695759244925
889.4309920999985,0.1379586000002746,20,159.39733047070808
889.5675403999994,0.136458600001788,20,161.14948090653039
889.704023899998,0.13639879999755067,20,161.22013211197518
889.8407067999979,0.13657729999977164,20,161.00942510619825
889.9788807000004,0.13808200000130455,20,159.25488155814838
890.1157531999997,0.13677459999962593,20,160.77716590346557
890.2539948999984,0.13814279999860446,20,159.1847896216245
890.3920279999984,0.13794760000018869,20,159.41004088139206
890.5292957999991,0.13717109999925015,20,160.31243137687318
890.6660093999999,0.1366213000001153,20,160.9575707118981
890.8028689999992,0.13676029999987804,20,160.7939771669089
890.9407823000001,0.13784420000229147,20,159.52961789581605
891.0782585999987,0.1373816999985138,20,160.06667959239036
891.216183499997,0.13782779999746708,20,159.54860018025482
891.3539221999999,0.13765820000116946,20,159.7451699596042
891.491782699999,0.1377572000019427,20,159.63036817828677
891.6289838999983,0.13711780000085128,20,160.37474751916585
891.7663893999998,0.13731360000019777,20,160.14606386758726
891.904504099999,0.13802239999859012,20,159.32365004335983
892.0419481999998,0.13735690000248724,20,160.0955798734669
892.1799013999989,0.1378697000000102,20,159.50011173969605
892.3173733999975,0.13739009999699192,20,160.05689315315635
892.4546580999995,0.13719549999950686,20,160.28392006734217
892.5914386999975,0.13668829999733134,20,160.87867473623805
892.7281143999971,0.1365799999985029,20,161.00624217133577
892.8657534999984,0.13755830000081914,20,159.8611828976445
893.0025014999992,0.1366688999987673,20,160.9015112854376
893.1405626999986,0.1379823999996006,20,159.36983670079408
893.2780229999989,0.1373821000015596,20,160.0662135407041
893.4158317999972,0.1377223999988928,20,159.67070393557466
893.5533498999976,0.137423399999534,20,160.01810867432013
893.6911390999994,0.13769890000185114,20,159.69795368898644
893.8291804,0.1379428000000189,20,159.41558787785215
893.9659035000004,0.1366295000007085,20,160.94791062988568
894.1035381000002,0.13753949999954784,20,159.88303400544785
894.241563399999,0.13788370000111172,20,159.48391691942336
894.378267,0.1366029000018898,20,160.97925121074138
894.5155099000003,0.1371424000026309,20,160.345980200858
894.6534566999981,0.13785599999755505,20,159.51596271406405
894.7915240000002,0.13797020000129123,20,159.3839289593999
894.9292504999976,0.13763850000032107,20,159.76803405637742
895.0668315999974,0.1374690999982704,20,159.96491252068046
895.2049867999995,0.1380659000024025,20,159.27345242480112
895.3415728999971,0.1365055999995093,20,161.0939958184796
895.4789044999998,0.13724360000196612,20,160.22774508396
895.617086899998,0.13809799999944516,20,159.23643032924696
895.7538610999982,0.13669179999851622,20,160.87455542877262
895.8916790999974,0.13774329999796464,20,159.64647685836582
896.029338999997,0.1375646999986202,20,159.8537455883709
896.1668446999975,0.13740899999902467,20,160.03487803328812
896.3040875000006,0.13715600000068662,20,160.3300807504587
896.4416581000005,0.13749280000047293,20,159.9373389402526
896.579912899997,0.13816199999928358,20,159.16266814054535
896.7174478999987,0.1374312000007194,20,160.00902673777782
896.8553216,0.1377812000027916,20,159.60256228770294
896.992766299998,0.137368299998343,20,160.08229377363816
897.1300945999974,0.1372455999990052,20,160.22541018203418
897.2674167000005,0.13724390000061248,20,160.22739484539468
897.4053219999987,0.13781229999949574,20,159.56654489911617
897.543536899997,0.1381197999980941,20,159.21129740865135
897.6813330000004,0.13770780000049854,20,159.68763247572315
897.8196145999973,0.13819209999928717,20,159.128000483627
897.9563591999977,0.1366541999996116,20,160.91881958682941
898.0929864999998,0.13652980000188109,20,161.06544179524926
898.2296459999998,0.13656620000256225,20,161.02251183021434
898.3678899000006,0.13814900000215857,20,159.1776455506475
898.5055662999985,0.13758790000065346,20,159.8267911307285
898.6435428999976,0.13788579999891226,20,159.48148798276162
898.7810035000002,0.13737200000105076,20,160.07798208770197
898.9185940999996,0.13750480000089738,20,159.92338125924687
899.0560581999998,0.13738379999995232,20,160.06423286826856
899.1929286999984,0.13679250000132015,20,160.75612738496466
899.3309574999985,0.13794770000095014,20,159.40992532219485
899.4691821999986,0.1381357999998727,20,159.19285627288704
899.6073999,0.13812010000037844,20,159.2109515954575
899.7453227000005,0.1378316000009363,20,159.54420144125598
899.8820142999975,0.13659929999994347,20,160.98349373334344
900.0185471999976,0.13645189999806462,20,161.15739360046948
900.1557379000005,0.13709550000203308,20,160.4008341279903
900.2937944999976,0.13796989999900688,20,159.3842755244317
900.4319801999991,0.13810540000122273,20,159.22789807875222
900.5695835999977,0.13750119999895105,20,159.92756830986025
900.7076708999994,0.13799769999968703,20,159.3521671416978
900.8451021000001,0.13733350000256905,20,160.12285826188537
900.9817072000005,0.13651660000323318,20,161.08101545892
901.118953899997,0.1371391999964544,20,160.34972171405795
901.2570257999978,0.137977200000023,20,159.37584293286378
901.3951936999983,0.13808439999775146,20,159.25211360499873
901.5330486999992,0.13775249999889638,20,159.63581463636723
901.6712396999974,0.13808919999792124,20,159.24657797895154
901.8079792999997,0.13665129999935743,20,160.92223458996293
901.9443066999993,0.13623740000184625,20,161.41112906751007
902.0810474999998,0.13663090000045486,20,160.94626146389135
902.2191031999973,0.13797669999985374,20,159.3764204792788
902.3573747999981,0.13818289999835542,20,159.13859497652544
902.4945726999977,0.13712060000034398,20,160.37147267051657
902.6328090999996,0.13814040000215755,20,159.18755523493886
902.7701411999988,0.13724229999934323,20,160.22926281201376
902.9066816999984,0.1364523999982339,20,161.15680307421943
903.043388099999,0.1366029000018898,20,160.97925121074138
903.181357999998,0.1378813999981503,20,159.486577274491
903.3195446999998,0.13811189999978524,20,159.22040429212976
903.4574811999992,0.1378322999989905,20,159.54339117667672
903.595851099999,0.13828970000031404,20,159.01569354384355
903.732545699997,0.13660539999909815,20,160.97630515093238
903.8689903999984,0.13635699999940698,20,161.26955385946917
904.0054758999977,0.13637699999890174,20,161.24590330992098
904.1433159999979,0.1377494000007573,20,159.63940717998847
904.2813844999982,0.13797469999917666,20,159.37873070679785
904.419514199999,0.13803660000121454,20,159.30726021451207
904.5576784999976,0.13808459999927436,20,159.25188294448157
904.6947688999971,0.13700649999736925,20,160.5050311915292
904.8312325999977,0.13637069999822415,20,161.2533524855879
904.967857399999,0.13652509999883478,20,161.07098662229643
905.105870899999,0.13792520000060904,20,159.43593016666208
905.2439099999974,0.1379583999987517,20,159.3975615527505
905.3823247,0.13832150000234833,20,158.97913596329323
905.5203311000005,0.13792430000103195,20,159.43697053641358
905.6569232999973,0.13650249999773223,20,161.09765429853178
905.7934629999982,0.13645569999789586,20,161.15290571122412
905.929920999999,0.1363658000009309,20,161.25914676091722
906.0675506999978,0.13753989999895566,20,159.88256902678404
906.2053860999986,0.13774850000118022,20,159.64045020694667
906.3436196999974,0.1381357999998727,20,159.19285627288704
906.4818424000005,0.13813000000300235,20,159.19954068661426
906.6190758999983,0.13713579999966896,20,160.3536972517248
906.7556143000002,0.13644730000305572,20,161.16282663729902
906.8921033999977,0.1363975999993272,20,161.2215504937658
907.0291675999979,0.13697289999981876,20,160.54440371452378
907.1670707999983,0.13781979999839677,20,159.55786146675447
907.3052615999986,0.13810509999893839,20,159.2282439655671
907.4434292000005,0.13809460000265972,20,159.24035085438868
907.5808579000004,0.13733830000273883,20,160.11726193699403
907.7175276999988,0.1365643999997701,20,161.0246342059645
907.8540909999974,0.13646840000001248,20,161.1379085232771
907.9912014000001,0.1370244999998249,20,160.4839467069619
908.1292771999979,0.13797669999985374,20,159.3764204792788
908.2675098999971,0.13814490000004298,20,159.18236978356174
908.4057476999988,0.13814329999877373,20,159.18421346323132
908.543145399999,0.1373155000001134,20,160.14384796692175
908.6798154999997,0.1365871000016341,20,160.9978728244242
908.8162473999982,0.13635399999839137,20,161.2731020415934
908.9528022999984,0.13647839999975986,20,161.1261016802563
909.0903445999975,0.13744690000021365,20,159.99074955845362
909.2285766999994,0.13814239999919664,20,159.18525055050355
909.366778399999,0.13812110000071698,20,159.2097989040476
909.5041817999991,0.13732140000138315,20,160.13696740128273
909.6408467000001,0.1365551000017149,20,161.03560068605157
909.7779784999984,0.13704959999813582,20,160.45455481678982
909.9151844999978,0.1371235999977216,20,160.36796405495028
910.0531668999974,0.13789129999713623,20,159.47512682799206
910.1915678000005,0.13831550000031712,20,158.98603233527393
910.3295211000004,0.13787100000263308,20,159.49860779351732
910.4663914999983,0.13678190000064205,20,160.76858528370184
910.6030298999976,0.13655519999883836,20,161.03548276233394
910.7394796999979,0.1363493999997445,20,161.27854288732627
910.8761639000004,0.13658670000222628,20,160.99834431289116
911.0142295999976,0.13798179999866989,20,159.37052970559873
911.1528861999977,0.138553699998738,20,158.71270529563841
911.2915243999996,0.1385587000004307,20,158.70697802051873
911.4280488000004,0.13644120000026305,20,161.1700318926952
911.5651918000003,0.13706420000016806,20,160.43746328722625
911.7024313999973,0.13715099999899394,20,160.3359257729168
911.8395796000004,0.13705680000202847,20,160.4461256588111
911.9779648000003,0.1382900000025984,20,159.01534857984538
912.1161706999992,0.13811400000122376,20,159.21798337116553
912.2540754999973,0.13783689999763737,20,159.5380667723732
912.3907586999994,0.13659520000146586,20,160.98832576316016
912.5271710999987,0.13633399999889662,20,161.2967605710826
912.6636274999983,0.1363716999985627,20,161.25217003052515
912.8002269999997,0.13649920000170823,20,161.1015489852307
912.9382178999986,0.13789790000009816,20,159.46749410617815
913.0764428000002,0.13812660000257893,20,159.20345939963357
913.2146830999991,0.13814230000207317,20,159.1853657799963
913.3521499999988,0.13738300000113668,20,160.06516494280993
913.4888174999978,0.13659909999842057,20,160.9837294372676
913.6252700000005,0.1363833000032173,20,161.2384548181577
913.7617051999987,0.1363506999987294,20,161.27700522054465
913.8992964999998,0.13752170000225306,20,159.9037283218556
914.0375077999997,0.13812110000071698,20,159.2097989040476
914.1757459,0.1381349000002956,20,159.1938934727787
914.3126391000005,0.13680440000098315,20,160.7421439322271
914.4500028000002,0.137269800001377,20,160.19716321652257
914.587233899998,0.1371407000006002,20,160.34796785654265
914.7245860999974,0.1372635999978229,20,160.2043990968384
914.8627158999989,0.13804109999909997,20,159.30206696167576
915.000591,0.13777660000050673,20,159.60789100209414
915.1385558999973,0.13788260000001173,20,159.48518925171214
915.2759382999975,0.1372970999982499,20,160.16530979751434
915.4125254999999,0.13651329999993322,20,161.08490934971724
915.5496977000003,0.1370894000028784,20,160.40797140448703
915.6868912999998,0.13711390000025858,20,160.3793091399087
915.8253363000003,0.1383592000020144,20,158.93581746063754
915.9643600999989,0.13892510000005132,20,158.28840544661747
916.1019912999982,0.13753449999785516,20,159.88884647752334
916.2394730999986,0.13738200000079814,20,160.06633005337122
916.3761100999982,0.1365455999984988,20,161.0468045529242
916.5134674999972,0.13727169999765465,20,160.19494590578913
916.6507968000005,0.13724220000221976,20,160.2293795579226
916.7890232999998,0.13813920000029611,20,159.18893808182514
916.9272547,0.13814070000080392,20,159.18720952906727
917.0647795000004,0.13743240000258083,20,160.00762960631587
917.2020295000002,0.13715290000254754,20,160.33370461077777
917.338613099997,0.136507299997902,20,161.09198962881817
917.4755712000006,0.13688730000285432,20,160.6447972533717
917.6131868999983,0.13754469999912544,20,159.87698948530783
917.7513813999976,0.13811119999809307,20,159.22121128354271
917.8896069999973,0.13813129999834928,20,159.19804241169663
918.0271020999971,0.13741079999817885,20,160.03278167226625
918.1644239999987,0.13723079999908805,20,160.2426900933765
918.3010183000006,0.13650220000272384,20,161.09800834771303
918.4375736000002,0.13646090000111144,20,161.14676479006732
918.5752331999975,0.1375687999970978,20,159.84898142590407
918.7133359999971,0.13800699999774224,20,159.3414287382506
918.8515539,0.1381247000026633,20,159.20564935233153
918.9890529000004,0.1374119000029168,20,160.0315005836701
919.1264152999975,0.1372672999968927,20,160.20008083511362
919.2637729999988,0.13726500000120723,20,160.2027651282308
919.4003382999981,0.13647589999891352,20,161.12905322987476
919.5379207999977,0.1375116999988677,20,159.91535669838328
919.6761977999995,0.13820160000250326,20,159.11706199582125
919.8141657999986,0.13788220000060392,20,159.48565192188465
919.9514438000006,0.13717350000297301,20,160.30962653167992
920.0885484999999,0.13702030000058585,20,160.48886592297623
920.2257986999975,0.13715029999730177,20,160.336744111771
920.3630416999986,0.13715159999992466,20,160.33522434686932
920.5008998999983,0.13777380000101402,20,159.61113473939275
920.6392481000003,0.1382642999997188,20,159.04490570280777
920.7778292000003,0.13849459999983083,20,158.78043299555983
920.9144816999979,0.1365442999995139,20,161.04833783320348
921.0516193000003,0.1370405000016035,20,160.4652095932421
921.1888593000003,0.1371463000032236,20,160.34142047582125
921.3262171999995,0.1372613999992609,20,160.20696682125063
921.4640699999982,0.13777109999864479,20,159.61426275711167
921.602078699998,0.13793380000061006,20,159.42598953572468
921.7402340999979,0.13807459999952698,20,159.26341670079316
921.8776242999993,0.13730070000019623,20,160.16111028923066
922.0141928999983,0.13648050000119838,20,161.12362246128137
922.1513371000001,0.13704630000211182,20,160.45841847011658
922.2885810999978,0.137155199998233,20,160.33101592796558
922.4266379000001,0.13796560000264435,20,159.38924308014836
922.564846199999,0.13811730000088573,20,159.2141792185264
922.703057499999,0.13812030000190134,20,159.2107210541628
922.8404085000002,0.13725840000188327,20,160.21046839551005
922.9769656999997,0.13646300000254996,20,161.1442849351772
923.1140975999988,0.13704449999931967,20,160.46052600162113
923.251762099997,0.13757319999785977,20,159.8438689792932
923.3898171000001,0.13797080000222195,20,159.3832358380604
923.5279874999978,0.1380829999980051,20,159.25372823474066
923.6661332999975,0.13806869999825722,20,159.2702224023082
923.8034257999971,0.13720809999722405,20,160.26920098714945
923.9399531999989,0.13644330000170157,20,161.16755132165346
924.0765362999991,0.13648879999891506,20,161.11382439947306
924.2138328999972,0.13720619999730843,20,160.27142035820088
924.3519416999989,0.13801999999850523,20,159.32642048803186
924.4902860999973,0.13825439999709488,20,159.05629445415175
924.628354299999,0.13798070000120788,20,159.37180022515827
924.7655228999974,0.13707779999822378,20,160.4215456901478
924.902068899999,0.13646090000111144,20,161.14676479006732
925.0386407999977,0.1364791999985755,20,161.12515720893384
925.175921799997,0.13719399999899906,20,160.28567251979268
925.3140286999987,0.13800300000002608,20,159.346047227349
925.4522187000002,0.13810060000105295,20,159.2334324061759
925.5904555999987,0.1381355999983498,20,159.19308676244722
925.727995899997,0.1374138999999559,20,160.02917139770472
925.8647560999998,0.1366584999996121,20,160.91375622871917
926.0013270999989,0.136471599998913,20,161.1341301464565
926.1379660999992,0.13652889999866602,20,161.06650354419367
926.276270899998,0.13822330000039074,20,159.09208183756166
926.4141285999976,0.13775619999796618,20,159.63152697188704
926.5523331000004,0.13812220000181696,20,159.20853096193605
926.6892647999994,0.13685400000031223,20,160.68388615217552
926.8256860000001,0.13634079999974347,20,161.28871589107132
926.9622505999978,0.13647499999933643,20,161.13011581334985
927.0990171999983,0.13668010000037611,20,160.88832650443985
927.2371124999991,0.1380079000009573,20,159.34038961079375
927.375356499997,0.1381541999980982,20,159.17165425171808
927.5136466000004,0.13820320000013453,20,159.11521987550645
927.6505560000005,0.13682840000183205,20,160.71394940835063
927.7870492999973,0.13641509999797563,20,161.20086820188038
927.9235050999996,0.13636350000160746,20,161.26186666711237
928.0603023000003,0.13670750000164844,20,160.85607999016028
928.1983785999983,0.13799440000002505,20,159.35597789124782
928.336567899998,0.13810279999961494,20,159.23089579343298
928.474853599997,0.13819459999649553,20,159.1251217925856
928.612614499998,0.13766620000023977,20,159.73588691691717
928.7492672999979,0.13656780000019353,20,161.02062532667904
928.8858617999977,0.13648409999950672,20,161.11937255401529
929.0226543999997,0.13671090000207187,20,160.85207949905043
929.1609296999995,0.13818820000233245,20,159.13249145114293
929.2988043000005,0.1377855000027921,20,159.5975814223876
929.4367214999984,0.13783179999882123,20,159.5439699380554
929.5743347999996,0.13753840000208584,20,159.8843127096615
929.7108195999972,0.1364110999966215,20,161.20559511700029
929.8473491000004,0.13645010000254842,20,161.15951952478815
929.9841258999986,0.1366889999990235,20,160.8778508561559
930.1224715999997,0.13825870000073337,20,159.05134762154827
930.2614257999994,0.13884890000190353,20,158.37527380640776
930.399402199997,0.13786939999772585,20,159.5004588101691
930.5369494000006,0.13744450000012876,20,159.99354325199914
930.6735880999986,0.13653720000002068,20,161.05671242354956
930.8101577999987,0.1364690000009432,20,161.1372000627836
930.9470564999974,0.13679649999903631,20,160.75142679582382
931.0852476,0.1381007000018144,20,159.23331710289003
931.2234688999997,0.13813010000012582,20,159.19942543659903
931.361190399999,0.13761910000175703,20,159.79055636346442
931.4985621999986,0.1372841000011249,20,160.18047651067977
931.635762599999,0.13710980000178097,20,160.3841049672187
931.772364299999,0.13651000000027125,20,161.08880342448396
931.9098435999986,0.13737920000130543,20,160.06959245148494
932.0479287999988,0.13799229999858653,20,159.35840301049586
932.1861518000005,0.13813420000224141,20,159.19470019128627
932.3236466999988,0.13740809999944759,20,160.03592623439525
932.4609836999989,0.13725329999942915,20,160.2164214311165
932.5982060999995,0.13713900000220747,20,160.34995555725237
932.7348089999978,0.136518100000103,20,161.0792455762526
932.8724530999971,0.1375577999970119,20,159.86176397120107
933.0105502999977,0.13800649999757297,20,159.3420060352717
933.1487683999985,0.13812379999944824,20,159.20668672312698
933.2862757000003,0.1374095999999554,20,160.034179238766
933.4236471000004,0.1372787000000244,20,160.1867773770883
933.5608667999986,0.13713719999941532,20,160.35206024050188
933.6974379999992,0.1364930000017921,20,161.10886679339802
933.8351153000003,0.1375917000004847,20,159.82237704340113
933.9733037999977,0.1380959999987681,20,159.2387365000881
934.1115804000001,0.13817960000233143,20,159.1423955138745
934.2483949999987,0.1367184000009729,20,160.8432555922503
934.3855506,0.13704510000025039,20,160.45982348496824
934.522806099998,0.13715429999865592,20,160.33206801197994
934.6595199000003,0.13662120000299183,20,160.95768852153577
934.7972343000001,0.13762440000209608,20,159.78440273080267
934.9353510999972,0.13802359999681357,20,159.32226485925355
935.0743777999996,0.1389354999992065,20,158.27655678819013
935.2118193999995,0.13734970000223257,20,160.1039722341043
935.3483486000005,0.13643600000068545,20,161.17617458302445
935.4847869999976,0.13635679999788408,20,161.26979040180785
935.6213078999972,0.13642649999746936,20,161.18739801965094
935.7584591999985,0.13708300000143936,20,160.41546038012814
935.8965041999982,0.1379687999979069,20,159.38554626737064
936.0347427999986,0.13813630000004196,20,159.1922800560991
936.1726311999992,0.13780640000186395,20,159.57337652839465
936.3101188999972,0.13739109999733046,20,160.05572817997142
936.4473776999985,0.13716070000009495,20,160.32458682045788
936.5840291999993,0.13656560000163154,20,161.02321928258132
936.7216960000005,0.13757120000082068,20,159.84619277427848
936.8598724999974,0.13807459999952698,20,159.26341670079316
936.9982845999984,0.13831089999803226,20,158.9913199598358
937.1357656,0.1373827000024903,20,160.06551447250192
937.2724261000003,0.1365540000006149,20,161.03689789695633
937.4089593999997,0.13645399999950314,20,161.1549134184419
937.5454929999978,0.13645259999975679,20,161.15656686321253
937.6831576999975,0.1375817999978608,20,159.83387741592216
937.8211993999976,0.13796459999866784,20,159.39039837561472
937.9601806999999,0.13889120000021649,20,158.3270398375543
938.0986147000003,0.13835720000133733,20,158.93811493227275
938.2352812999998,0.13658679999934975,20,160.99822644373165
938.3718367999973,0.13646669999798178,20,161.13991586112374
938.5082889000005,0.1363615000009304,20,161.2642318790125
938.6455134999997,0.13714540000000852,20,160.34247270064202
938.7835713999993,0.1379717999989225,20,159.38208065482752
938.9218099999998,0.13814610000190441,20,159.18098705078793
939.060022499998,0.1381227999991097,20,159.20783936947225
939.1973174999985,0.13720359999933862,20,160.27445748964317
939.3331734999992,0.13577670000086073,20,161.95880850971187
939.4694387999989,0.13617449999946984,20,161.48568605433184
939.6059294999977,0.13639250000051106,20,161.22757890234143
939.7437567999987,0.13772890000109328,20,159.66316840797717
939.8816125999983,0.1377623999978823,20,159.62434275141862
940.0197251999998,0.1380185000016354,20,159.3281520612051
940.1564220999971,0.13663779999842518,20,160.9381339261423
940.2929494999989,0.1364422000006016,20,161.16885065927582
940.4294888000004,0.13645069999984116,20,161.1588108785488
940.567196699998,0.13762429999769665,20,159.78451883779275
940.7052455999983,0.13796689999799128,20,159.38774123242726
940.8433379999988,0.13798809999934747,20,159.3632534662336
940.9815187999993,0.13809609999952954,20,159.2386211891206
941.1186553999978,0.13706019999881391,20,160.44214553685387
941.2551869999988,0.13644019999992452,20,161.1712131434296
941.3917218999995,0.1364571000012802,20,161.1512523372818
941.5292152999973,0.1374123999994481,20,160.030918284
941.6673346999996,0.13803740000003017,20,159.30633694574945
941.8055573999991,0.1381476999995357,20,159.1791434500459
941.9430747999977,0.13743439999961993,20,160.00530111515613
942.0797751999999,0.13661140000112937,20,160.96923503703357
942.2168244999993,0.136965900001087,20,160.55260875404375
942.3533949999983,0.13649319999967702,20,161.10863072718666
942.490959499999,0.1374723000008089,20,159.9611889478143
942.6290291999976,0.13798139999926207,20,159.37099171074948
942.7677351999992,0.13861940000060713,20,158.63748187788784
942.9054627999976,0.13762969999879715,20,159.7782495763065
943.0422097999981,0.13665509999918868,20,160.9177597883325
943.1786713000001,0.136374200003047,20,161.24921396443514
943.3150161999984,0.13625649999812595,20,161.38850297653653
943.4522376999994,0.1371340000005148,20,160.3558020289458
943.5902943999972,0.13798119999773917,20,159.37122271643028
943.7284676999989,0.13809549999859883,20,159.23931305323578
943.8665996999989,0.1380551000002015,20,159.28591233129313
944.0040537999994,0.1373693000023195,20,160.08112842642927
944.1415316999992,0.13738809999995283,20,160.0592231461644
944.2782238,0.13660130000062054,20,160.98113674921177
944.4153200000001,0.13701550000041607,20,160.49448825463708
944.5533954999992,0.13798619999943185,20,159.3654478173219
944.6916275999974,0.1381422999984352,20,159.18536578418843
944.8290925000001,0.137363900001219,20,160.08742147918667
944.9665577999986,0.13714729999992414,20,160.34025136136228
945.1036898999992,0.13704169999982696,20,160.46380448832556
945.240929399999,0.13714729999992414,20,160.34025136136228
945.3785050000006,0.13748360000317916,20,159.948041475576
945.5166223999986,0.13800479999918025,20,159.34396887391324
945.6547849999988,0.1380791000010504,20,159.25822630182785
945.7922022999992,0.13732340000206023,20,160.13463514004232
945.9293198999985,0.13702859999830252,20,160.47914490692023
946.0667360999978,0.13724789999832865,20,160.22272512575995
946.2034048999994,0.1365774000005331,20,161.0093072165246
946.3409986999977,0.13750179999988177,20,159.9268704521607
946.4791130999984,0.13802039999791305,20,159.3259587412622
946.6173127999973,0.138119999999617,20,159.2110668663552
946.7548362999987,0.137436400000297,20,160.00297268753022
946.8919653999983,0.13704219999999623,20,160.46321903414133
947.0294178999975,0.13736559999961173,20,160.0854402818621
947.1660553999973,0.13654919999680715,20,161.04255869704244
947.3038548000004,0.137718699999823,20,159.6749937049091
947.442184399999,0.13824010000098497,20,159.07274774369606
947.5803646999993,0.13809269999910612,20,159.24254182634087
947.7176581999993,0.13722210000196355,20,160.25284961537054
947.8543367999991,0.13659769999867422,20,160.98537937120048
947.9908336999979,0.13642799999797717,20,161.1856257941629
948.1281245999999,0.13718900000094436,20,160.29151430048057
948.2660770000002,0.1378729000025487,20,159.49640977388225
948.4044257999994,0.1382545000014943,20,159.0561794030742
948.5419072999975,0.13739469999927678,20,160.051534416071
948.6792835999986,0.13728550000087125,20,160.17884303426393
948.8164919999981,0.13713129999814555,20,160.35895930263462
948.9531059999972,0.13652299999739625,20,161.07346422170178
949.0904147000001,0.13723370000298019,20,160.23930386663375
949.2285220999984,0.13801560000138124,20,159.33149988334597
949.3667468999993,0.13813930000105756,20,159.18882284296828
949.5042420999998,0.13740429999961634,20,160.04035212567146
949.6409026999972,0.1365777999999409,20,161.0088356638452
949.7774109999991,0.13644550000026356,20,161.16495271355612
949.9139278000002,0.13644010000280105,20,161.17133126601746
950.0506754999988,0.13666290000037407,20,160.90857544702922
950.1887797999989,0.1380061999989266,20,159.34235241381214
950.327025999999,0.1381489999985206,20,159.17764555483924
950.4649828000001,0.1378619000024628,20,159.5091359913592
950.6025663,0.13749820000157342,20,159.93105768125227
950.7398919999978,0.13724889999866718,20,160.2215577373192
950.8771564999988,0.13717349999933504,20,160.3096265359315
951.014575899997,0.13733229999706964,20,160.12425741059621
951.1528646000006,0.13819950000106473,20,159.1194798487012
951.2909259999979,0.13797379999959958,20,159.3797703301918
951.4286303999979,0.13761370000065654,20,159.79682659077613
951.565864799999,0.13714170000093873,20,160.3467986423493
951.7032774999971,0.13733699999647797,20,160.11877757693807
951.8403237999992,0.13696840000193333,20,160.5496782849884
951.9780973999987,0.13769379999939702,20,159.70386869718388
952.1164977999979,0.13830289999896195,20,159.00051666078622
952.2555506999997,0.13895720000073197,20,158.25183981401585
952.3931325999984,0.13748819999818807,20,159.94269003310689
952.5302693999984,0.13704589999906602,20,160.45888680850624
952.6675106000002,0.13715070000034757,20,160.33627648611545
952.8047583999978,0.13715589999992517,20,160.33019764758203
952.942446699999,0.13760980000006384,20,159.8013553940911
953.0805536999978,0.13801329999841982,20,159.33415515585654
953.2187750999983,0.1381331999982649,20,159.19585266826672
953.3562920000004,0.1374275000016496,20,160.013334705616
953.4935344000005,0.13715180000144755,20,160.33499053813296
953.6301623999971,0.1365312999987509,20,161.06367225479565
953.7672932999994,0.1370511000022816,20,160.4527986652709
953.9051185999997,0.13774779999948805,20,159.6412614619016
954.0433391000006,0.13813870000012685,20,159.1895142744199
954.1817176999975,0.138283299998875,20,159.02305307798486
954.3186322000001,0.13682990000233985,20,160.71218757847484
954.4557819999973,0.13705139999729,20,160.45244744639476
954.5925218999982,0.13664670000071055,20,160.92765178672923
954.7290173999972,0.13640250000025844,20,161.2157589155502
954.8661236999978,0.13701509999737027,20,160.49495680360818
955.0043574999982,0.13802030000078958,20,159.32607417455404
955.1425825000006,0.1381353000033414,20,159.1934324896538
955.2797709999977,0.1370865999997477,20,160.41124774821515
955.4170247999973,0.137164899999334,20,160.3196776699197
955.5540277,0.13690649999989546,20,160.62226815773388
955.6905637999989,0.13645750000068801,20,161.1507799527994
955.8275904999973,0.13694369999939227,20,160.5786360060199
955.9655700999974,0.13789339999857475,20,159.47269815485942
956.1038033999976,0.13814129999809666,20,159.18651812182878
956.2412439999971,0.13736119999884977,20,160.09056819323172
956.3783341999988,0.13701320000109263,20,160.49718242727442
956.5157096999974,0.1372812999979942,20,160.18374356770585
956.6530418000002,0.13725150000027497,20,160.21852260613502
956.7904473999988,0.13731380000172067,20,160.14583061021136
956.9285587999984,0.13801750000129687,20,159.32930646703042
957.0667820999988,0.13813329999902635,20,159.19573741939854
957.2040925999972,0.13722499999857973,20,160.24946296773618
957.3407296999976,0.13654440000027535,20,161.04821988653987
957.4772861999991,0.136472700000013,20,161.13283136860272
957.6143577000003,0.13698790000125882,20,160.52682430578122
957.7525791999979,0.13813830000071903,20,159.1899752306604
957.8905749000005,0.1379149000022153,20,159.4478374357432
958.028781099998,0.1381215000001248,20,159.2093378329958
958.1662329999999,0.13736050000079558,20,160.0913840251938
958.3035653999978,0.1372479999990901,20,160.22260838530096
958.4408188999987,0.1371632000009413,20,160.321664669307
958.5780689999992,0.13715750000119442,20,160.32832732682135
958.7156653999991,0.13750470000013593,20,159.92349756407063
958.8541127999997,0.138353599999391,20,158.9422505494385
958.9919575999993,0.13776230000075884,20,159.62445861748003
959.1292056999991,0.13715489999958663,20,160.33136661968533
959.2664100000002,0.13712710000254447,20,160.36387085493647
959.4036639000005,0.1371610000023793,20,160.32423615414396
959.5409194999993,0.13716439999916474,20,160.32026207714182
959.6787908999977,0.13777439999830676,20,159.61043964473993
959.8169882000002,0.1381102000013925,20,159.22236413601806
959.9550912999985,0.13801759999842034,20,159.3291910290549
960.0923225000006,0.137140000002546,20,160.34878631407142
960.2295438999972,0.1371270999989065,20,160.36387085919094
960.3667370000003,0.13712870000017574,20,160.36199975272731
960.5040039999985,0.13715859999865643,20,160.32704151059733
960.6421050999998,0.13801120000061928,20,159.3365796067372
960.7802563999976,0.13805809999757912,20,159.28245105434308
960.9183553000003,0.13800700000138022,20,159.34142873405025
961.0548562999975,0.1363920000003418,20,161.2281699473935
961.1919336999999,0.13698500000100466,20,160.53022269123423
961.3312604999992,0.13881119999859948,20,158.41828725450011
961.4689577999998,0.1375794000014139,20,159.83666562940388
961.6070470999985,0.13798640000095475,20,159.36521682838196
961.7453083,0.13816890000089188,20,159.15471973344256
961.8831358999996,0.13773489999948652,20,159.65621317183937
962.0197115999981,0.13647649999984424,20,161.12834484724547
962.157224999999,0.13741419999860227,20,160.02882202671688
962.2945490999991,0.13718449999942095,20,160.29677227101328
962.4322515999993,0.13760410000031698,20,159.80797487479913
962.5702258999991,0.13787009999941802,20,159.49964898562362
962.708980899999,0.1386592999988352,20,158.59183304477037
962.8478386999996,0.13874570000189124,20,158.49307441758737
962.9844727999989,0.13654419999875245,20,161.04845578003983
963.1210415999994,0.1364772000015364,20,161.12751840800107
963.2583344999985,0.13719169999967562,20,160.28835968627834
963.3959541000004,0.13751980000233743,20,159.90593758241525
963.534031799998,0.13797929999782355,20,159.37341728699064
963.6726092999997,0.1384862000013527,20,158.79006395803484
963.8102717999973,0.13758189999862225,20,159.83376124141483
963.9468799999995,0.13652020000154153,20,161.07676779899015
964.0834025000004,0.13644290000229375,20,161.1680238044656
964.2205660999971,0.13706589999856078,20,160.4354734164435
964.3580994999975,0.1374292999971658,20,160.0112389131976
964.4960508000004,0.13785030000144616,20,159.52255856744094
964.6341149,0.1379752000029839,20,159.37815313943688
964.7716527999983,0.13743350000004284,20,160.0063489288503
964.9089060000006,0.1371513000012783,20,160.33557505699943
965.0455289999991,0.1365245999986655,20,161.071576519799
965.1827025999992,0.13707970000177738,20,160.41932215517596
965.3205997999976,0.13779629999771714,20,159.58507271881982
965.4588206999979,0.13812049999978626,20,159.2104905177293
965.5970555999993,0.13814120000097319,20,159.18663335315662
965.7345427999971,0.13739499999792315,20,160.05118494743186
965.8712339999984,0.13659479999842006,20,160.9887971999985
966.0077816999983,0.1364471999986563,20,161.16294475618815
966.1444919999994,0.13662169999952312,20,160.95709946221396
966.2825520999977,0.13797920000070008,20,159.37353278906116
966.4205928999982,0.13795349999782047,20,159.40322323005523
966.5587180999973,0.13803360000019893,20,159.3107225739842
966.6963967999982,0.1375822000009066,20,159.83341271890617
966.8329666999998,0.1364653000018734,20,161.1415689938623
966.9694741999992,0.1364212000007683,20,161.19366018915062
967.1059045000002,0.1363444000016898,20,161.2844572659197
967.243886799999,0.1379041000000143,20,159.46032464239804
967.3820844999973,0.13813149999987218,20,159.19781190778608
967.5197150999993,0.137564000000566,20,159.85455900838534
967.6575131999998,0.13773980000041774,20,159.65053350922034
967.7947060999977,0.13714450000043144,20,160.3435249350198
967.9313271999999,0.1365390999999363,20,161.0544712505814
968.0680364,0.13663980000274023,20,160.93577826576882
968.2061394999982,0.13800849999825004,20,159.33969687228569
968.344377999998,0.13814319999801228,20,159.1843286954147
968.4820911999996,0.13761480000175652,20,159.7955492813223
968.6195447999999,0.13736600000265753,20,160.084974120922
968.7568399999982,0.13722059999781777,20,160.25460139271883
968.8940944999995,0.13716330000170274,20,160.32154778462615
969.0314195999999,0.13722670000061044,20,160.24747775339767
969.1697179000003,0.13820330000089598,20,159.1151047433559
969.3079374999979,0.1381279999986873,20,159.20184579324237
969.445550299999,0.13751369999954477,20,159.91303088777914
969.5821741999971,0.13653290000002016,20,161.06178478239863
969.7192613999978,0.13701319999745465,20,160.49718243153595
969.8564464999981,0.13710549999814248,20,160.3891350516057
969.9942121999993,0.13768880000134232,20,159.70966814516228
970.1325942000003,0.13829460000124527,20,159.0100593611174
970.2709738999984,0.1382926000005682,20,159.01235897965367
970.408989399999,0.1379229000012856,20,159.43858891681532
970.5464016000005,0.1373135000030743,20,160.1461804922871
970.6830496999974,0.13656149999951595,20,161.02805370179698
970.8195631999988,0.1364346000009391,20,161.17782846410398
970.9568330000002,0.13717970000288915,20,160.30238114718767
971.0949115000003,0.1379921000007016,20,159.3586339754826
971.2331153999985,0.13810839999860036,20,159.22443932261075
971.3706347999978,0.13743109999995795,20,160.0091431672069
971.5082517999981,0.13752200000089942,20,159.90337949837976
971.6453696999997,0.13702489999923273,20,160.483478226535
971.7825534000003,0.13710730000093463,20,160.3870293950074
971.9199775999987,0.137354200000118,20,160.0987269082497
972.058126099997,0.13807699999961187,20,159.26064844674937
972.1962922999992,0.13808670000071288,20,159.24946106617418
972.3337408999978,0.13736620000054245,20,160.08474104570965
972.471243,0.13739470000291476,20,160.05153441183313
972.6086025999975,0.13726870000027702,20,160.19844695459068
972.7453294999978,0.13662629999817,20,160.951680282746
972.8820159999996,0.13659349999943515,20,160.99032937592884
973.0201861999994,0.13808310000240454,20,159.2536128978642
973.157666799998,0.13738949999969918,20,160.05759214181688
973.294403099997,0.13664759999664966,20,160.92659187617753
973.4310236999991,0.13652860000001965,20,161.06685746075794
973.5680723000005,0.13696880000134115,20,160.54920942071976
973.7056564999984,0.13749359999928856,20,159.93640835379819
973.8433860999976,0.13764140000057523,20,159.76466786466935
973.9815170000002,0.1380570000001171,20,159.28372016993956
974.1194739999992,0.137896100000944,20,159.46957568320977
974.256769399999,0.13721040000018547,20,160.26651445874566
974.3932427999971,0.136401299998397,20,161.21717722469234
974.5296935000006,0.13638120000177878,20,161.24093757228405
974.6664562999977,0.1366901000001235,20,160.87655620633925
974.8044838999995,0.13797429999976885,20,159.37919275949824
974.942238399999,0.13768640000125743,20,159.71245203098616
975.0803341999999,0.13803380000172183,20,159.31049174365768
975.2177058999987,0.13729790000070352,20,160.16437655206175
975.354268199997,0.13649249999798485,20,161.10945697268832
975.4908106000003,0.1364428000015323,20,161.16814192667582
975.6280463999974,0.1371527999981481,20,160.33382151743837
975.7661114000002,0.13800970000011148,20,159.3383114049392
975.9042131999995,0.13803790000019944,20,159.3057599071576
976.0423372000005,0.13802970000324422,20,159.31522386126426
976.1799266999988,0.13750599999912083,20,159.9219856272497
976.3167447999986,0.13675069999953848,20,160.80526502309834
976.453050199998,0.1362221999988833,20,161.42913971217808
976.589491499999,0.13636620000033872,20,161.2586737436797
976.7273502999997,0.13777200000185985,20,159.6132200681063
976.8651758999986,0.1377381999991485,20,159.65238804961837
977.0029670000004,0.13769180000235792,20,159.70618842330063
977.1410149999974,0.1379657999968913,20,159.38901203063
977.2776159999994,0.13651970000137226,20,161.07735773883888
977.4141502999992,0.13644460000068648,20,161.16601577057182
977.5514502999977,0.13721819999773288,20,160.2574043084906
977.6895272999973,0.1379942999992636,20,159.3560933722433
977.827583899998,0.13797889999841573,20,159.3738793088834
977.9651247000002,0.13745270000072196,20,159.9839985348014
978.1032635999982,0.13807939999969676,20,159.25788028893734
978.2400328999975,0.13669579999987036,20,160.86984790711094
978.3765984999991,0.13647209999908227,20,161.1335397906816
978.5138492000005,0.13715570000204025,20,160.3304314380874
978.6521544999996,0.13821359999928973,20,159.10324711629684
978.7895370000006,0.1373072000023967,20,160.1535284029982
978.9271821000002,0.1375530000004801,20,159.8673424457718
979.0650857999972,0.1378231999988202,20,159.55392528767464
979.2017768999976,0.13658479999867268,20,161.00058392832656
979.3381958999998,0.13631330000134767,20,161.3212544579479
979.4747362999988,0.13643930000034743,20,161.17227628303579
979.6125847999974,0.13774629999898025,20,159.64299988952732
979.7501063999989,0.13742389999970328,20,160.01752646786682
979.8879234999986,0.13771940000151517,20,159.674182107082
980.0260218999974,0.13799639999706415,20,159.35366832749145
980.1634008000001,0.13728310000078636,20,160.18164330055222
980.300729999999,0.13724870000078226,20,160.2217912110983
980.4385096999977,0.1376882000004116,20,159.71036410857474
980.5768821999991,0.1382607999985339,20,159.0489318429604
980.7143797999997,0.13740289999987,20,160.04198277868085
980.852179999998,0.13771450000058394,20,159.67986345248144
980.9889546999984,0.13668049999978393,20,160.88785566013266
981.1254531999984,0.13640139999915846,20,161.21705903059407
981.2619864999979,0.13645270000051823,20,161.15644875796875
981.3998328999987,0.13775489999898127,20,159.6330334215525
981.5379061999993,0.13798210000095423,20,159.3701832003421
981.6757787999995,0.13777699999991455,20,159.60742762241622
981.8138775999978,0.13800930000070366,20,159.33877322331088
981.9513189999998,0.1373633000002883,20,160.08812073875515
982.087970499997,0.13657129999774043,20,161.01649875108333
982.224568499998,0.13651779999781866,20,161.0795995531086
982.3626069999991,0.13794860000052722,20,159.40888530536702
982.5006958999984,0.13799139999900945,20,159.35944236871177
982.6386459999994,0.1378556000017852,20,159.5164255585934
982.7769737999988,0.13824010000098497,20,159.07274774369606
982.9138915999974,0.13683119999768678,20,160.71066069647682
983.0503422000002,0.1363576000003377,20,161.26884424091904
983.1870034999993,0.13656540000010864,20,161.02345510284823
983.3251617999995,0.13805990000037127,20,159.28037435534043
983.4619910999972,0.1367337999981828,20,160.82514020536436
983.6001032999993,0.1380073000000266,20,159.34108235952564
983.7383477999974,0.13815089999843622,20,159.1754563724805
983.8757836000004,0.1373529000011331,20,160.10024218883322
984.0124079999987,0.13654200000019046,20,161.05105063269414
984.1492345999977,0.13674729999911506,20,160.80926318590792
984.2872786999978,0.13796329999968293,20,159.39190027761396
984.4243298000001,0.1369585000029474,20,160.56128356434075
984.562219899999,0.13780590000169468,20,159.57395550734455
984.7005002000005,0.13818840000021737,20,159.13226114120584
984.8372052999985,0.13661670000146842,20,160.96299028803682
984.9737643999979,0.13646539999899687,20,161.14145091489596
985.1110178999988,0.13716199999907985,20,160.3230672902664
985.2491569999984,0.13805869999850984,20,159.28175881532533
985.3859061000003,0.1366604000031657,20,160.91151902826715
985.5235347999987,0.1375447999998869,20,159.8768732481205
985.6617174999992,0.13809000000037486,20,159.2456554092281
985.7987809000006,0.13697530000354163,20,160.54159074629823
985.9350935000002,0.1362230000013369,20,161.42819168058395
986.0720781999989,0.13690629999837256,20,160.62250280506743
986.2101455999982,0.13798680000036256,20,159.36475485671252
986.3476252999972,0.13739720000012312,20,160.04862220991618
986.4856116999981,0.1379053999989992,20,159.4588214506436
986.6238997999972,0.13820229999691946,20,159.1162560681708
986.760766899999,0.13678739999886602,20,160.76212104113608
986.8971839000005,0.13633470000058878,20,161.2959324033062
987.0336970999997,0.13642220000110683,20,161.19247860935823
987.1712096999981,0.13741339999978663,20,160.02975368889895
987.3084287999991,0.1371294000018679,20,160.36118115605012
987.4467707999975,0.13824969999768655,20,159.06170180396762
987.5850766000003,0.13821790000292822,20,159.0982973627448
987.7220551999999,0.1368724000021757,20,160.6622851295838
987.8585096999996,0.1363602000019455,20,161.26576930223231
987.9950518000005,0.13645750000068801,20,161.1507799527994
988.1322851000004,0.13715900000170222,20,160.32657394153566
988.2704726999982,0.13810839999860036,20,159.22443932261075
988.4084584999982,0.1379023999979836,20,159.4622904013385
988.5466484999997,0.13811150000037742,20,159.2208654272809
988.6839838999986,0.1372375999999349,20,160.23475021080543
988.8203546000004,0.13627919999998994,20,161.36162052258615
988.956384699999,0.1359493999989354,20,161.753068095131
989.0929570999979,0.1364763999990828,20,161.12846291130035
989.2310705999989,0.13802310000028228,20,159.32284201322116
989.3695000999978,0.13833669999803533,20,158.96166784253424
989.5077203999972,0.13812739999775658,20,159.2025373378284
989.644459799998,0.1366496000009647,20,160.92423655367273
989.7815335999985,0.13698389999990468,20,160.5315117728091
989.918205599999,0.13658220000070287,20,161.00364875808734
990.0548144999993,0.1365168000011181,20,161.08077947432034
990.1928840999972,0.13797839999824646,20,159.37445684106694
990.3310786999973,0.13810240000020713,20,159.23135698935732
990.4692345999974,0.1380764999994426,20,159.26122515858071
990.6067294999993,0.1374169000009715,20,160.025677739525
990.7433399000001,0.1365027000028931,20,161.09741825659071
990.8799231999983,0.1364778999995906,20,161.12669198152938
991.0167019999972,0.13667029999851366,20,160.8998630701707
991.1548973999998,0.13807500000257278,20,159.26295531493935
991.2931750999996,0.1381669000002148,20,159.1570235380964
991.4306588999971,0.1373822999994445,20,160.0659805201173
991.5673749999987,0.1366082999993523,20,160.97288785252624
991.7039038999974,0.13642999999865424,20,161.18326288746547
991.8404478999983,0.1364434999995865,20,161.16731508343486
991.9772086999983,0.13664849999986473,20,160.92553197101884
992.1152890999983,0.1379897999977402,20,159.36129015246146
992.2542662999986,0.1388909999986936,20,158.3272678267623
992.392555399998,0.13821549999920535,20,159.10105997986065
992.5292497999981,0.13660470000104397,20,160.97713003543763
992.6658040000002,0.1364659999999276,20,161.1407424232532
992.802365399999,0.13647169999967446,20,161.13401207409638
992.9391225999971,0.136674999997922,20,160.89433002271332
993.0772077999973,0.13800970000011148,20,159.3383114049392
993.2154623999995,0.138139400001819,20,159.18870760427825
993.3536683999992,0.13812270000198623,20,159.20795463167005
993.4909124999976,0.13715450000017881,20,160.33183421244897
993.6272936999994,0.13628919999973732,20,161.34978087451086
993.763257999999,0.1358762999989267,20,161.8400895203483
993.8996030999988,0.13625429999956395,20,161.39110879869753
994.0373273000005,0.13763380000091274,20,159.77348990854114
994.1754920999992,0.13808549999885145,20,159.25084498881424
994.3136403999997,0.13806499999918742,20,159.27449067938596
994.4510279999995,0.13731059999918216,20,160.14956278430782
994.5882586999978,0.13713730000017677,20,160.35194331149626
994.7249432999997,0.13658980000036536,20,160.99469034628632
994.8620293999993,0.13699930000075256,20,160.513466531575
995.0002817999994,0.13815669999894453,20,159.1687739768538
995.1381588000004,0.13779490000160877,20,159.58669410307104
995.2763850999982,0.1381206000005477,20,159.21037524766615
995.4143586999999,0.1378952000013669,20,159.47061649210428
995.5509684999997,0.13652680000086548,20,161.0689810013902
995.6875242999995,0.13647380000111298,20,161.13153261168566
995.8247142999971,0.13709969999763416,20,160.39592031127324
995.9628983999974,0.13810190000003786,20,159.23193348906838
996.1010623999973,0.1380828000001202,20,159.25395889640754
996.2387950999982,0.13765580000108457,20,159.74795508323473
996.3763677999996,0.13749160000224947,20,159.93873484023914
996.5129782999975,0.1365272000002733,20,161.06850909910978
996.6495512999973,0.1364830999991682,20,161.12055306227674
996.7870379999986,0.13739699999860022,20,160.0488551842037
996.9251221999984,0.1380036000009568,20,159.34535443544615
997.0633884999988,0.1381854999999632,20,159.13560073615434
997.2009407000005,0.13746660000106203,20,159.96782167704816
997.3376002999976,0.13656329999867012,20,161.02593124019518
997.4741194999988,0.13643840000077034,20,161.17333943666767
997.6106862999986,0.1364711999995052,20,161.13460243333193
997.7479776,0.13718560000052094,20,160.29548695662297
997.8860495999979,0.1379918999991787,20,159.35886494534012
998.0248071999995,0.13867989999926067,20,158.5682752557309
998.1631693999989,0.13827999999921303,20,159.02684810272743
998.2999722999994,0.1367221000000427,20,160.83890282195148
998.4364717999997,0.13642149999941466,20,161.19330571511347
998.5729893999996,0.1364318000014464,20,161.18113632809116
998.7102018999976,0.13713350000034552,20,160.35638669956353
998.8485010999975,0.13822409999920637,20,159.0911610612495
998.9866941999971,0.13811569999961648,20,159.2160236351194
999.1247414999998,0.1379679000019678,20,159.38658597547953
999.2621515999999,0.13731950000146753,20,160.1391831115391
999.398870699999,0.13662760000079288,20,160.95014883809998
999.5353170999988,0.13635140000042156,20,161.2761772556205
999.6725256999998,0.1371160000016971,20,160.37685284903165
999.8107449999989,0.1381303999987722,20,159.19907967916885
999.9489821999996,0.13814320000165026,20,159.18432869122262
1000.0872307999998,0.13817249999920023,20,159.15057305648583
1000.2241278000001,0.13681630000064615,20,160.72816291199328
1000.3606370999987,0.13643320000119274,20,161.17948237912586
1000.4971537999991,0.13644320000094012,20,161.1676694431711
1000.6343438000004,0.13709920000110287,20,160.39650527022116
1000.7728831999993,0.1383946999994805,20,158.89504840577382
1000.9110884999973,0.13811189999978524,20,159.22040429212976
1001.0486915999973,0.13750459999937448,20,159.92361386906356
1001.1861580000004,0.1373751999999513,20,160.07425325333682
1001.3228458999984,0.13659460000053514,20,160.98903291516538
1001.4593582999987,0.1364318000014464,20,161.18113632809116
1001.5969427999989,0.13749490000191145,20,159.93489616861638
1001.7351540999989,0.13812460000190185,20,159.20576461555157
1001.8741773999973,0.13892589999886695,20,158.2874939496476
1002.011837799997,0.1375698999981978,20,159.84770328253546
1002.149158799999,0.1372418999999354,20,160.22972980941205
1002.2863663999997,0.1371182000002591,20,160.3742796760638
1002.4234867999985,0.13706319999982952,20,160.43863382401221
1002.5612982999992,0.13773040000160108,20,159.66142954107713
1002.6993487,0.13796230000298237,20,159.3930556031947
1002.8382868999979,0.138848999999027,20,158.37515974673278
1002.975387399998,0.1370067999996536,20,160.5046797354263
1003.1119478999972,0.13647019999916665,20,161.13578316478092
1003.2490810999989,0.13704149999830406,20,160.46403867289933
1003.385839999999,0.13666920000105165,20,160.90115809085577
1003.5238007999978,0.1378731999975571,20,159.49606272944732
1003.6616288000005,0.13774150000244845,20,159.6485631064647
1003.8000003999987,0.13828989999819896,20,159.01546357186166
1003.9368001999974,0.13671590000012657,20,160.84619678837387
1004.0728885999997,0.1359879000010551,20,161.7072736276491
1004.2093322999972,0.13637119999839342,20,161.2527612558888
1004.3459867999991,0.13657529999909457,20,161.01178291876926
1004.4840588999978,0.13798970000061672,20,159.3614056369549
1004.6222374999998,0.1380965999996988,20,159.2380446409829
1004.760432799998,0.13811599999826285,20,159.21567780558794
1004.8980281000004,0.1374935000021651,20,159.9365246733389
1005.0345978000005,0.13648740000280668,20,161.11547699690814
1005.1711154000004,0.13643510000110837,20,161.17723778808647
1005.3077534999975,0.13655300000027637,20,161.03807719695277
1005.4459016000001,0.13805990000037127,20,159.28037435534043
1005.5840963999981,0.13811689999783994,20,159.21464032181373
1005.7217305999984,0.1375488999983645,20,159.87210770701526
1005.8592926999991,0.13720829999874695,20,160.26896737093037
1005.9957002999981,0.13631619999796385,20,161.31782250274338
1006.1321129999997,0.13633330000084243,20,161.29758874305924
1006.2685746999996,0.1363803000022017,20,161.24200163194388
1006.406375999999,0.13772210000024643,20,159.67105174464123
1006.5444465,0.1379854000006162,20,159.36637177137433
1006.6819624999989,0.13742410000122618,20,160.0172935847773
1006.8192199000005,0.13716910000221105,20,160.3147688157576
1006.9559611999975,0.13666100000045844,20,160.91081256134692
1007.0925456999976,0.13649099999747705,20,161.11122752362044
1007.2291258000005,0.13648870000179159,20,161.1139424379553
1007.3670858999976,0.13787779999984195,20,159.4907414793767
1007.5053343,0.13814620000266586,20,159.18087182344243
1007.6429413999977,0.13751269999920623,20,159.9141937846245
1007.7808939999995,0.13785140000254614,20,159.52128563883892
1007.918376499998,0.1373987999977544,20,160.04675845698364
1008.0557082999985,0.1372494999995979,20,160.2208573115707
1008.1929560999997,0.13717150000229594,20,160.31196389302394
1008.3312045999992,0.13817040000139968,20,159.15299192372052
1008.4690411999982,0.1377537999978813,20,159.63430813420916
1008.6063907999996,0.1372631000012916,20,160.20498265967385
1008.7441959999996,0.13772470000185422,20,159.66803743427243
1008.881690299997,0.13739319999876898,20,160.05328179063468
1009.019055599998,0.13727450000078534,20,160.19167839179306
1009.1568611999974,0.13771799999813084,20,159.67580531098665
1009.2950863000005,0.13813930000105756,20,159.18882284296828
1009.432992799997,0.13782049999645096,20,159.55705106342143
1009.5704756999985,0.13740189999953145,20,160.0431475517805
1009.7079412999992,0.1373736999994435,20,160.07600112400763
1009.8453463999977,0.13729369999782648,20,160.169276200351
1009.9827136999993,0.13727120000112336,20,160.19552939975787
1010.1208151999999,0.13799610000205575,20,159.35401475253582
1010.2590180999978,0.1381206000005477,20,159.21037524766615
1010.3957238999974,0.1366195999980846,20,160.95957355919867
1010.5326800999974,0.13689619999786373,20,160.63435329733883
1010.669928299998,0.137155199998233,20,160.33101592796558
1010.807265899999,0.13725820000036038,20,160.21070184121797
1010.9449367999987,0.13759869999921648,20,159.81424646922693
1011.0832370999997,0.13821939999979804,20,159.09657078204748
1011.2219527999987,0.1383760999997321,20,158.91640648610974
1011.3592360000002,0.13720130000001518,20,160.27714428010205
1011.4956560999999,0.13633450000270386,20,161.2961690187288
1011.6321795000003,0.1364415000025474,20,161.16967751827295
1011.7693502999973,0.13708520000000135,20,160.41288596814087
1011.9070993999994,0.1376553000009153,20,159.74853532972418
1012.0453200999982,0.1381333999997878,20,159.1956221706972
1012.1834933999999,0.1380953000007139,20,159.23954367314687
1012.3214265999995,0.13786160000017844,20,159.50948310110675
1012.4580089999981,0.13650069999857806,20,161.0997786513115
1012.5945365999978,0.13643649999721674,20,161.1755839234266
1012.7311491999972,0.13652409999849624,20,161.07216642162237
1012.868265699999,0.13702130000092438,20,160.4876946531061
1013.0063440999984,0.137986900001124,20,159.36463936316326
1013.1443332999988,0.13789819999874453,20,159.4671471833585
1013.2825373999985,0.1381126000014774,20,159.219597308897
1013.4189818999985,0.1363560999998299,20,161.27061829685238
1013.5548765999993,0.13580369999908726,20,161.92660844783904
1013.6913969999987,0.13643909999882453,20,161.1725125400963
1013.82935,0.13787200000297162,20,159.49745093308312
1013.9671438000005,0.13770210000075167,20,159.69424253805835
1014.105016999998,0.13777520000076038,20,159.60951285426287
1014.2433490999974,0.13825729999734904,20,159.05295818695754
1014.3800708999988,0.13662079999994603,20,160.9581597789552
1014.5164604999991,0.13630800000100862,20,161.3275270369845
1014.6530698999995,0.13651930000196444,20,161.07782969297068
1014.7909852999983,0.13782369999898947,20,159.55334645406583
1014.9290656999983,0.1380005999999412,20,159.3488184510022
1015.0672591999974,0.1381017999992764,20,159.23204879035043
1015.2055777999994,0.1382387000012386,20,159.0743587383487
1015.3423728999987,0.13669060000029276,20,160.87596773642738
1015.4782897999976,0.135836699999345,20,161.88727019742112
1015.6147652999971,0.13639219999822672,20,161.2279335314329
1015.7527697000005,0.13792910000120173,20,159.43142205182522
1015.8909650999994,0.13812139999936335,20,159.20945310155676
1016.0287417999971,0.13767509999888716,20,159.72556080001212
1016.1669086000002,0.1380898999996134,20,159.24577073038336
1016.3040034999976,0.1370387999995728,20,160.46720020598946
1016.4405073999988,0.13642890000119223,20,161.18456247413732
1016.5770095999978,0.1364183999976376,20,161.19696870730644
1016.7150234000001,0.1379324000008637,20,159.42760769320554
1016.8531915999993,0.1380888000021514,20,159.24703926152878
1016.9912583000005,0.13797750000230735,20,159.37549640450266
1017.1295312000002,0.1381799000009778,20,159.14205000412065
1017.2666772999983,0.1370442000006733,20,160.46087726012456
1017.4031995999976,0.13644170000043232,20,161.16944127382115
1017.5397244999986,0.13644610000119428,20,161.1642440152377
1017.6777714999989,0.13795440000103554,20,159.40218329647286
1017.8163781999974,0.13851209999847924,20,158.76037224012512
1017.9548121999978,0.13835349999862956,20,158.94236543157797
1018.0923401,0.13743679999970482,20,160.00250701098417
1018.2290017999985,0.13656239999909303,20,161.02699246400215
1018.3655431999978,0.13646370000060415,20,161.14345833670524
1018.5022064999976,0.1365756999985024,20,161.0113113515884
1018.6405298999998,0.13823799999954645,20,159.0751642500047
1018.7783180000006,0.1377083000006678,20,159.68705267157725
1018.9163642999993,0.13795380000010482,20,159.40287658261892
1019.0540097999983,0.13755339999988792,20,159.8668775583731
1019.1905808999982,0.13647069999933592,20,161.13519279689345
1019.3271214999986,0.13645289999840315,20,161.1562125522971
1019.4638081999983,0.1366015999992669,20,160.98078320925973
1019.6018836999974,0.13798379999934696,20,159.36821971582225
1019.740106899997,0.1381309999997029,20,159.19838816462126
1019.8781877999972,0.1379970999987563,20,159.3528599928418
1020.0157068999979,0.13743009999961942,20,160.01030746234557
1020.1529515000002,0.13714550000076997,20,160.3423557856185
1020.2895561000005,0.13651350000145612,20,161.08467334941557
1020.4265011999996,0.13685289999921224,20,160.6851777028224
1020.5645535000003,0.13796500000171363,20,159.3899362537373
1020.702794599998,0.13814219999767374,20,159.18548101804015
1020.8411022,0.13820720000148867,20,159.1106147529444
1020.9782317999998,0.13703060000261758,20,160.47680266378416
1021.1148130000001,0.13647800000035204,20,161.12657392006972
1021.2513856000005,0.13647150000178954,20,161.13424821469425
1021.3879287999989,0.13643210000009276,20,161.18078190913317
1021.526246999998,0.13821269999971264,20,159.10428314884032
1021.6641624999975,0.13781489999746555,20,159.56353453744413
1021.8021735000002,0.13790370000060648,20,159.46078716831593
1021.9396823999996,0.13739840000198456,20,160.04722438690973
1022.0769264999981,0.1371340000005148,20,160.3558020289458
1022.213630299997,0.1366158999990148,20,160.9639328634411
1022.3506323999973,0.13691849999668193,20,160.60819068316488
1022.4891905999975,0.13848239999788348,20,158.79442121060939
1022.6267726999977,0.13750309999886667,20,159.92535845156397
1022.7648850999976,0.13801619999867398,20,159.33080722213245
1022.9023438999975,0.1373673999987659,20,160.08334259596936
1023.0390236999992,0.13658940000095754,20,160.9951618161134
1023.1761377000003,0.13702520000151708,20,160.48312686481415
1023.3138316999975,0.13759579999896232,20,159.81761475049265
1023.4520712999984,0.13813070000105654,20,159.1987339190477
1023.5895411999991,0.13739039999927627,20,160.05654365687732
1023.7277369000003,0.1380977000007988,20,159.23677624893682
1023.8643697999978,0.13655409999773838,20,161.0367799713389
1024.0008185000006,0.1363489000032132,20,161.27913430179325
1024.1372426999988,0.13633670000126585,20,161.29356626143823
1024.2748847999974,0.13755599999785773,20,159.86385585407015
1024.4130253000003,0.1380769000024884,20,159.26076378542461
1024.5508475999995,0.13774170000033337,20,159.64833130030178
1024.6890375000003,0.1381113000024925,20,159.22109599376114
1024.8264344999989,0.13731650000045192,20,160.14268172759742
1024.9630806999994,0.13655569999900763,20,161.0348931291759
1025.0995471999995,0.13637000000016997,20,161.2541802118691
1025.2372722999971,0.1376319999981206,20,159.77557948602276
1025.375312799999,0.1379598999992595,20,159.39582846637344
1025.5135549999977,0.13815889999750652,20,159.1662394237134
1025.6515360999983,0.13789669999823673,20,159.46888182096592
1025.7881393999996,0.13651340000069467,20,161.08479134947996
1025.9252020999993,0.1369723999996495,20,160.54498976126774
1026.0618837000002,0.1365936000001966,20,160.99021151421698
1026.1998741999996,0.13790000000153668,20,159.46506566551815
1026.3376951999999,0.13773710000168649,20,159.65366306718192
1026.4758957999984,0.1381130999980087,20,159.2190209027026
1026.6139885999983,0.13801369999782764,20,159.33369336425392
1026.7506799999974,0.136616599997069,20,160.96310811418076
1026.8872096999985,0.13645189999806462,20,161.15739360046948
1027.0239602999973,0.13665859999673557,20,160.91363848338335
1027.1620459999976,0.13800139999875682,20,159.34789470047474
1027.3000030999974,0.1378664999974717,20,159.50381387736164
1027.4383219999982,0.138247599999886,20,159.06411797049736
1027.5759429999998,0.1375296000005619,20,159.89454310512176
1027.7124179999992,0.13638770000034128,20,161.23325311201066
1027.8489883999973,0.13647429999764427,20,161.13094227923926
1027.9857591999971,0.1366712999988522,20,160.89868579361342
1028.1237965,0.13793960000111838,20,159.41928608856128
1028.261458099998,0.13756649999777437,20,159.85165397008552
1028.3996582,0.13812110000071698,20,159.2097989040476
1028.5374802999977,0.1377431999972032,20,159.64659276077876
1028.6748230999983,0.13726490000044578,20,160.20288183977542
1028.811538599999,0.13662440000189235,20,160.95391859152113
1028.9481425999984,0.13651129999925615,20,161.08726937359634
1029.0863318999982,0.1380974999992759,20,159.2370068656949
1029.2241036999985,0.1376760999992257,20,159.72440064501882
1029.3625107999978,0.1383064999972703,20,158.99637801516207
1029.5000039000006,0.137391000000207,20,160.0558446731363
1029.6366984999986,0.1366052999983367,20,160.97642299228326
1029.7732674,0.1364692000024661,20,161.1369639092383
1029.9099607999997,0.13660390000222833,20,160.97807277216307
1030.048155999997,0.1381039999978384,20,159.22951222168936
1030.1858766999976,0.13762489999862737,20,159.78382222794946
1030.324026299997,0.13806019999901764,20,159.28002824620324
1030.4614196000002,0.1372581000032369,20,160.2108185600807
1030.5986158999985,0.13710920000085025,20,160.38480682101297
1030.7352544999994,0.13655239999934565,20,161.0387847860995
1030.872097899999,0.13674900000114576,20,160.80726407751246
1031.0103350999998,0.13814629999978933,20,159.1807566004557
1031.148567199998,0.13814070000080392,20,159.18720952906727
1031.2869257999992,0.13825630000064848,20,159.05410860421446
1031.4239338999978,0.13692140000057407,20,160.60478899155137
1031.5603067999982,0.1362818999987212,20,161.35842364779435
1031.6967499999992,0.13634530000126688,20,161.28339264584605
1031.8332563000004,0.13640870000017458,20,161.20843139397894
1031.9708076999996,0.1374567000020761,20,159.9793429871943
1032.1085280999978,0.13762649999989662,20,159.7819646328034
1032.2467598000003,0.1381373000003805,20,159.19112763503725
1032.3843912999982,0.1375369999987015,20,159.88594018865913
1032.5210149999984,0.13654749999841442,20,161.04456365569013
1032.6575426999989,0.13645109999924898,20,161.15833844975256
1032.7946660999987,0.13703840000016498,20,160.46766859138407
1032.9327808999988,0.138036699998338,20,159.30714480848042
1033.0710077999975,0.13813349999691127,20,159.19550692635536
1033.2085047,0.13740250000046217,20,160.04244868503872
1033.3464762000003,0.13787490000322578,20,159.4940961335639
1033.4830693000004,0.13650700000289362,20,161.092343653101
1033.6195090999972,0.13634989999991376,20,161.27795147289368
1033.7559718999983,0.13638069999797153,20,161.24152871958475
1033.8937651999986,0.13769980000142823,20,159.6969099104858
1034.031938199998,0.13808599999902071,20,159.250268352157
1034.1687079999974,0.13667489999716054,20,160.8944477440763
1034.3062384000004,0.13744800000131363,20,159.98946914694892
1034.4434433999995,0.1371221000008518,20,160.3697183414154
1034.5806491999974,0.13712649999797577,20,160.36457253590382
1034.717858699998,0.1371289999988221,20,160.36164892698767
1034.8559313000005,0.13798910000332398,20,159.36209856423648
1034.9941338999997,0.1381204000026628,20,159.21060578376589
1035.1316659999975,0.13742629999978817,20,160.01473193671004
1035.2690174999989,0.13726150000002235,20,160.20685010375394
1035.4064715999993,0.13737269999910495,20,160.0771663923274
1035.5437477999985,0.13718349999908241,20,160.29794075575478
1035.6804324000004,0.13659610000104294,20,160.9872650489443
1035.8181583000005,0.1376393000027747,20,159.76710543483364
1035.9562891999994,0.13805169999977807,20,159.28983529761206
1036.0931932999993,0.1368256999994628,20,160.71712080118235
1036.2302713999998,0.13699750000159838,20,160.51557550512553
1036.3676360999998,0.13727620000281604,20,160.18969460888997
1036.5051765999997,0.13746000000173808,20,159.9755023660843
1036.6426534999991,0.13740099999995437,20,160.04419586121867
1036.7809653000004,0.13822880000225268,20,159.0857517041429
1036.9190493999995,0.13799420000214013,20,159.35620884920493
1037.0557401999977,0.13661409999986063,20,160.96605369096187
1037.1922271999974,0.1363984999989043,20,161.2204867040081
1037.3288084999986,0.1364992999988317,20,161.10143096490762
1037.4653973999993,0.13649839999925462,20,161.10249318409655
1037.6029952999997,0.13750980000259005,20,159.91756627604582
1037.7412277999974,0.13813819999995758,20,159.19009047118575
1037.8795503999972,0.13822549999895273,20,159.08954972625608
1038.0162662999974,0.13662599999952363,20,160.95203369488
1038.1528403999982,0.13648040000043693,20,161.12374051841584
1038.2902824999983,0.1373569999996107,20,160.09546332245407
1038.4271579999986,0.1367869999994582,20,160.7625911497957
1038.564290299997,0.13705339999796706,20,160.4501059867627
1038.7025644999994,0.13818539999920176,20,159.1357158979677
1038.8403617999975,0.13771509999787668,20,159.67916775908415
1038.9778327999993,0.1373743000003742,20,160.07530197031105
1039.1149518999991,0.13703019999957178,20,160.4772711094979
1039.252314199999,0.13727730000027805,20,160.1884110153351
1039.3899203999972,0.13751739999861456,20,159.90872831904576
1039.5282355999989,0.13812550000147894,20,159.2047272609659
1039.6664388999998,0.13811180000266177,20,159.22051957252162
1039.8038484999997,0.1373239000022295,20,160.134052085347
1039.941327299999,0.1373913999996148,20,160.05537868878002
1040.0779814999987,0.13656279999850085,20,161.02652080772657
1040.2153330999972,0.1372628999997687,20,160.2052160893953
1040.3532223000002,0.13780400000177906,20,159.57615566482906
1040.4909559999978,0.13764589999846066,20,159.75944474747104
1040.629232299998,0.13819560000047204,20,159.12397033946732
1040.765980199998,0.13667179999902146,20,160.89809716179522
1040.9031662999987,0.13708699999915552,20,160.4107796921332
1041.0397933999993,0.13653379999959725,20,161.06072309995668
1041.1769074000003,0.1370545999998285,20,160.44870114208146
1041.314924299997,0.13792999999714084,20,159.430381758688
1041.4531547000006,0.1381433000024117,20,159.18421345903923
1041.5906366999989,0.13739039999927627,20,160.05654365687732
1041.7279371000004,0.13722680000137188,20,160.24736097686576
1041.8652366999995,0.13720960000136984,20,160.26744889060575
1042.001769999999,0.13645050000195624,20,161.1590470918372
1042.1391022999996,0.1372369000018807,20,160.2355675129549
1042.277162899998,0.13798490000044694,20,159.36694924914806
1042.4153650999979,0.1381215000001248,20,159.2093378329958
1042.5528176999978,0.13736900000003516,20,160.08147803008228
1042.6903085999984,0.1374175999990257,20,160.0248625771074
1042.827739299999,0.13736269999935757,20,160.0888200044324
1042.9643971000005,0.13655730000027688,20,161.03300633122808
1043.100964199999,0.13648109999849112,20,161.12291413069735
1043.238919299998,0.1378746999980649,20,159.494327500467
1043.3770994000006,0.1380970000027446,20,159.23758340212282
1043.514611399998,0.13738889999876847,20,160.0582911408208
1043.6524308999979,0.13773159999982454,20,159.6600384773575
1043.7900284999996,0.13751520000005257,20,159.91128657422303
1043.927491999999,0.13737789999868255,20,160.0711071848593
1044.0646468999985,0.13704779999898165,20,160.45666224254165
1044.2026789999982,0.13794050000069547,20,159.4182459495879
1044.3408850999986,0.1381251999991946,20,159.20507304712118
1044.4781693999976,0.1371870000002673,20,160.29385113368727
1044.6149153000006,0.13665170000240323,20,160.92176354288506
1044.7515170000006,0.1365146000025561,20,161.08337536870235
1044.8883520999989,0.13673710000148276,20,160.82125886304112
1045.0251051999985,0.13666809999995166,20,160.90245313667035
1045.1631215999987,0.13793440000154078,20,159.42529604851552
1045.3013081999998,0.13810500000181491,20,159.22835925731155
1045.4390989999993,0.13770500000100583,20,159.69087945506246
1045.5764423,0.1372631000012916,20,160.20498265967385
1045.7137339999972,0.13718749999679858,20,160.29326692324858
1045.8509849000002,0.13716000000204076,20,160.3254050393177
1045.9882313999988,0.1371593000003486,20,160.32622327078155
1046.1263345999978,0.13800409999748808,20,159.34477711836288
1046.2646329999989,0.13823929999853135,20,159.07366831106367
1046.4020662999974,0.1373379999968165,20,160.11761170273147
1046.5392601999993,0.13711659999898984,20,160.3761510691047
1046.6764373000005,0.13710200000059558,20,160.39322953293512
1046.8136134999986,0.137105400001019,20,160.38925203060248
1046.950952799998,0.13725119999799062,20,160.21887281016078
1047.0891467000001,0.1381132999995316,20,159.21879033803825
1047.227352599999,0.1381203999990248,20,159.21060578795934
1047.3648839999987,0.13744339999902877,20,159.99482372871591
1047.5015338999983,0.13655740000103833,20,161.03288840702
1047.6380718,0.13644840000051772,20,161.1615274011023
1047.774501699998,0.1363469999996596,20,161.28138173612106
1047.9116388999973,0.1370437999976275,20,160.46134561286752
1048.050036499997,0.13830659999803174,20,158.99626305492976
1048.1881413999981,0.1380176999991818,20,159.3290755870469
1048.324913299999,0.13668559999860008,20,160.8818526292837
1048.462107899999,0.13709730000118725,20,160.3987281684582
1048.5993122,0.1370984999994107,20,160.3973242275774
1048.7357878000003,0.13642980000076932,20,161.18349917243884
1048.8730533999988,0.13720380000086152,20,160.27422385809956
1049.0112310000004,0.13809740000215243,20,159.2371221701296
1049.1494558999984,0.13813189999928,20,159.19735090616015
1049.2865748000004,0.13703700000041863,20,160.46930796392814
1049.4230377999993,0.13637559999915538,20,161.24755862233562
1049.5595370999981,0.1364054000005126,20,161.212331443164
1049.6958615000003,0.13623710000319988,20,161.41148450020955
1049.8332477999975,0.13729659999808064,20,160.16589307985353
1049.9715856000003,0.13824279999971623,20,159.06964091847922
1050.1094073999993,0.13773810000202502,20,159.65250395639768
1050.2470283000002,0.13751890000276035,20,159.90698409512146
1050.3843591000004,0.1372365000024729,20,160.23603454710485
1050.5215825999985,0.1371337999989919,20,160.35603589838288
1050.6582041000001,0.13653200000044308,20,161.06284647883746
1050.7959859000002,0.1376726000016788,20,159.72846125701008
1050.9342042999997,0.1381284000017331,20,159.20138476406075
1051.0720115000004,0.137705700002698,20,159.69006769573923
1051.2087508000004,0.13662640000256943,20,160.951562473332
1051.3458800999979,0.13702310000007856,20,160.48558641212605
1051.4831296999982,0.13714830000026268,20,160.33908225969904
1051.6197237999986,0.13650090000010096,20,161.09954260743876
1051.757523799999,0.13771120000092196,20,159.68368989140157
1051.8958701999982,0.13825899999937974,20,159.05100250702415
1052.0333288000002,0.13737050000054296,20,160.07973003980538
1052.1704333999987,0.13702030000058585,20,160.48886592297623
1052.3079281999999,0.13739870000063092,20,160.046874937092
1052.4446031999978,0.13659829999960493,20,160.98467225129156
1052.581211599998,0.13652059999731136,20,161.07629585537327
1052.7193902,0.13809590000164462,20,159.23885180702766
1052.8574244999982,0.13795639999807463,20,159.39987239321195
1052.994077299998,0.13657529999909457,20,161.01178291876926
1053.1306237999997,0.13646979999975883,20,161.13625546134648
1053.2671470999994,0.13644310000017867,20,161.16778756486187
1053.4041928999977,0.13696539999727975,20,160.55319486495674
1053.541373199998,0.13710469999932684,20,160.3900709138926
1053.6796575999979,0.1382101999988663,20,159.10716109013939
1053.8180261999987,0.138282200001413,20,159.0243180633176
1053.9552354999978,0.13712939999822993,20,160.36118116030443
1054.0924708999992,0.13715009999941685,20,160.33697792136863
1054.229652099999,0.13710189999983413,20,160.39334652216056
1054.3668321000005,0.1371013000025414,20,160.39404845258488
1054.504064599998,0.13716379999823403,20,160.3209633722828
1054.6427031999992,0.13855530000000726,20,158.71087252179345
1054.7810290999987,0.1382512999989558,20,159.05986096106213
1054.9177038999987,0.13658569999824977,20,160.99952305257275
1055.0542322000001,0.13644829999975627,20,161.16164551379006
1055.190737599998,0.13642569999865373,20,161.18834322079346
1055.3271915999976,0.13639100000000326,20,161.229352050498
1055.4646637000005,0.13739950000308454,20,160.0459430713091
1055.6029423999971,0.13821229999666684,20,159.10474361580205
1055.7411847999974,0.13815129999784403,20,159.1749955003187
1055.8784665999992,0.13719169999967562,20,160.28835968627834
1056.0150221999975,0.13646849999713595,20,161.13779044967524
1056.1514338999987,0.13632869999855757,20,161.303031245458
1056.2878865999992,0.13635710000016843,20,161.26943558856004
1056.4249764999986,0.1370074000005843,20,160.50397683209968
1056.5635607000004,0.1384955000030459,20,158.7794011721419
1056.7012452999988,0.1376038000016706,20,159.80832328215516
1056.8386987999984,0.13736969999808935,20,160.08066229907948
1056.975900399997,0.13711999999941327,20,160.37217441375506
1057.1125713999973,0.13658059999943362,20,161.0055348681379
1057.2497282999975,0.13706049999746028,20,160.4417943603553
1057.3875756999987,0.13775860000168905,20,159.62874590225496
1057.525783099998,0.13812569999936386,20,159.20449674189
1057.6632757999978,0.13741210000080173,20,160.0312676641409
1057.800030899998,0.13667999999961467,20,160.88844421701782
1057.9366486,0.13653379999959725,20,161.06072309995668
1058.073203699998,0.13646379999772762,20,161.14334025497004
1058.2096501999986,0.1363615000009304,20,161.2642318790125
1058.3473992,0.13765520000015385,20,159.74865138037228
1058.4856022999993,0.13811580000037793,20,159.21590835704407
1058.6231182999982,0.13742909999928088,20,160.01147177442817
1058.7610845999989,0.1378580000018701,20,159.51364850223922
1058.8982991999983,0.13713740000093821,20,160.35182638266116
1059.0348271000003,0.13644190000195522,20,161.16920502576465
1059.1712805999996,0.13635680000152206,20,161.26979039750523
1059.3093702999977,0.138002100000449,20,159.34708642439827
1059.4473789999975,0.13792409999950905,20,159.43720173340466
1059.584719399998,0.13724630000069737,20,160.2245929792516
1059.7230519000004,0.13824150000073132,20,159.07113678167315
1059.8602159999973,0.1370863999982248,20,160.41148177940892
1059.9966615999983,0.13635359999898355,20,161.27357514347935
1060.133243799999,0.13649369999984629,20,161.1080405582438
1060.271330399999,0.13800590000028023,20,159.34269879385843
1060.409404799997,0.13798629999655532,20,159.36533232696988
1060.5473042999984,0.13782480000008945,20,159.55207303406738
1060.6852244000002,0.13782540000102017,20,159.5513784495255
1060.8218978000004,0.1365899000011268,20,160.99457247818904
1060.958412,0.1364309000018693,20,161.1821995986151
1061.0951308000003,0.1366319000007934,20,160.94508350826055
1061.2333231999983,0.13809630000105244,20,159.23839056768654
1061.3710135000001,0.13759720000234665,20,159.81598866216004
1061.5088247999993,0.13773240000227815,20,159.65911111079362
1061.6462973999987,0.13738960000046063,20,160.05747564187007
1061.7830020999972,0.13661579999825335,20,160.96405068667863
1061.9195398999982,0.13645289999840315,20,161.1562125522971
1062.0566273999975,0.13700189999872237,20,160.51042033522947
1062.194722199998,0.13800419999824953,20,159.34466165376796
1062.3328666999987,0.1380563999991864,20,159.28441242600556
1062.4711889999999,0.13823120000233757,20,159.08298962280682
1062.6086768999994,0.13739150000037625,20,160.0552621920554
1062.7453131000002,0.13655870000002324,20,161.03135542090146
1062.881841899998,0.1364480000011099,20,161.16199984859526
1063.0190633999991,0.1371392000000924,20,160.34972170980424
1063.1571277000003,0.13798270000188495,20,159.36949019855095
1063.2951485999984,0.13794090000010328,20,159.4177836704236
1063.4333398999988,0.13811469999927795,20,159.21717641666646
1063.570685499999,0.13725540000086767,20,160.21397012708417
1063.7066807999981,0.13590620000104536,20,161.80448394076836
1063.8429577999996,0.13618879999921774,20,161.46872984890322
1063.979491099999,0.13642780000009225,20,161.18586208606405
1064.1176268999989,0.1380578999996942,20,159.28268179922125
1064.255743499998,0.13803600000028382,20,159.30795267520637
1064.3937925999999,0.1379698000018834,20,159.38439104224122
1064.5312097999995,0.13733739999952377,20,160.11831122182488
1064.667842499999,0.13654609999866807,20,161.04621483685366
1064.8043317999982,0.13641569999890635,20,161.20015918766165
1064.9410962999973,0.13668809999944642,20,160.87891012903873
1065.0791457999985,0.1379732999994303,20,159.38034790507146
1065.217415199997,0.13818059999903198,20,159.1412438191327
1065.3558075999972,0.13829289999921457,20,159.01201403430613
1065.4927331,0.13684400000056485,20,160.6956282732837
1065.6292519999988,0.1364434999995865,20,161.16731508343486
1065.7657333999996,0.13638369999898714,20,161.23798192660348
1065.9023847999997,0.13656130000163103,20,161.02828953193443
1066.0404481999976,0.1379715999973996,20,159.382311692656
1066.1787953999992,0.1382567000000563,20,159.05364843447765
1066.3170083000005,0.1381262000031711,20,159.203920436638
1066.4536259999986,0.13654930000120657,20,161.04244075455304
1066.5899895000002,0.13625860000320245,20,161.38601567169462
1066.7264560000003,0.13637170000220067,20,161.25217002622347
1066.862771,0.13623270000243792,20,161.4166977174091
1067.000286999999,0.13743479999902775,20,160.00483542505657
1067.1384760999972,0.1381032999997842,20,159.23031930123582
1067.2773474999995,0.1387813000001188,20,158.45241798067303
1067.414944799999,0.13750770000115153,20,159.92000851832913
1067.5516067999997,0.13656230000196956,20,161.02711037528547
1067.6881582999995,0.13646430000153487,20,161.1427498274103
1067.825273399998,0.1370238999988942,20,160.4846494348611
1067.9631095000004,0.13773550000041723,20,159.65551768028857
1068.1013042999984,0.13809960000071442,20,159.23458543982923
1068.2395576999988,0.1381617000006372,20,159.16301373983225
1068.3761988000006,0.1365482000001066,20,161.04373807565997
1068.512664599999,0.136376400001609,20,161.24661272229326
1068.6491231999971,0.13636509999923874,20,161.25997455098675
1068.7856624999986,0.1364581999987422,20,161.1499532876932
1068.9235800999995,0.1378389999990759,20,159.5356361818312
1069.0622418999992,0.13857350000034785,20,158.69002771428015
1069.2005059000003,0.13817570000173873,20,159.1468872981522
1069.3369860999992,0.13639020000118762,20,161.230297743742
1069.4735451999986,0.13646890000018175,20,161.13731813981585
1069.6105989999996,0.13696709999931045,20,160.55120211810507
1069.7473823999972,0.13668939999843133,20,160.87738007316122
1069.885471499998,0.1380024999998568,20,159.3466245578364
1070.0241626999996,0.13859640000009676,20,158.66380768551454
1070.163088199999,0.13883400000122492,20,158.3922710238557
1070.2998436999987,0.13666860000012093,20,160.90186447728698
1070.4364487999992,0.13651870000103372,20,161.0785376315002
1070.5723194999991,0.13578640000196174,20,161.94723886340827
1070.7086992000004,0.13629970000329195,20,161.3373511092753
1070.8464189000006,0.13764179999998305,20,159.76420357422458
1070.9846029,0.13811150000037742,20,159.2208654272809
1071.1228271999971,0.1381407999979274,20,159.1870942969053
1071.2603388999996,0.13742520000232616,20,160.0160127483735
1071.3968996999974,0.13647800000035204,20,161.12657392006972
1071.533359099998,0.1363601999983075,20,161.26576930653474
1071.6698093999985,0.13636739999856218,20,161.257254708617
1071.807141899997,0.13725089999934426,20,160.2192230114707
1071.9454041999998,0.13817980000021635,20,159.14216517526853
1072.083031099999,0.13753540000107023,20,159.88780019797727
1072.2206439999973,0.1375183999989531,20,159.90756550168857
1072.3578444999985,0.13712089999899035,20,160.37112180332772
1072.4950671000006,0.13713280000229133,20,160.35720524303863
1072.631757799998,0.1365908000007039,20,160.99351168165558
1072.7703048000003,0.13836930000252323,20,158.92421624680472
1072.9083299999984,0.1379424000006111,20,159.41605014428185
1073.0461345999975,0.1377245999974548,20,159.66815337221084
1073.1834643999973,0.13724549999824376,20,160.22552692657607
1073.3208201999987,0.13726699999824632,20,160.20043095427843
1073.4580638999978,0.13715469999806373,20,160.33160041785257
1073.5948649999991,0.13671869999961928,20,160.8429026576557
1073.7332037999986,0.138249799998448,20,159.0615867492529
1073.8709955999984,0.13770519999889075,20,159.69064752599857
1074.0087064,0.13762080000014976,20,159.78858250712153
1074.1460468000005,0.1372564000012062,20,160.2128028662179
1074.283537899999,0.13740030000190018,20,160.04501122061512
1074.4208781999987,0.13725690000137547,20,160.21221924216294
1074.558169,0.1372043000010308,20,160.2736397864702
1074.6964403999991,0.13819539999894914,20,159.1242006295956
1074.8345692999974,0.1380472999990161,20,159.2949123646513
1074.972155899999,0.1375106000014057,20,159.91663591966878
1075.1087898000005,0.13656170000103884,20,161.0278178680605
1075.2453682999985,0.13648530000136816,20,161.11795596521796
1075.3826120999984,0.13715310000043246,20,160.33347081072657
1075.5203899999979,0.13770110000041313,20,159.6954022549858
1075.6583214999991,0.1378459000006842,20,159.5276504807967
1075.7961868999992,0.1377732000000833,20,159.61182984431443
1075.9342479999978,0.13797259999773814,20,159.3811565186167
1076.0716614999983,0.13732750000053784,20,160.12985422026816
1076.2088460999985,0.13710400000127265,20,160.39088980128867
1076.3460493999992,0.13715289999890956,20,160.33370461503063
1076.4840404999995,0.13789689999975963,20,159.46865053208833
1076.6222108000002,0.13806400000248686,20,159.27564430353968
1076.7600280999977,0.13772469999821624,20,159.66803743849002
1076.8967522999992,0.13663939999969443,20,160.93624939489766
1077.0332818999996,0.13644810000187135,20,161.1618817353881
1077.1697965999992,0.13643729999967036,20,161.17463886762
1077.3071214999982,0.13723430000027292,20,160.23860328996662
1077.4452261999977,0.13801260000036564,20,159.33496329655222
1077.583446499997,0.1381253999970795,20,159.20484252704395
1077.721388599999,0.13786120000077062,20,159.50994591224418
1077.8590745999973,0.13759919999938575,20,159.81366574528172
1077.996333799998,0.13716070000009495,20,160.32458682045788
1078.1330089999974,0.13658529999884195,20,160.99999455070528
1078.2706128999998,0.137472099999286,20,159.96142166762718
1078.4088585999998,0.13815950000207522,20,159.16554819024168
1078.5472298999994,0.13828700000158278,20,159.01879826208037
1078.684679599999,0.13736340000104974,20,160.0880041943629
1078.821349599999,0.13658080000095651,20,161.0052991003567
1078.958548999999,0.13712049999958253,20,160.37158962800567
1079.0952383999975,0.13660019999952056,20,160.9824330828006
1079.2330541999982,0.13773899999796413,20,159.65146077614207
1079.3711255999988,0.13798099999985425,20,159.37145371857883
1079.5091489999977,0.1379382999984955,20,159.4207885392226
1079.646598299998,0.13736639999842737,20,160.08450797117604
1079.7838572,0.13716810000187252,20,160.31593756288675
1079.9213334999986,0.13739089999944554,20,160.05596117070888
1080.0586048000005,0.13717610000094282,20,160.30658806722786
1080.1968750999986,0.13816310000038357,20,159.1614009490157
1080.3348587,0.1378882999997586,20,159.47859648395476
1080.4725284999986,0.13756629999988945,20,159.85188636706573
1080.6092112999977,0.13657859999875654,20,161.0078925667726
1080.7457978999992,0.1364852000006067,20,161.11807401404874
1080.8830866999997,0.13718490000246675,20,160.2963048784858
1081.0202035000002,0.1370234000023629,20,160.4852350411739
1081.1585272999982,0.13823090000005323,20,159.08333488034538
1081.2960725999983,0.13747669999793288,20,159.95606932557044
1081.4341314999983,0.13794299999790383,20,159.41535674774482
1081.5714038999977,0.137166000000434,20,160.318391988178
1081.7081053999973,0.1365732999984175,20,161.0141408003966
1081.8451386999986,0.13693849999981467,20,160.5847336983373
1081.9830041999994,0.13776030000008177,20,159.6267760414789
1082.1210882999985,0.13799179999841726,20,159.35898043051995
1082.2582457999997,0.1370669000025373,20,160.43430292151447
1082.3950125999982,0.13668970000071567,20,160.8770269845121
1082.5316421999996,0.13654250000035972,20,161.05046088552697
1082.668227099999,0.13649449999866192,20,161.10709629864627
1082.8046751999973,0.13636619999670074,20,161.2586737479818
1082.942610099999,0.1378562999998394,20,159.5156155761153
1083.0807844999981,0.1380974999992759,20,159.2370068656949
1083.218240299997,0.13737339999715914,20,160.07635070526575
1083.3560810999988,0.13776359999974375,20,159.6229523296495
1083.4929228999972,0.13676269999996293,20,160.79115545046974
1083.6300555999987,0.13705299999855924,20,160.45057427237032
1083.7667855,0.13665700000274228,20,160.9155224765561
1083.9050012999978,0.13813359999767272,20,159.19539167798777
1084.0424499,0.1373684999998659,20,160.0820607019911
1084.1795733,0.13704210000287276,20,160.46333612122865
1084.3173511999994,0.13769780000075116,20,159.69922943866962
1084.454029299999,0.1365966000012122,20,160.9866757688321
1084.5910810999994,0.13696940000227187,20,160.54850612731934
1084.7282130999993,0.13704530000177328,20,160.45958931269777
1084.8662631999978,0.1379687999979069,20,159.38554626737064
1085.004450299999,0.13810670000020764,20,159.2263992658353
1085.1418870999987,0.1373554999991029,20,160.09721165634883
1085.2796894999992,0.13772140000219224,20,159.6718633064285
1085.4164433999977,0.13666109999758191,20,160.910694820319
1085.552789399997,0.13625889999821084,20,161.38566035546117
1085.6892991999994,0.1364212000007683,20,161.19366018915062
1085.827303799997,0.13791519999722368,20,159.4474906026506
1085.965594199999,0.13820560000021942,20,159.1124567708189
1086.1023595000006,0.1366715000003751,20,160.89845033865618
1086.2389526999978,0.1365129000005254,20,161.08538134810237
1086.3755065999976,0.1364713999973901,20,161.13436629169587
1086.5125563999973,0.13696770000024117,20,160.55049880724638
1086.6499162,0.13729150000290247,20,160.17184279474773
1086.7880336999988,0.13802260000011302,20,159.32341917556974
1086.9262641999994,0.13813160000063363,20,159.19769665608106
1087.0640547999974,0.13770709999880637,20,159.68844421028842
1087.2007381999974,0.13660539999909815,20,160.97630515093238
1087.3372789999994,0.13645890000043437,20,161.14912662677187
1087.4738475999984,0.13648180000018328,20,161.12208774716095
1087.6111285999978,0.13717949999772827,20,160.30261486507945
1087.7492246999973,0.13800780000019586,20,159.34050506919746
1087.8874619999988,0.13814500000080443,20,159.1822545542144
1088.0257060000004,0.13815640000029816,20,159.16911960265716
1088.1624090000005,0.1366137000004528,20,160.96652499307984
1088.2989911000004,0.13648880000255303,20,161.1138243951787
1088.4355284999983,0.13645399999950314,20,161.1549134184419
1088.5728139999992,0.13719760000094539,20,160.28146669743836
1088.7109521999992,0.13804869999876246,20,159.2932968996965
1088.8493495999974,0.13830779999989318,20,158.99488355347265
1088.987353299999,0.13790979999976116,20,159.45373393013466
1089.1238736999985,0.13643779999983963,20,161.1740482149804
1089.260396499998,0.1364441000005172,20,161.16660636434
1089.396917099999,0.13644009999916307,20,161.17133127031488
1089.5342382999988,0.13723259999824222,20,160.24058828442853
1089.672429899998,0.1381017999992764,20,159.23204879035043
1089.8112344,0.13870170000154758,20,158.5433527871298
1089.9500316999984,0.13870459999816376,20,158.5400380074714
1090.0866218999981,0.1365114000000176,20,161.08715136990145
1090.223075599999,0.13635380000050645,20,161.273338590038
1090.3596402000003,0.13647520000085933,20,161.1298796805686
1090.496992999997,0.13726019999739947,20,160.2083674359838
1090.6350936999988,0.1380142000016349,20,159.33311612326492
1090.7733539999972,0.13818199999877834,20,159.1396314694708
1090.9121080000004,0.1386664000019664,20,158.58371281873735
1091.0487140999976,0.13651689999824157,20,161.0806614844261
1091.1852397000002,0.136445600001025,20,161.1648345960207
1091.321769099999,0.1364490999985719,20,161.16070062572894
1091.4594665999975,0.13761689999955706,20,159.79311084315066
1091.5975620999998,0.13801530000273488,20,159.33184621621115
1091.735945299999,0.1382898000010755,20,159.01557855567788
1091.8737685999986,0.1377375000010943,20,159.6531994216919
1092.0101966999973,0.1363476999977138,20,161.28055373056327
1092.1466163000005,0.13633450000270386,20,161.2961690187288
1092.2829590999972,0.13627269999778946,20,161.36931722844497
1092.4194024999997,0.13638940000237199,20,161.23124344808
1092.5574510999977,0.13797019999765325,20,159.38392896360253
1092.695642499999,0.13811559999885503,20,159.21613891336168
1092.8337414999987,0.1380204999986745,20,159.3258433039381
1092.9704404000004,0.13661130000036792,20,160.96935286803344
1093.1069155000005,0.1364039000000048,20,161.2141042559577
1093.2433347000006,0.1363232000003336,20,161.30953906206855
1093.3798682999986,0.13645959999848856,20,161.14829997862788
1093.5176666999978,0.1377238999994006,20,159.66896490453513
1093.6558243,0.13807160000214935,20,159.26687715053407
1093.7934093000003,0.13750040000013541,20,159.928498793446
1093.9301147999977,0.13662359999943874,20,160.95486106068307
1094.0665708999986,0.13636119999864604,20,161.26458666936304
1094.2030364999991,0.1363749000011012,20,161.24838628913704
1094.3399688999998,0.13684850000208826,20,160.6903441044983
1094.4782016999998,0.13813669999944977,20,159.19181908651063
1094.6163715000002,0.13809200000105193,20,159.24334903797822
1094.7544081999986,0.137942599998496,20,159.41581901283402
1094.8913154000002,0.13682100000005448,20,160.72264166693157
1095.0278758999993,0.13646979999975883,20,161.13625546134648
1095.164410399997,0.1364527999976417,20,161.1563306571947
1095.3015382999984,0.1370476999982202,20,160.45677932431977
1095.4397060999981,0.1380911999985983,20,159.24427158097845
1095.5779000000002,0.13810470000316855,20,159.22870514193562
1095.7160459999977,0.13805869999850984,20,159.28175881532533
1095.8531726,0.1370347000010952,20,160.47200129123684
1095.9896145999992,0.1363567000007606,20,161.26990866893476
1096.126166099999,0.13646439999865834,20,161.14263174671345
1096.2633685,0.13711140000305022,20,160.38223338854976
1096.4017370999973,0.13827939999828232,20,159.02753812782785
1096.5396158000003,0.13779210000211606,20,159.58993697884202
1096.6774597999975,0.1377558999993198,20,159.6318746102968
1096.8149620999975,0.13741719999961788,20,160.02532838379148
1096.9515500999987,0.13649470000018482,20,161.10686023332937
1097.0879963999978,0.13635409999915282,20,161.27298376547995
1097.2251751999975,0.13709629999721074,20,160.39989814435106
1097.3633310999976,0.13811340000029304,20,159.2186750559565
1097.5023003999995,0.138893300001655,20,158.32464600710023
1097.6399504,0.1375623000021733,20,159.85653449508033
1097.7772903000005,0.13725630000044475,20,160.21291959238843
1097.9145346000005,0.13715400000000955,20,160.33241870830213
1098.0512366000003,0.136612199999945,20,160.9682924038179
1098.1885062000001,0.1371755000000121,20,160.30728924274422
1098.326827599998,0.13823670000056154,20,159.0766602170818
1098.4649738999979,0.13807599999927334,20,159.26180187458885
1098.6023453999987,0.1373003000007884,20,160.161576889444
1098.7389401999972,0.136518100000103,20,161.0792455762526
1098.8759357999988,0.1369114000008267,20,160.61651955488892
1099.012643099999,0.13661050000155228,20,160.97029551366938
1099.1502954999996,0.13755890000174986,20,159.86048561918034
1099.2886096999973,0.13823359999878448,20,159.08022764156735
1099.4274958999995,0.13882600000215461,20,158.40139855055037
1099.565050199999,0.13745019999987562,20,159.98690838965604
1099.7013143000004,0.13618080000014743,20,161.47821539817798
1099.837862999997,0.13646219999645837,20,161.1452296393486
1099.9744293000003,0.1364744000020437,20,161.13082420725573
1100.1121227999975,0.13759949999803212,20,159.81331731463047
1100.2506321999972,0.13842639999711537,20,158.85866103559906
1100.3886343999984,0.13792370000010123,20,159.43766412519284
1100.5257815000004,0.13704820000202744,20,160.45619391713782
1100.6631290000005,0.13726190000306815,20,160.20638323546785
1100.7998956999982,0.1366715000003751,20,160.89845033865618
1100.9366271,0.13650799999959418,20,161.09116356246793
1101.0745564999997,0.13784920000034617,20,159.52383151635829
1101.2127392000002,0.13810490000105347,20,159.22847455341744
1101.3509166000003,0.13810000000012224,20,159.234124225203
1101.488296899999,0.1372996999998577,20,160.16227679698346
1101.6248618999998,0.13648280000052182,20,161.1209072164106
1101.7614316,0.13648160000229836,20,161.12232385281007
1101.8980115999984,0.13648389999798383,20,161.1196086560015
1102.0359814999974,0.1378791999995883,20,159.48912204005867
1102.1741655999977,0.13810309999826131,20,159.23054989929156
1102.3125473999971,0.13829199999963748,20,159.01304887902154
1102.4499025999976,0.13726949999909266,20,160.19751332718013
1102.5864024999973,0.13641789999746834,20,161.19755952795123
1102.7228202000006,0.1363325000020268,20,161.29853523696173
1102.8593810999992,0.13648130000001402,20,161.12267801902343
1102.997510699999,0.13803220000045258,20,159.31233839240338
1103.1353309000006,0.13774180000109482,20,159.64821539536447
1103.2733775999986,0.13796609999917564,20,159.38866544499984
1103.410525299998,0.13709390000076382,20,160.4027061408092
1103.5469462999972,0.13636379999661585,20,161.26151189733443
1103.6835133999994,0.13647230000060517,20,161.13330364786472
1103.8200996999985,0.13649480000094627,20,161.10674220093037
1103.9584479000005,0.13826820000031148,20,159.04041967329047
1104.0962371999995,0.13770819999990636,20,159.6871686329133
1104.2343142999998,0.13798640000095475,20,159.36521682838196
1104.3718272999977,0.13742619999902672,20,160.014848374442
1104.508495099999,0.13658500000019558,20,161.00034817504493
1104.645012699999,0.13643969999975525,20,161.1718037752901
1104.7816445999997,0.13654220000171335,20,161.0508147315926
1104.919839099999,0.13809519999995246,20,159.2396589854504
1105.0580362,0.13810390000071493,20,159.22962751527047
1105.1955710000002,0.13743600000088918,20,160.00343836678692
1105.3328808000006,0.1372281000003568,20,160.2458429101826
1105.4701118999983,0.1371804999980668,20,160.30144631219375
1105.6068379999997,0.13662750000003143,20,160.95026664115895
1105.7435078999988,0.13657679999960237,20,161.01001455286712
1105.8815852999978,0.1379884999987553,20,159.36279150594694
1106.0198213000003,0.13813760000266484,20,159.1907819094568
1106.157298799997,0.13738829999783775,20,160.0589901459301
1106.2940118000006,0.13661380000121426,20,160.96640716622
1106.4306136999985,0.13651480000044103,20,161.0831393771881
1106.5665936000005,0.135881000001973,20,161.83449161546278
1106.7030338999975,0.13634369999999763,20,161.28528531586267
1106.8408552999972,0.13773159999982454,20,159.6600384773575
1106.9790543999989,0.13812079999843263,20,159.2101447122341
1107.1157595999975,0.13661059999867575,20,160.97017768557612
1107.2523610999997,0.1365012000023853,20,161.09918854292658
1107.3894409999994,0.1369948999999906,20,160.51862190141028
1107.526111199997,0.13659029999689665,20,160.99410101610158
1107.662733699999,0.13654220000171335,20,161.0508147315926
1107.8009705999975,0.13815649999742163,20,159.16900439668345
1107.9390357999982,0.13798419999875478,20,159.36775772674298
1108.0757000999984,0.13657450000027893,20,161.01272606141768
1108.2122457999976,0.1364566999982344,20,161.15172472882995
1108.3493548999977,0.13701649999711663,20,160.49331690696204
1108.4860665999986,0.13662159999876167,20,160.9572172754478
1108.6230864999998,0.13693469999998342,20,160.5891899972955
1108.7614465999977,0.1382750999982818,20,159.03248347528407
1108.8996731999978,0.13813999999911175,20,159.18801618402634
1109.0367651999986,0.13699559999804478,20,160.51780170920705
1109.1733196999994,0.13647040000068955,20,161.1355470153886
1109.3098831999996,0.13646689999950468,20,161.1396796996181
1109.4464144999984,0.13645270000051823,20,161.15644875796875
1109.5842400999973,0.13774559999728808,20,159.6438111703963
1109.7225488999975,0.13820429999759654,20,159.113953443579
1109.860828599998,0.1381954999997106,20,159.12408548444813
1109.9974433999996,0.1365369000013743,20,161.0570662970864
1110.1338977999985,0.13636380000025383,20,161.2615118930322
1110.2703409999995,0.13634490000185906,20,161.2838658081099
1110.4067756999975,0.13634049999745912,20,161.28907078916257
1110.5445796999993,0.13770070000100532,20,159.69586614562928
1110.682707,0.13802720000239788,20,159.31810943884958
1110.8207342999995,0.1379345999994257,20,159.42506489025638
1110.9573767000002,0.13654710000264458,20,161.04503541337826
1111.0939663999998,0.136483500002214,20,161.12008085346054
1111.230459399998,0.13639379999949597,20,161.22604220720638
1111.3669354999984,0.1363749000011012,20,161.24838628913704
1111.5051415999988,0.13811409999834723,20,159.21786809444617
1111.6433438999993,0.13811340000029304,20,159.2186750559565
1111.7807904000001,0.13733690000299248,20,160.1188941576579
1111.918046499999,0.13715120000051684,20,160.33569196213472
1112.0552709000003,0.13713410000127624,20,160.35568509448305
1112.1919247000005,0.13657270000112476,20,161.01484817492
1112.328589599998,0.13657079999757116,20,161.0170882495459
1112.4667010999983,0.13802940000095987,20,159.31557012757483
1112.6056733999976,0.13889650000055553,20,158.32099840839797
1112.7432025999988,0.13745059999928344,20,159.986442806613
1112.8804079000001,0.13712680000026012,20,160.3642216946526
1113.0176152999993,0.13712820000000647,20,160.36258446854083
1113.1542778000003,0.1365710999998555,20,161.0167345473769
1113.2913826000004,0.13702100000227802,20,160.48804603056763
1113.4294558999973,0.13799250000010943,20,159.35817204197738
1113.5676504999974,0.1381132999995316,20,159.21879033803825
1113.705144399999,0.13740559999860125,20,160.0388379785384
1113.8424022,0.13716399999975692,20,160.32072960513668
1113.9796610999983,0.1371642999984033,20,160.3203789599479
1114.1169066999973,0.13714959999924758,20,160.33756245472566
1114.2544133999982,0.13741160000063246,20,160.03184997059043
1114.3925277999988,0.13803030000053695,20,159.31453134155657
1114.5309070000003,0.1382874000009906,20,159.01833829663784
1114.6678673999995,0.1368670000010752,20,160.6686239586405
1114.8044558999973,0.13648919999832287,20,161.11335223439076
1114.941654899998,0.1371091000000888,20,160.38492379795184
1115.0782839999993,0.13654289999976754,20,161.04998909176118
1115.2158242000005,0.137447200002498,20,159.99040035097366
1115.353927199998,0.13800959999935003,20,159.3384268603312
1115.4921288000005,0.13812240000333986,20,159.2083004276516
1115.6295855999997,0.13737640000181273,20,160.07285498258676
1115.7662466999973,0.13658229999782634,20,161.00353088116077
1115.9033442999971,0.13700539999990724,20,160.50631986428922
1116.0399770000004,0.13654090000272845,20,161.05234808823272
1116.1777713999982,0.13770579999982147,20,159.6899517344114
1116.3162161999971,0.13835499999913736,20,158.94064222946122
1116.4539684999982,0.13766409999880125,20,159.73832361313868
1116.5912167999995,0.13715600000068662,20,160.3300807504587
1116.7278995999986,0.13659259999985807,20,160.99139013052576
1116.865111799998,0.13712110000051325,20,160.37088788988484
1117.0026201,0.13742130000173347,20,160.02055398429943
1117.139504499999,0.1367897999989509,20,160.7593004426401
1117.2777255999972,0.1381249999976717,20,159.20530357205922
1117.4156449999973,0.1378253999973822,20,159.55137845373693
1117.5529050000005,0.13719110000238288,20,160.28906069809227
1117.6901070999993,0.13712089999899035,20,160.37112180332772
1117.8275627000003,0.13737510000282782,20,160.0743697734694
1117.9650526999976,0.13740250000046217,20,160.04244868503872
1118.1024757999985,0.13733209999918472,20,160.12449060089043
1118.240585399999,0.13801859999875887,20,159.32803662490235
1118.3781453999982,0.13746850000097766,20,159.96561070618804
1118.5155225999988,0.13728400000036345,20,160.18059318975102
1118.6522306999977,0.13661909999791533,20,160.96016264091588
1118.7892567999988,0.1369343000005756,20,160.5896590951103
1118.926621399998,0.13727780000044731,20,160.18782756897582
1119.0644149,0.13770800000202144,20,159.6874005518721
1119.2023037,0.1378011000015249,20,159.57951391735375
1119.3395713999998,0.13718990000052145,20,160.29046274861648
1119.4773160999976,0.13766649999888614,20,159.7355388253346
1119.614524499997,0.13715769999907934,20,160.32809354245228
1119.7517224000003,0.1371534000027168,20,160.333120105549
1119.8893537999975,0.1375631999981124,20,159.855488646831
1120.0274656000001,0.13801390000298852,20,159.33346246315648
1120.1649813000004,0.1374210000030871,20,160.02090331918703
1120.3022810999973,0.13722469999993336,20,160.24981330278496
1120.4400629999982,0.13770680000016,20,159.68879209664627
1120.5768815999982,0.1367346999977599,20,160.8240816404341
1120.713316999998,0.13636100000076112,20,161.2648231928283
1120.850435799999,0.13703290000194102,20,160.474109175304
1120.9887839000003,0.1382569000015792,20,159.05341834851515
1121.1258312999998,0.13695240000015474,20,160.56843513144094
1121.2622551999993,0.13634040000033565,20,161.2891890845697
1121.4000742999997,0.13773740000033285,20,159.65331533386617
1121.5367284999993,0.1365676000023086,20,161.02086113505888
1121.6731962999984,0.13637929999822518,20,161.24318394218315
1121.8097507999992,0.13647280000077444,20,161.13271329814594
1121.9477912999973,0.13796039999942877,20,159.39525077928923
1122.0847727,0.13689240000167047,20,160.63881234642434
1122.2213888000006,0.13654410000162898,20,161.04857372275814
1122.3594398999994,0.13797250000061467,20,159.38127203190516
1122.4961272,0.13658919999943464,20,160.99539755420648
1122.6333137000001,0.13708890000270912,20,160.40855645559512
1122.7703399999991,0.1369306000015058,20,160.59399838515407
1122.9085266999973,0.13810929999817745,20,159.2234017246499
1123.0461528999986,0.13754550000157906,20,159.87605959677012
1123.1829714999985,0.13673909999852185,20,160.8189066313711
1123.3206623999977,0.13760909999837168,20,159.80216828523848
1123.4577710999984,0.13702199999897857,20,160.4868747769258
1123.595154999999,0.13731380000172067,20,160.14583061021136
1123.732583699999,0.1373782000009669,20,160.07075762650283
1123.8705501999975,0.1379129999986617,20,159.45003412102844
1124.008412799998,0.13775469999745837,20,159.63326518750887
1124.1452995,0.13679510000292794,20,160.75307196711964
1124.2827958999987,0.13740410000173142,20,160.04058507164564
1124.4201764999998,0.1372921000001952,20,160.17114280784352
1124.5575482999993,0.13728080000146292,20,160.1843269800705
1124.6954229999974,0.13778610000008484,20,159.5968864457769
1124.8335238,0.13801130000138073,20,159.33646415402217
1124.971469,0.13785400000051595,20,159.5182769846192
1125.108956699998,0.13739319999876898,20,160.05328179063468
1125.245699199997,0.136650099997496,20,160.92364773917438
1125.3823011999993,0.13651079999908688,20,161.08785939037125
1125.5188314999978,0.13645249999899534,20,161.15668496862943
1125.6564383999976,0.13753489999726298,20,159.8883814650508
1125.7944828,0.13799049999943236,20,159.36048174048548
1125.9313832999978,0.13681960000030813,20,160.7242862533619
1126.0679538999975,0.1364776999980677,20,161.12692810496767
1126.2054037999987,0.1373609000002034,20,160.0909178338773
1126.3421009999984,0.13660909999816795,20,160.97194517652855
1126.4792769999985,0.1370941999994102,20,160.40235513693946
1126.6171818000003,0.13782280000305036,20,159.55438835253165
1126.755424699997,0.1381409999994503,20,159.18686382469727
1126.8928560999993,0.1373450999999477,20,160.1093344831987
1127.0302295000001,0.13728900000205613,20,160.17475948685373
1127.1674741999996,0.1371547000017017,20,160.33160041359983
1127.304748399998,0.13717189999806578,20,160.31149642040444
1127.4420911999987,0.13726079999833019,20,160.207667125556
1127.5799761999988,0.13780530000076396,20,159.57465028847287
1127.7181515999982,0.13809580000088317,20,159.23896711832919
1127.8555498999995,0.137320699999691,20,160.1377837104638
1127.992231799999,0.13657700000112527,20,161.00977877196615
1128.128597699997,0.13627119999728166,20,161.37109349560774
1128.2651676999994,0.13647970000238274,20,161.12456691461134
1128.4028216000006,0.1375573000004806,20,159.86234504052615
1128.5412087999975,0.13830619999862392,20,158.9967228926743
1128.678849,0.13754980000157957,20,159.8710616465271
1128.8168791999997,0.13793880000230274,20,159.42021066699795
1128.9543238000006,0.13734840000324766,20,160.10548761398044
1129.0909398999975,0.13652949999959674,20,161.0657957114393
1129.2274737999978,0.13645379999798024,20,161.15514962460185
1129.3646649000002,0.13710760000321898,20,160.38667845548838
1129.5028982000003,0.1381390000024112,20,159.18916855584712
1129.640399699998,0.13742099999944912,20,160.02090332342328
1129.7783526999992,0.13787159999992582,20,159.4979136786099
1129.914955799999,0.13652169999841135,20,161.0749980096636
1130.0514951999976,0.1364568999997573,20,161.1514885327097
1130.1880727999996,0.13648409999950672,20,161.11937255401529
1130.3255546,0.1373940000012226,20,160.05234985024325
1130.4636279000006,0.1379843000031542,20,159.3676422246395
1130.6015879000006,0.13787150000280235,20,159.4980293612025
1130.7397987000004,0.13812240000333986,20,159.2083004276516
1130.8769259,0.1370335999999952,20,160.4732894379245
1131.0134411,0.1364391000024625,20,161.17251253579883
1131.1500274999999,0.13649620000069262,20,161.10508977838515
1131.2873146999991,0.13717829999950482,20,160.30401714848034
1131.4255305000006,0.13813620000291849,20,159.19239529576896
1131.563347899999,0.1377372999995714,20,159.65343124620875
1131.7016040999988,0.13817930000004708,20,159.1427410293185
1131.838347099998,0.13666169999851263,20,160.90998835635247
1131.9747511999994,0.13632159999906435,20,161.31143234579798
1132.1113389999991,0.13649390000136918,20,161.10780449015974
1132.2487304999995,0.13730280000163475,20,160.15866067740922
1132.3869401999982,0.13814039999851957,20,159.1875552391311
1132.5247861999997,0.13774109999940265,20,159.64902672924325
1132.6626964999996,0.13781860000017332,20,159.55925075056885
1132.7993315999993,0.13653830000112066,20,161.05541489339996
1132.9357404000002,0.136327700001857,20,161.3042144422627
1133.0722024999995,0.13637350000135484,20,161.25004165253168
1133.2099897999979,0.13769200000024284,20,159.70595644976626
1133.3480958999971,0.13801699999748962,20,159.32988368041603
1133.4863296000003,0.13814140000249608,20,159.18640288228335
1133.6244100000004,0.13800020000053337,20,159.3492803302822
1133.7610853000006,0.13659630000256584,20,160.9870293346667
1133.8976072000005,0.13644490000297083,20,161.1656614138103
1134.0340655999971,0.1363683999989007,20,161.25607219632457
1134.170696699999,0.13653709999925923,20,161.0568303826528
1134.308437599997,0.13766109999778564,20,159.741804735497
1134.446639599999,0.13812010000037844,20,159.2109515954575
1134.5846147999982,0.1378828999986581,20,159.48484225189642
1134.7219910999993,0.13728450000053272,20,160.1800098003392
1134.8587152999971,0.13662839999960852,20,160.94920642840734
1134.9958258000006,0.1370024000025296,20,160.50983453657724
1135.1332385999995,0.13731650000045192,20,160.14268172759742
1135.2713387000003,0.13800590000028023,20,159.34269879385843
1135.4097743999992,0.13834919999862905,20,158.94730548306686
1135.546651499997,0.13678709999658167,20,160.76247362557976
1135.6831994999993,0.1364638000013656,20,161.14334025067413
1135.8197220000002,0.1364430000030552,20,161.16790568242857
1135.9562554000004,0.13645069999984116,20,161.1588108785488
1136.0936073999983,0.1372635999978229,20,160.2043990968384
1136.2317282000004,0.1380306000028213,20,159.3141850797615
1136.3699586000002,0.13813740000114194,20,159.19101239301025
1136.5074251999977,0.13737219999893568,20,160.07774903284925
1136.6446641000002,0.1371504000017012,20,160.33662720084837
1136.7813671000004,0.13661320000028354,20,160.9671141256801
1136.918475999999,0.13701679999940097,20,160.4929655021584
1137.0559888999996,0.1374314000022423,20,160.00879387942794
1137.1942834000001,0.13820330000089598,20,159.1151047433559
1137.3323517999997,0.13798080000196933,20,159.37168472139706
1137.4695986000006,0.13715680000314023,20,160.32914558386116
1137.6068025999994,0.13712200000009034,20,160.36983529634568
1137.7442682,0.13738740000189864,20,160.06003865868416
1137.8810687000005,0.13671610000164947,20,160.84596148701354
1138.0187076000002,0.13755570000284933,20,159.8642045009003
1138.1569253999987,0.13812379999944824,20,159.20668672312698
1138.2951452999987,0.13812870000037947,20,159.20103899811977
1138.4325409999983,0.13731449999977485,20,160.14501422323247
1138.5691490999998,0.13652980000188109,20,161.06544179524926
1138.706270999999,0.13703979999991134,20,160.46602925233566
1138.8430136999996,0.1366612999991048,20,160.91045933021306
1138.980759099999,0.13764520000040648,20,159.76025720806146
1139.1192109999974,0.13836710000032326,20,158.92674310199914
1139.2573556999996,0.1380659000024025,20,159.27345242480112
1139.394005099999,0.1365607000007003,20,161.02899703507106
1139.530621599999,0.13647889999992913,20,161.12551138330846
1139.6671817999995,0.1364778999995906,20,161.12669198152938
1139.803710199998,0.13644790000034845,20,161.16211796197553
1139.9412694999992,0.13747720000174013,20,159.95548756624123
1140.0794468999993,0.1381002999987686,20,159.2337783170354
1140.2174367999978,0.13790209999933722,20,159.46263730302647
1140.3541000000005,0.13655980000112322,20,161.03005829928813
1140.4906276999973,0.13641849999839906,20,161.19685054283744
1140.6271014999984,0.13636760000008508,20,161.25701820305028
1140.763563299999,0.13635190000059083,20,161.27558585853748
1140.9012430000002,0.1375904000014998,20,159.82388709735778
1141.0395577999989,0.13822309999886784,20,159.0923120353987
1141.1771145999992,0.13746570000148495,20,159.96886899992109
1141.3145963999996,0.1373916000011377,20,160.05514569550036
1141.4519865000002,0.1372834000030707,20,160.1812932592588
1141.5885944000001,0.13651120000213268,20,161.08738737317123
1141.7258464000006,0.13716240000212565,20,160.32259974438483
1141.863670499999,0.13773520000177086,20,159.65586542319807
1142.0022112000006,0.13837470000362373,20,158.918014311461
1142.1393699999971,0.13706989999991492,20,160.43079155623263
1142.2759651999986,0.1365120999980718,20,161.08632535746364
1142.4125166999984,0.13647219999984372,20,161.13342171918663
1142.5490594999974,0.1364592999998422,20,161.14865425475165
1142.6856455999987,0.1364952000003541,20,161.1062700773577
1142.8236017999989,0.13786560000153258,20,159.5048551290209
1142.9620020000002,0.13831090000167023,20,158.99131995565386
1143.0995696999998,0.1374682000023313,20,159.96595980122729
1143.2362012999984,0.13654440000027535,20,161.04821988653987
1143.3727599999984,0.13646739999967394,20,161.1390893031782
1143.5093361,0.1364848000011989,20,161.1185462068072
1143.6458748999976,0.13645919999908074,20,161.14877234857113
1143.7839644999985,0.13800460000129533,20,159.3441997970618
1143.9222883000002,0.138234600002761,20,159.0790768380766
1144.0601626999996,0.1377799000001687,20,159.6040681949477
1144.1974236999995,0.13716030000068713,20,160.32505437367692
1144.3346686000004,0.13715530000263243,20,160.33089902539632
1144.471295899999,0.13653680000061286,20,161.05718425670804
1144.6080373000004,0.13664520000020275,20,160.92941834391087
1144.7463782999985,0.13825449999785633,20,159.05617940725952
1144.885424,0.13895440000123926,20,158.25502866641057
1145.023145199997,0.13762629999837372,20,159.7821968314185
1145.160391999998,0.13715550000051735,20,160.33066523352727
1145.297763399998,0.13727759999892442,20,160.18806094870757
1145.4350185000003,0.13716240000212565,20,160.32259974438483
1145.572197999998,0.13708860000042478,20,160.40890749086256
1145.7105635999978,0.1382778999977745,20,159.0292632146852
1145.8488287999971,0.13818559999708668,20,159.13548557869714
1145.9862751,0.1373676000002888,20,160.08310952126826
1146.122969,0.13659929999994347,20,160.98349373334344
1146.2601092000004,0.13704130000041914,20,160.46427285389692
1146.3973611000001,0.1371571000017866,20,160.32879490185746
1146.5348008,0.1373479000030784,20,160.1060704606851
1146.6730835999988,0.13819689999945695,20,159.12247348244722
1146.8121236999978,0.13894739999886951,20,158.26300136381764
1146.949593199999,0.1373782000009669,20,160.07075762650283
1147.0861925999998,0.1365046999999322,20,161.0950579396235
1147.2226923999988,0.13640590000068187,20,161.2117405142305
1147.359132499998,0.1363433000005898,20,161.28575848923174
1147.4964349000002,0.13721720000103232,20,160.2585722151054
1147.6349996999998,0.13847399999940535,20,158.8040538701448
1147.7730687000003,0.137990200000786,20,159.36082819935578
1147.9104563999972,0.13730930000019725,20,160.15107902733763
1148.0476677000006,0.13712910000322154,20,160.3615319797431
1148.1848890999972,0.13713449999704608,20,160.35521736684552
1148.3215691999976,0.13658529999884195,20,160.99999455070528
1148.4592570999994,0.13760439999896334,20,159.8076264689622
1148.5976096999984,0.13820299999861163,20,159.11545014030747
1148.7359823999977,0.13828009999997448,20,159.0267330984289
1148.8728693999983,0.1368016999986139,20,160.74531643790104
1149.0094305999992,0.13647150000178954,20,161.13424821469425
1149.1465849999986,0.13706439999805298,20,160.4372291844737
1149.2832715999975,0.13658500000019558,20,161.00034817504493
1149.4212229000004,0.13786720000280184,20,159.5030040145379
1149.5594211999996,0.13811419999910868,20,159.21775281369995
1149.697611399999,0.13811150000037742,20,159.2208654272809
1149.8350247999988,0.13733230000070762,20,160.12425740635447
1149.9715569999971,0.1364527999976417,20,161.1563306571947
1150.1080330999976,0.13639259999763453,20,161.22746069729135
1150.2445092999988,0.13638849999915692,20,161.2323073840971
1150.382039199998,0.1374398999978439,20,159.99889810648125
1150.5201147999978,0.13799629999994067,20,159.35378380093854
1150.6583506999996,0.1381507000005513,20,159.17568680746638
1150.7958837999977,0.13743519999843556,20,160.00436973766776
1150.9331346,0.13715770000271732,20,160.3280935381997
1151.0703572999992,0.13713949999873876,20,160.3493709377841
1151.2075992999999,0.13714990000153193,20,160.33721173164818
1151.3454949999978,0.13780290000067907,20,159.57742946927556
1151.4835456,0.13796800000272924,20,159.38647045028554
1151.6217537999983,0.1381239000002097,20,159.20657145857174
1151.7592011999986,0.13737209999817424,20,160.07786556231045
1151.8958669999993,0.13658639999994193,20,160.9986979342698
1152.0329373999994,0.1369869000009203,20,160.52799614687441
1152.1701343999994,0.1371188000011898,20,160.37357791440112
1152.3081996999972,0.13795059999756631,20,159.4065742077812
1152.4463316999972,0.13804199999867706,20,159.30102835173895
1152.5842650999984,0.13787059999958728,20,159.49907054575687
1152.7209521000004,0.13659499999994296,20,160.9885614812342
1152.8574706,0.13643489999958547,20,161.17747405969303
1152.9940238999989,0.13646549999975832,20,161.1413328318069
1153.1311902999987,0.13707150000118418,20,160.4289188878069
1153.2692515999988,0.13797859999976936,20,159.37422582601042
1153.4074484999983,0.13811799999893992,20,159.2133723025875
1153.5457002000003,0.1381481000025815,20,159.17868255234114
1153.6827713999992,0.13698250000015832,20,160.53315245009094
1153.819314299999,0.13646240000161924,20,161.14499345797134
1153.955863199997,0.13646249999874271,20,161.1448753739863
1154.0929977999986,0.1370573999993212,20,160.44542327250414
1154.231112399997,0.1380234999996901,20,159.32238028719294
1154.3693117999974,0.13811619999978575,20,159.21544725060576
1154.5075961999974,0.1382008999971731,20,159.1178679442016
1154.6442577999987,0.13657709999824874,20,161.00966088606341
1154.7807882999987,0.13644959999874118,20,161.16011007524298
1154.9172980999974,0.13642799999797717,20,161.1856257941629
1155.0543545999972,0.13697309999770368,20,160.54416929958262
1155.192422199998,0.13797409999824595,20,159.3794237889543
1155.3308242999992,0.13828640000065207,20,159.01948821732512
1155.4686638999992,0.1377576000013505,20,159.62990466808668
1155.605084499999,0.13632900000084192,20,161.30267628592742
1155.7416859999976,0.1364830999991682,20,161.12055306227674
1155.8781218999975,0.13635140000042156,20,161.2761772556205
1156.0147432999984,0.13654250000035972,20,161.05046088552697
1156.1528839999992,0.13795219999883557,20,159.40472537375712
1156.2916761999986,0.1386757000000216,20,158.57307773111347
1156.4301850999982,0.13842189999922994,20,158.86382541810462
1156.5668057999974,0.13653359999807435,20,161.06095903008597
1156.703377599999,0.13647839999975986,20,161.1261016802563
1156.8399580999976,0.13648990000001504,20,161.11252594893526
1156.9766352999977,0.13658559999748832,20,160.99964092791907
1157.1147431999998,0.13800560000163387,20,159.34304517541065
1157.252962399998,0.1381254000007175,20,159.20484252285078
1157.3911552999998,0.13811400000122376,20,159.21798337116553
1157.5285363000003,0.13730000000214204,20,160.16192684032723
1157.665158599997,0.1365401999973983,20,161.0531737608339
1157.801719199997,0.13647589999891352,20,161.12905322987476
1157.9383624000002,0.1365633000023081,20,161.02593123590552
1158.0766215000003,0.13817160000326112,20,159.15160970127715
1158.2146928999973,0.13799079999807873,20,159.3601352831216
1158.3524063000004,0.13762510000015027,20,159.78359002461025
1158.4896754999972,0.1371746999975585,20,160.3082241543914
1158.626901399999,0.13714669999899343,20,160.34095283139436
1158.763564599998,0.1365710999998555,20,161.0167345473769
1158.9004991000002,0.13684480000301846,20,160.69468883753675
1159.0391192999996,0.13853350000135833,20,158.73584768524856
1159.1767548999997,0.13754640000115614,20,159.8750134887948
1159.3141447999988,0.1372945000002801,20,160.1683429086754
1159.4514810999972,0.13725439999689115,20,160.2151374092057
1159.588818799999,0.13725590000103693,20,160.21338649452497
1159.7261875000004,0.1372780000019702,20,160.18759418992406
1159.8638022999985,0.1375329000002239,20,159.89070655446224
1160.0019986999978,0.13811429999987013,20,159.21763753312058
1160.1402008999976,0.13812049999978626,20,159.2104905177293
1160.2769023,0.1366109000009601,20,160.96982418947135
1160.4139886999983,0.13700519999838434,20,160.50655417297537
1160.5513184999982,0.13722910000069533,20,160.24467518484474
1160.6879717999982,0.13657189999867114,20,161.01579135776808
1160.8252165999984,0.13714360000085435,20,160.34457718320803
1160.9634184999995,0.13811940000232426,20,159.21175848685957
1161.101394899997,0.1378941999973904,20,159.47177296750812
1161.2379645,0.1364729000015359,20,161.13259522786223
1161.3745261000004,0.13645870000254945,20,161.14936281167238
1161.5118401,0.1372183000021323,20,160.25728751324192
1161.6495880000002,0.13763120000294293,20,159.77650819763096
1161.7876077,0.13788950000162004,20,159.47720860008658
1161.9258470999994,0.13813560000198777,20,159.19308675825465
1162.0638880000006,0.1379378000019642,20,159.4213664072275
1162.200535099997,0.13654359999782173,20,161.04916346039514
1162.3370302000003,0.13637240000025486,20,161.2513423205788
1162.4735394999989,0.136389399998734,20,161.2312434523806
1162.6108028999988,0.13714579999941634,20,160.34200504582412
1162.7487533999993,0.13782949999949778,20,159.54663229279748
1162.8870328999983,0.13816030000089086,20,159.16462656333408
1163.0253102999995,0.1381600000022445,20,159.1649721711259
1163.162454199999,0.13702159999957075,20,160.48734327718321
1163.2989474999995,0.13637659999949392,20,161.24637625224273
1163.4353211999987,0.13625329999922542,20,161.39229329230935
1163.5718968,0.13645259999975679,20,161.15656686321253
1163.7094746999974,0.13744880000012927,20,159.988537953764
1163.8476209999972,0.13805299999876297,20,159.28833531844325
1163.9854658999975,0.13772289999906207,20,159.67012425435246
1164.1227316999975,0.13705259999915143,20,160.45104256071141
1164.2598577999997,0.1370229999993171,20,160.4857035361187
1164.3971015999996,0.13713260000076843,20,160.35743911656874
1164.5344664999975,0.13725029999841354,20,160.2199234229301
1164.6728401,0.1382545000014943,20,159.0561794030742
1164.8110426999992,0.13809699999910663,20,159.23758340631773
1164.9485649999988,0.13740310000139289,20,160.04174982440045
1165.0859696999978,0.1372927999982494,20,160.17032616277325
1165.2225515999999,0.13646570000128122,20,161.14109666614794
1165.359042,0.13636609999957727,20,161.25879199880447
1165.4963271999986,0.13717439999891212,20,160.3085747464133
1165.634795599999,0.138353599999391,20,158.9422505494385
1165.773836299999,0.1389277000016591,20,158.28544311362953
1165.911591699998,0.1376373999992211,20,159.76931092598704
1166.0491164999985,0.1374218999990262,20,160.01985531909997
1166.1863565999993,0.13713690000076895,20,160.35241102428813
1166.3229777999986,0.13651580000077956,20,161.08195941711088
1166.4604432999986,0.1373438000009628,20,160.1108499645841
1166.5989446999993,0.13839509999888833,20,158.89458915595014
1166.7373181999974,0.13826869999684277,20,159.0398445636802
1166.8746256999984,0.13720509999984642,20,160.27270528241743
1167.0113394,0.1366081000014674,20,160.97312352110737
1167.148003899998,0.13655519999883836,20,161.03548276233394
1167.2846293000002,0.13650280000001658,20,161.0973002423198
1167.4218737999981,0.13712680000026012,20,160.3642216946526
1167.5603379999993,0.13835889999973006,20,158.9361620796559
1167.7025477999996,0.142105700000684,20,154.74560524605386
1167.8399871999973,0.13733789999969304,20,160.11772828599496
1167.9772290999972,0.13713689999713097,20,160.35241102854198
1168.1147136,0.1373825000009674,20,160.06574749597038
1168.2515236,0.136693300002662,20,160.87279007158185
1168.3891998,0.13757339999938267,20,159.84363660139735
1168.5274127999983,0.13810530000046128,20,159.22801337419023
1168.6662714999984,0.13875379999808501,20,158.48382210666296
1168.8038591000004,0.137482900001487,20,159.9488558597626
1168.9411043,0.13713790000110748,20,160.35124174529733
1169.0787348999984,0.1375092999987828,20,159.91814775956718
1169.2158853,0.1370390000010957,20,160.46696601218758
1169.3538477000002,0.13785680000000866,20,159.51503702043436
1169.4923419000006,0.1383698000026925,20,158.92364197311912
1169.6306310999971,0.13816429999860702,20,159.1600185846974
1169.767401099998,0.13666200000079698,20,160.90963512455372
1169.9040153999995,0.1364973000017926,20,161.10379146863127
1170.0405721999996,0.1364553999992495,20,161.15326000759916
1170.177265299997,0.1365756999985024,20,161.0113113515884
1170.3152563000003,0.1378688000004331,20,159.50115294722895
1170.4534791000005,0.13810540000122273,20,159.22789807875222
1170.5917124999978,0.1381163000005472,20,159.21533197336504
1170.7290226999976,0.13719459999992978,20,160.28497153336397
1170.865168799999,0.13601510000080452,20,161.6749357636757
1171.001483699998,0.13620019999871147,20,161.45521486552911
1171.137988999999,0.13637150000067777,20,161.25240651756934
1171.275673799999,0.13755400000081863,20,159.8661802302305
1171.4140926999971,0.13827159999709693,20,159.03650898652864
1171.5521535999978,0.1379051999974763,20,159.45905271101037
1171.6900647000002,0.1377691000016057,20,159.61657988085648
1171.8274418999972,0.1372479999990901,20,160.22260838530096
1171.9640321999977,0.13649090000035358,20,161.11134555829756
1172.101141799998,0.13700279999829945,20,160.50936590925843
1172.2392512000006,0.13801540000349632,20,159.3317307703555
1172.3775394999975,0.1381818999980169,20,159.13974663711812
1172.515099799999,0.13747739999962505,20,159.9552548679272
1172.6523223000004,0.13712930000110646,20,160.36129809852866
1172.7896685999985,0.13725279999925988,20,160.21700508578752
1172.9263520999993,0.13660259999960545,20,160.9796047482516
1173.063704199998,0.13726239999959944,20,160.20579966242883
1173.2021386999986,0.13834119999955874,20,158.95649709262418
1173.3403001000006,0.13807530000121915,20,159.26260928149955
1173.4777654999998,0.13737100000071223,20,160.07914738486278
1173.615026899999,0.13716550000026473,20,160.3189763860268
1173.7521683999985,0.13704760000109673,20,160.45689640200942
1173.8895114999978,0.1372559999981604,20,160.21326977192055
1174.0273013000005,0.1377025000001595,20,159.6937786568474
1174.1655318999983,0.13813740000114194,20,159.19101239301025
1174.3037380999995,0.13812360000156332,20,159.20691724854484
1174.4411645,0.13734720000138623,20,160.1068864548972
1174.5778575000004,0.1366007000033278,20,160.98184383377452
1174.714373499999,0.1364188000006834,20,161.19649605046985
1174.8509126999998,0.13645130000077188,20,161.15810223424478
1174.9886098999996,0.13760439999896334,20,159.8076264689622
1175.1269188999977,0.13821699999971315,20,159.09933333501405
1175.2643575000002,0.13734420000037062,20,160.11038365988998
1175.4016386999974,0.13718410000001313,20,160.29723966201547
1175.5389190999995,0.13718100000187405,20,160.30086203788852
1175.6755971999992,0.13658230000146432,20,161.00353087687233
1175.8121269000003,0.13643420000153128,20,161.17830100717555
1175.9496901999992,0.1374647000011464,20,159.97003270902718
1176.0879155000002,0.1381364000008034,20,159.19216481240358
1176.226005299999,0.13788969999950496,20,159.47697729126213
1176.3634093999972,0.13731759999791393,20,160.1413988873536
1176.5007315999974,0.137238499999512,20,160.23369940357986
1176.6380446000003,0.13722380000035628,20,160.2508643213707
1176.7749371999998,0.13685430000259657,20,160.68353391236354
1176.9124410000004,0.1374708000003011,20,159.96293435021718
1177.0504282999973,0.1379557999971439,20,159.40056565925653
1177.1884161999988,0.13795770000069751,20,159.39837033676855
1177.3251161999979,0.13663029999952414,20,160.94696824640354
1177.4617302000006,0.13653600000179722,20,161.05812793131878
1177.5983018999978,0.13647560000026715,20,161.12940742137755
1177.7348404000004,0.13644720000229427,20,161.1629447518912
1177.8722727999993,0.13733800000045449,20,160.11761169849007
1178.0104489999976,0.13808659999995143,20,159.24957639284142
1178.147965,0.13741080000181682,20,160.03278166802934
1178.2853882999989,0.1373131000000285,20,160.1466470097568
1178.4228642999988,0.1373937999996997,20,160.05258283538316
1178.5599680999985,0.137011300001177,20,160.49940811692971
1178.6972934999976,0.13724720000027446,20,160.22354230524212
1178.8352444999982,0.13789230000111274,20,159.47397030394407
1178.9733218999972,0.1380180999985896,20,159.32861382488758
1179.1107373999985,0.1373697999988508,20,160.08054576554647
1179.2481883,0.13738500000181375,20,160.06283477257114
1179.3855331999985,0.13728919999994105,20,160.1745261501228
1179.5227539999978,0.13716669999848818,20,160.3175738408985
1179.660328599999,0.1374973999991198,20,159.93198820967356
1179.7985069999995,0.13812909999978729,20,159.20057797780385
1179.9365646000006,0.13800520000222605,20,159.34350702122308
1180.0732647000004,0.13662010000189184,20,160.95898447750727
1180.209852699998,0.1364962999978161,20,161.10497175287415
1180.3464251000005,0.13648660000035306,20,161.11642135904268
1180.4829452999984,0.13643629999933182,20,161.17582018588672
1180.620712699998,0.13768449999770382,20,159.71465601347091
1180.7589096999982,0.13814170000114245,20,159.18605718141688
1180.8977214000006,0.1387687000024016,20,158.46680523157906
1181.0350149999977,0.13724249999722815,20,160.22902931645902
1181.171680899999,0.13662309999926947,20,160.95545010790696
1181.3082015,0.1364422000006016,20,161.16885065927582
1181.4446177999998,0.1363619000003382,20,161.2637588319425
1181.5816959999975,0.1369961999989755,20,160.51709869094506
1181.7196350999984,0.13788639999984298,20,159.48079401264403
1181.858153199999,0.13847579999855952,20,158.80198963103118
1181.9965714999998,0.1383748000007472,20,158.91789946869847
1182.133739099998,0.13712719999966794,20,160.36375391296002
1182.2709006999976,0.1370822999997472,20,160.41627953105947
1182.4079404000004,0.13699320000159787,20,160.52061383531088
1182.5451093999982,0.13711909999983618,20,160.37322703800035
1182.6832585999982,0.13806900000054156,20,159.26987633309247
1182.8212901999977,0.13798659999883967,20,159.36498584431325
1182.9594402000002,0.138071299999865,20,159.26722320671638
1183.0960154999993,0.13648680000187596,20,161.11618526639757
1183.2330024999974,0.13693489999786834,20,160.58895545154903
1183.3695752999993,0.13649789999908535,20,161.10308331239787
1183.5067769999987,0.13714410000102362,20,160.34399259870364
1183.6452643999983,0.1384074999987206,20,158.88035370715656
1183.7833140999974,0.13796039999942877,20,159.39525077928923
1183.9211523999984,0.13778520000050776,20,159.59792891717663
1184.057576299998,0.1363770999996632,20,161.24578507369867
1184.1939891000002,0.13635830000202986,20,161.26801635978632
1184.330421999999,0.13637519999974757,20,161.24803157436764
1184.4682667999987,0.13778309999906924,20,159.60036140621418
1184.6065249999992,0.13817679999920074,20,159.14562036208102
1184.7445774999978,0.13799419999850215,20,159.3562088534061
1184.8822526999975,0.13759849999769358,20,159.8144787616769
1185.0194570999993,0.13715500000034808,20,160.3312497208574
1185.155995699999,0.1364648999988276,20,161.14204132864143
1185.2925789999972,0.13650809999671765,20,161.09104555736076
1185.4304926000004,0.13786500000060187,20,159.50554930855546
1185.5693706999991,0.13882269999885466,20,158.4051639659899
1185.7076806000005,0.13824080000267713,20,159.07194225651287
1185.8449847999982,0.13726079999833019,20,160.207667125556
1185.981488399997,0.13645969999925,20,161.1481818855007
1186.117836999998,0.13630840000041644,20,161.3270536185064
1186.2544664999987,0.13659330000155023,20,160.9905650955825
1186.3926777999986,0.13815619999877526,20,159.16935002348748
1186.5307644999993,0.13803579999876092,20,159.30818349817505
1186.6689974999972,0.13817089999793097,20,159.15241599967354
1186.805923099997,0.13685519999853568,20,160.68247721500748
1186.9423865999997,0.136388300001272,20,161.23254381288507
1187.0788323999986,0.13637889999881736,20,161.24365686855293
1187.2153777999993,0.13649810000060825,20,161.10284725884102
1187.353624899999,0.13818040000114706,20,159.1414741550716
1187.492575199998,0.13887160000012955,20,158.34938573113212
1187.631211,0.13857560000178637,20,158.6876228949146
1187.7685700000002,0.13729670000248007,20,160.16577641795308
1187.905095099999,0.13647259999925154,20,161.1329494392325
1188.0416417999986,0.13645220000034897,20,161.15703928162216
1188.178377199998,0.1366600000001199,20,160.91199001537174
1188.3163819999972,0.13793119999900227,20,159.42899471387958
1188.4550286999984,0.1385984999978973,20,158.66140366492866
1188.593901799999,0.13881889999902342,20,158.40950011615638
1188.7313837999973,0.13740340000003926,20,160.0414003984888
1188.8678604999986,0.13640849999865168,20,161.2086677570486
1189.0042735999996,0.13633839999965858,20,161.29155509801396
1189.1406317,0.1362877000028675,20,161.35155670729878
1189.2780980999996,0.137400700001308,20,160.04454529933736
1189.4162976999978,0.1381264999981795,20,159.2035746638757
1189.5545009999987,0.13810620000003837,20,159.22697572964785
1189.6919089999974,0.13733119999960763,20,160.1255399762241
1189.8291150999976,0.1371233999998367,20,160.36819795560925
1189.9663923999979,0.13720280000052298,20,160.2753920141293
1190.103554899997,0.1370772999980545,20,160.42213084027844
1190.2413801000002,0.1377597999999125,20,159.6273554079925
1190.3795544999994,0.1380728000003728,20,159.265492953432
1190.5176004999994,0.13800040000205627,20,159.3490493882071
1190.6549739999973,0.13729079999757232,20,160.17265946377213
1190.7922429999999,0.13721090000035474,20,160.26593044330403
1190.9289073,0.13658109999960288,20,161.0049454542681
1191.0654609999983,0.13647969999874476,20,161.12456691890625
1191.2031902999988,0.13766369999939343,20,159.738787753176
1191.3410044999982,0.13772299999982351,20,159.67000831776957
1191.4790238999994,0.13791960000162362,20,159.44240380091824
1191.6168951,0.13736900000003516,20,160.08147803008228
1191.754315099999,0.1373316999997769,20,160.12495698775828
1191.8920526000002,0.13765390000116895,20,159.75016004147548
1192.028677899998,0.13654479999968316,20,161.0477481059039
1192.1668170999983,0.13805149999825517,20,159.2900660680828
1192.3046049000004,0.13770740000109072,20,159.68809632122765
1192.4422355999995,0.13754220000191708,20,159.8798954445508
1192.579955199999,0.13762789999964298,20,159.78033927406466
1192.717236299999,0.13719320000018342,20,160.28660717506844
1192.8551243999973,0.1378028999970411,20,159.5774294734884
1192.992736799999,0.13752260000183014,20,159.90268185176367
1193.1308199999985,0.13799490000019432,20,159.35540049298223
1193.268931999999,0.13801600000078906,20,159.33103810713453
1193.4053939000005,0.13637690000177827,20,161.24602154201526
1193.542499799998,0.137013499999739,20,160.49683100980482
1193.680404499999,0.13781549999839626,20,159.56283985310722
1193.8178174999994,0.13731670000197482,20,160.14244848007377
1193.9557754999987,0.13787740000043414,20,159.4912041817641
1194.0935709999976,0.13771429999906104,20,159.68009535443986
1194.2317554,0.13809780000156024,20,159.2366609408083
1194.3684083999979,0.13657649999731802,20,161.0103682255134
1194.5054902999982,0.13700389999939944,20,160.50807718332393
1194.6439852999974,0.13840889999846695,20,158.87874663958436
1194.7815841999982,0.1374961000001349,20,159.93350033563445
1194.9192081,0.13751130000309786,20,159.91582186354577
1195.0569481999992,0.13764069999888306,20,159.7654803826081
1195.1951436999989,0.13809860000037588,20,159.23573849018126
1195.3323429999982,0.13710419999915757,20,160.3906558344319
1195.4686860999973,0.1362602999979572,20,161.38400220643635
1195.605211799997,0.136449999998149,20,161.15963763882965
1195.743297699999,0.13800130000163335,20,159.34801016555443
1195.8826391999974,0.1392552999968757,20,157.91307444681365
1196.0207693999982,0.13805649999994785,20,159.28429704887716
1196.1645408999975,0.14370939999935217,20,153.01874863870512
1196.3044663999972,0.13983019999795943,20,157.26382824197424
1196.444045799999,0.13950200000181212,20,157.63381568174182
1196.5836678999985,0.1395550999986881,20,157.57383682664928
1196.7227929999972,0.13905179999710526,20,158.14417760847243
1196.8603675999984,0.13749449999886565,20,159.93536145592313
1197.0021562999973,0.14172419999886188,20,155.16215689131843
1197.1423189999987,0.14009340000120574,20,156.9683693545216
1197.2797401999997,0.1373447000005399,20,160.1098007817816
1197.4170784999988,0.1372570999992604,20,160.21198579627935
1197.554204,0.13706260000253678,20,160.4393361508756
1197.6914039999974,0.13713889999780804,20,160.35007248761278
1197.830482199999,0.1390209999990475,20,158.17921433215605
1197.9684772,0.1379164000027231,20,159.4461032559276
1198.1062903999991,0.1377609000010125,20,159.6260808063709
1198.2429244999985,0.13654479999968316,20,161.0477481059039
1198.3808261999984,0.13783569999941392,20,159.53945571149927
1198.5180077000005,0.13713150000330643,20,160.35872542041605
1198.6554364999974,0.1373673999987659,20,160.08334259596936
1198.7951605999988,0.13964560000022175,20,157.4717180883972
1198.9342222999985,0.13898889999836683,20,158.21574640693171
1199.0737181000004,0.13942170000154874,20,157.72460495945558
1199.2111197999984,0.13731410000036703,20,160.14548072966446
1199.3476487999978,0.1364419999990787,20,161.16908690629342
1199.4851245999998,0.13740450000113924,20,160.04011917613815
1199.6238296999982,0.13861769999857643,20,158.63942740173755
1199.7617888999994,0.1378714000020409,20,159.49814504817155
1199.9000672000002,0.13820699999996577,20,159.11084500441692
1200.0378834000003,0.13772760000210837,20,159.66467545490784
